METER_NO,CATEGORY,STREET,SUBURB,MAX_STAY_HRS,RESTRICTIONS,OPERATIONAL_DAY,OPERATIONAL_TIME,TAR_ZONE,TAR_RATE_WEEKDAY,TAR_RATE_AH_WE,LOC_DESC,VEH_BAYS,MC_BAYS,MC_RATE,LONGITUDE,LATITUDE,MOBILE_ZONE,MAX_CAP_CHG,ObjectId,geo_shape,geo_point_2d,VEH_BAYS_INT
4006,TICKETLESS METER MULTISPACE,FORTESCUE ST,SPRING HILL,12,NONE,MON-FRI,7AM-7PM,"Zone 1, 15 min free",4.5,,Fortescue St between York Pde & Laisby Drive in Spring Hill,6,0,,153.023612,-27.458958,4000294,18.25,1,"{""coordinates"": [153.02361199999999, -27.458958], ""type"": ""Point""}","-27.458958, 153.02361199999999",6
4007,TICKETLESS METER MULTISPACE,ST PAULS TCE,SPRING HILL,3,"CLEARWAY 7AM-9AM,4PM-7PM MON-FRI TOWAWAY",MON-FRI,9AM-4PM,"Zone 1, 15 min free",6.85,,St Pauls Tce between Gloucester St & Boundary St in Spring Hill,4,0,,153.027436,-27.460389,4000316,,2,"{""coordinates"": [153.027436, -27.460389000000006], ""type"": ""Point""}","-27.460389000000006, 153.027436",4
4008,PAY BY MOBILE APP ONLY,GREGORY TCE,SPRING HILL,12,NONE,MON-FRI,7AM-7PM,"Zone 1, 15 min free",4.5,,Gregory Tce between Kalinga Ave & Pool Entry in Spring Hill,16,0,,153.022179,-27.458441,4000263,18.25,3,"{""coordinates"": [153.022179, -27.458441000000015], ""type"": ""Point""}","-27.458441000000015, 153.022179",16
4009,TICKETLESS METER MULTISPACE,GREGORY TCE,SPRING HILL,12,NONE,MON-FRI,7AM-7PM,"Zone 1, 15 min free",4.5,,Gregory Tce between Kalinga Ave & Pool Entry in Spring Hill,14,0,,153.024164,-27.457185,4000263,18.25,4,"{""coordinates"": [153.024164, -27.45718500000001], ""type"": ""Point""}","-27.45718500000001, 153.024164",14
4010,TICKETLESS METER MULTISPACE,GREGORY TCE,SPRING HILL,12,NONE,MON-FRI,7AM-7PM,"Zone 1, 15 min free",4.5,,Gregory Tce between Pool Entry & Brunswick Tce in Spring Hill,11,0,,153.02688,-27.453861,4000431,18.25,5,"{""coordinates"": [153.02688, -27.453860999999996], ""type"": ""Point""}","-27.453860999999996, 153.02688",11
4012,PAY BY MOBILE APP ONLY,WARRY ST,FORTITUDE VALLEY,12,NONE,MON-FRI,7AM-7PM,"Zone 1, 15 min free",4.5,,Warry St between Gregory Tce & Water St in Fortitude Valley,20,0,,153.028,-27.454064,4000336,18.25,6,"{""coordinates"": [153.028, -27.45406400000001], ""type"": ""Point""}","-27.45406400000001, 153.028",20
4013,PAY BY MOBILE APP ONLY,WARRY ST,FORTITUDE VALLEY,3,NONE,MON-FRI,8AM-5PM,"Zone 1, 15 min free",6.85,,Warry St between Gregory Tce & Water St in Fortitude Valley,5,0,,153.028634,-27.454581,4000337,,7,"{""coordinates"": [153.028634, -27.454580999999994], ""type"": ""Point""}","-27.454580999999994, 153.028634",5
4014,TICKETLESS METER MULTISPACE,WARRY ST,FORTITUDE VALLEY,12,NONE,MON-FRI,7AM-7PM,"Zone 1, 15 min free",4.5,,Warry St between Water St & Bathgate St in Fortitude Valley,6,0,,153.028709,-27.454737,4000336,18.25,8,"{""coordinates"": [153.028709, -27.454737], ""type"": ""Point""}","-27.454737, 153.028709",6
4015,PAY BY MOBILE APP ONLY,WARRY ST,FORTITUDE VALLEY,3,NONE,MON-FRI,8AM-5PM,"Zone 1, 15 min free",6.85,,Warry St between Bathgate St & Gregory Tce in Fortitude Valley,5,0,,153.027535,-27.453823,4000335,,9,"{""coordinates"": [153.027535, -27.453823], ""type"": ""Point""}","-27.453823, 153.027535",5
4016,TICKETLESS METER MULTISPACE,GREGORY TCE,SPRING HILL,12,NONE,MON-FRI,7AM-7PM,"Zone 1, 15 min free",4.5,,Gregory Tce between Warry St & Kennigo St in Spring Hill,8,0,,153.027167,-27.453902,4000431,18.25,10,"{""coordinates"": [153.027167, -27.453902000000006], ""type"": ""Point""}","-27.453902000000006, 153.027167",8
4017,PAY BY MOBILE APP ONLY,KENNIGO ST,SPRING HILL,12,NONE,MON-FRI,7AM-7PM,"Zone 1, 15 min free",4.5,,Kennigo St between Gregory Tce & Bathgate St in Spring Hill,4,0,,153.027193,-27.454255,4000433,18.25,11,"{""coordinates"": [153.027193, -27.454255000000003], ""type"": ""Point""}","-27.454255000000003, 153.027193",4
4018,PAY BY MOBILE APP ONLY,KENNIGO ST,SPRING HILL,12,NONE,MON-FRI,7AM-7PM,"Zone 1, 15 min free",4.5,,Kennigo St between Bathgate St & Water St in Spring Hill,6,0,,153.027826,-27.454772,4000433,18.25,12,"{""coordinates"": [153.027826, -27.454772000000013], ""type"": ""Point""}","-27.454772000000013, 153.027826",6
4019,PAY BY MOBILE APP ONLY,KENNIGO ST,SPRING HILL,12,NONE,MON-FRI,7AM-7PM,"Zone 1, 15 min free",4.5,,Kennigo St between Gregory Tce & Water St in Spring Hill,5,0,,153.028589,-27.455312,4000433,18.25,13,"{""coordinates"": [153.02858899999998, -27.45531200000001], ""type"": ""Point""}","-27.45531200000001, 153.02858899999998",5
4020,PAY BY MOBILE APP ONLY,KENNIGO ST,SPRING HILL,4,NONE,MON-FRI,8AM-5PM,"Zone 1, 15 min free",4.5,,Kennigo St between Water St & Gregory Tce in Spring Hill,5,0,,153.028385,-27.455341,4000432,,14,"{""coordinates"": [153.028385, -27.455340999999997], ""type"": ""Point""}","-27.455340999999997, 153.028385",5
4021,PAY BY MOBILE APP ONLY,KENNIGO ST,SPRING HILL,12,NONE,MON-FRI,7AM-7PM,"Zone 1, 15 min free",4.5,,Kennigo St between Water St & Gregory Tce in Spring Hill,4,0,,153.027192,-27.454386,4000433,18.25,15,"{""coordinates"": [153.027192, -27.45438600000001], ""type"": ""Point""}","-27.45438600000001, 153.027192",4
4022,TICKETLESS METER MULTISPACE,GREGORY TCE,SPRING HILL,12,NONE,MON-FRI,7AM-7PM,"Zone 1, 15 min free",4.5,,Gregory Tce between Kennigo St & Hill St in Spring Hill,4,0,,153.026936,-27.454435,4000431,18.25,16,"{""coordinates"": [153.02693600000003, -27.454435], ""type"": ""Point""}","-27.454435, 153.02693600000003",4
4023,TICKETLESS METER MULTISPACE,GREGORY TCE,SPRING HILL,12,NONE,MON-FRI,7AM-7PM,"Zone 1, 15 min free",4.5,,Gregory Tce between Hill St & Park St in Spring Hill,4,0,,153.026854,-27.454979,4000431,18.25,17,"{""coordinates"": [153.026854, -27.454979000000016], ""type"": ""Point""}","-27.454979000000016, 153.026854",4
4024,PAY BY MOBILE APP ONLY,GREGORY TCE,SPRING HILL,12,NONE,MON-FRI,7AM-7PM,"Zone 1, 15 min free",4.5,,Gregory Tce between Hill St & Park St in Spring Hill,4,0,,153.026621,-27.455031,4000431,18.25,18,"{""coordinates"": [153.026621, -27.455031000000016], ""type"": ""Point""}","-27.455031000000016, 153.026621",4
4025,TICKETLESS METER MULTISPACE,WATER ST,SPRING HILL,12,NONE,MON-FRI,7AM-7PM,"Zone 1, 15 min free",4.5,,Water St between Warry St & Kennigo St in Spring Hill,7,0,,153.028841,-27.455278,4000436,18.25,19,"{""coordinates"": [153.02884099999997, -27.455278000000003], ""type"": ""Point""}","-27.455278000000003, 153.02884099999997",7
4026,TICKETLESS METER MULTISPACE,WARRY ST,FORTITUDE VALLEY,4,NONE,MON-FRI,8AM-5PM,"Zone 1, 15 min free",4.5,,Warry St between Water St & St Pauls Tce in Fortitude Valley,10,0,,153.029587,-27.455149,4000390,,20,"{""coordinates"": [153.029587, -27.455149], ""type"": ""Point""}","-27.455149, 153.029587",10
4027,TICKETLESS METER MULTISPACE,WARRY ST,FORTITUDE VALLEY,4,NONE,MON-FRI,8AM-5PM,"Zone 1, 15 min free",4.5,,Warry St between Water St & St Pauls Tce in Fortitude Valley,8,0,,153.030457,-27.455822,4000390,,21,"{""coordinates"": [153.030457, -27.455822000000015], ""type"": ""Point""}","-27.455822000000015, 153.030457",8
4028,TICKETLESS METER MULTISPACE,WARRY ST,FORTITUDE VALLEY,3,NONE,MON-FRI,8AM-5PM,"Zone 1, 15 min free",6.85,,Warry St between St Pauls Tce & Water St in Fortitude Valley,4,0,,153.030928,-27.456305,4000340,,22,"{""coordinates"": [153.030928, -27.456305000000018], ""type"": ""Point""}","-27.456305000000018, 153.030928",4
4029,TICKETLESS METER MULTISPACE,WARRY ST,FORTITUDE VALLEY,12,NONE,MON-FRI,7AM-7PM,"Zone 1, 15 min free",4.5,,Warry St between St Pauls Tce & Water St in Fortitude Valley,15,0,,153.030306,-27.455844,4000338,18.25,23,"{""coordinates"": [153.030306, -27.455844], ""type"": ""Point""}","-27.455844, 153.030306",15
4030,TICKETLESS METER MULTISPACE,WARRY ST,FORTITUDE VALLEY,12,NONE,MON-FRI,7AM-7PM,"Zone 1, 15 min free",4.5,,Warry St between St Pauls Tce & Water St in Fortitude Valley,5,0,,153.029733,-27.455355,4000338,18.25,24,"{""coordinates"": [153.02973300000002, -27.455355], ""type"": ""Point""}","-27.455355, 153.02973300000002",5
4031,PAY BY MOBILE APP ONLY,KENNIGO ST,SPRING HILL,12,NONE,MON-FRI,7AM-7PM,"Zone 1, 15 min free",4.5,,Kennigo St between Water St & St Pauls Tce in Spring Hill,8,0,,153.029291,-27.455901,4000433,18.25,25,"{""coordinates"": [153.029291, -27.455901000000022], ""type"": ""Point""}","-27.455901000000022, 153.029291",8
4032,PAY BY MOBILE APP ONLY,KENNIGO ST,SPRING HILL,4,NONE,MON-FRI,8AM-5PM,"Zone 1, 15 min free",4.5,,Kennigo St between Water St & St Pauls Tce in Spring Hill,10,0,,153.029711,-27.456235,4000432,,26,"{""coordinates"": [153.029711, -27.456234999999996], ""type"": ""Point""}","-27.456234999999996, 153.029711",10
4033,PAY BY MOBILE APP ONLY,KENNIGO ST,SPRING HILL,4,NONE,MON-FRI,8AM-5PM,"Zone 1, 15 min free",4.5,,Kennigo St between St Pauls Tce & Water St in Spring Hill,9,0,,153.030089,-27.456641,4000432,,27,"{""coordinates"": [153.030089, -27.456641000000023], ""type"": ""Point""}","-27.456641000000023, 153.030089",9
4034,PAY BY MOBILE APP ONLY,KENNIGO ST,SPRING HILL,4,NONE,MON-FRI,8AM-5PM,"Zone 1, 15 min free",4.5,,Kennigo St between St Pauls Tce & Water St in Spring Hill,9,0,,153.029092,-27.455848,4000432,,28,"{""coordinates"": [153.029092, -27.455847999999992], ""type"": ""Point""}","-27.455847999999992, 153.029092",9
4035,TICKETLESS METER MULTISPACE,WATER ST,SPRING HILL,12,NONE,MON-FRI,7AM-7PM,"Zone 1, 15 min free",4.5,,Water St between Kennigo St & Grenier St in Spring Hill,5,0,,153.028761,-27.455819,4000436,18.25,29,"{""coordinates"": [153.028761, -27.455819], ""type"": ""Point""}","-27.455819, 153.028761",5
4036,TICKETLESS METER MULTISPACE,ST PAULS TCE,FORTITUDE VALLEY,4,"CLEARWAY 7AM-9AM,4PM-7PM MON-FRI TOWAWAY",MON-FRI,9AM-4PM,"Zone 1, 15 min free",4.5,,St Pauls Tce between Gipps St & Gotha St in Fortitude Valley,5,0,,153.03031,-27.457463,4000342,,30,"{""coordinates"": [153.03031, -27.45746299999999], ""type"": ""Point""}","-27.45746299999999, 153.03031",5
4038,TICKETLESS METER MULTISPACE,LOVE ST,SPRING HILL,12,NONE,MON-FRI,7AM-7PM,"Zone 1, 15 min free",4.5,,Love St between Water St & St Pauls Tce in Spring Hill,33,0,,153.029343,-27.457188,4000330,18.25,31,"{""coordinates"": [153.029343, -27.457188000000023], ""type"": ""Point""}","-27.457188000000023, 153.029343",33
4039,PAY BY MOBILE APP ONLY,LOVE ST,SPRING HILL,3,"30MIN FREE PARKING 6AM-10AM,3PM-5PM MON-FRI",MON-FRI,10AM-3PM,"Zone 1, 15 min free",6.85,,Love St between St Pauls Tce & Water St in Spring Hill,8,0,,153.029556,-27.457537,4000325,,32,"{""coordinates"": [153.02955599999999, -27.457537000000002], ""type"": ""Point""}","-27.457537000000002, 153.02955599999999",8
4041,Hybrid,LOVE ST,SPRING HILL,12,NONE,MON-FRI,7AM-7PM,"Zone 1, 15 min free",4.5,,Love St between St Pauls Tce & Water St in Spring Hill,16,0,,153.028372,-27.456616,4000330,18.25,33,"{""coordinates"": [153.028372, -27.456616], ""type"": ""Point""}","-27.456616, 153.028372",16
4043,TICKETLESS METER MULTISPACE,WATER ST,SPRING HILL,12,NONE,MON-FRI,7AM-7PM,"Zone 1, 15 min free",4.5,,Water St between Love St & Quarry St in Spring Hill,12,0,,153.027907,-27.456888,4000436,18.25,34,"{""coordinates"": [153.02790700000003, -27.456888000000006], ""type"": ""Point""}","-27.456888000000006, 153.02790700000003",12
4044,PAY BY MOBILE APP ONLY,WATER ST,SPRING HILL,12,NONE,MON-FRI,7AM-7PM,"Zone 1, 15 min free",4.5,,Water St between Hipwood St & Royal Ave in Spring Hill,2,0,,153.026935,-27.457637,4000300,18.25,35,"{""coordinates"": [153.026935, -27.45763699999999], ""type"": ""Point""}","-27.45763699999999, 153.026935",2
4045,PAY BY MOBILE APP ONLY,ROYAL AVE,SPRING HILL,12,NONE,MON-FRI,7AM-7PM,"Zone 1, 15 min free",4.5,,Royal Ave between Water St & Kinross St in Spring Hill,7,0,,153.027272,-27.45728,4000300,18.25,36,"{""coordinates"": [153.027272, -27.457280000000004], ""type"": ""Point""}","-27.457280000000004, 153.027272",7
4046,PAY BY MOBILE APP ONLY,KINROSS ST,SPRING HILL,12,NONE,MON-FRI,7AM-7PM,"Zone 1, 15 min free",4.5,,Water St between Royal Ave & Kinross St in Spring Hill,9,0,,153.027804,-27.456701,4000434,18.25,37,"{""coordinates"": [153.027804, -27.456701000000006], ""type"": ""Point""}","-27.456701000000006, 153.027804",9
4049,TICKETLESS METER MULTISPACE,GREGORY TCE,SPRING HILL,12,NONE,MON-FRI,7AM-7PM,"Zone 1, 15 min free",4.5,,Gregory Tce between Kinross St & Rogers St in Spring Hill,4,0,,153.02649,-27.455734,4000431,18.25,38,"{""coordinates"": [153.02649, -27.455734], ""type"": ""Point""}","-27.455734, 153.02649",4
4050,PAY BY MOBILE APP ONLY,GREGORY TCE,SPRING HILL,12,NONE,MON-FRI,7AM-7PM,"Zone 1, 15 min free",4.5,,Gregory Tce between Kinross St & Rogers St in Spring Hill,5,0,,153.02558199999999,-27.456287,4000431,18.25,39,"{""coordinates"": [153.02558199999999, -27.45628700000002], ""type"": ""Point""}","-27.45628700000002, 153.02558199999999",5
4051,PAY BY MOBILE APP ONLY,ROGERS ST,SPRING HILL,12,NONE,MON-FRI,7AM-7PM,"Zone 1, 15 min free",4.5,,Rogers St between Gregory Tce & Water St in Spring Hill,16,0,,153.025823,-27.456932,4000855,18.25,40,"{""coordinates"": [153.025823, -27.456932000000002], ""type"": ""Point""}","-27.456932000000002, 153.025823",16
4053,TICKETLESS METER MULTISPACE,ROGERS ST,SPRING HILL,12,NONE,MON-FRI,7AM-7PM,"Zone 1, 15 min free",4.5,,Rogers St between Water St & Gregory Tce in Spring Hill,12,0,,153.026407,-27.458128,4000299,18.25,41,"{""coordinates"": [153.026407, -27.458128], ""type"": ""Point""}","-27.458128, 153.026407",12
4054,PAY BY MOBILE APP ONLY,ROGERS ST,SPRING HILL,3,"2MIN PASSENGER LOADING ZONE 7AM-9AM,2PM-4PM",MON-FRI,9AM-2PM,"Zone 1, 15 min free",6.85,,Rogers St between Water St & Gregory Tce in Spring Hill,18,0,,153.025505,-27.456801,4000301,,42,"{""coordinates"": [153.025505, -27.45680099999999], ""type"": ""Point""}","-27.45680099999999, 153.025505",18
4055,Hybrid,QUARRY ST,SPRING HILL,12,NONE,MON-FRI,7AM-7PM,"Zone 1, 15 min free",4.5,,Quarry St between Water St & St Pauls Tce in Spring Hill,11,0,,153.027601,-27.457567,4000329,18.25,43,"{""coordinates"": [153.02760099999998, -27.457566999999994], ""type"": ""Point""}","-27.457566999999994, 153.02760099999998",11
4056,TICKETLESS METER MULTISPACE,QUARRY ST,SPRING HILL,12,NONE,MON-FRI,7AM-7PM,"Zone 1, 15 min free",4.5,,Quarry St between Water St & St Pauls Tce in Spring Hill,12,0,,153.028421,-27.458189,4000329,18.25,44,"{""coordinates"": [153.02842099999998, -27.458188999999987], ""type"": ""Point""}","-27.458188999999987, 153.02842099999998",12
4057,PAY BY MOBILE APP ONLY,QUARRY ST,SPRING HILL,3,NONE,MON-FRI,7AM-7PM,"Zone 1, 15 min free",6.85,,Quarry St between St Pauls Tce & Water St in Spring Hill,4,0,,153.028661,-27.458594,4000324,,45,"{""coordinates"": [153.02866099999997, -27.45859400000001], ""type"": ""Point""}","-27.45859400000001, 153.02866099999997",4
4058,PAY BY MOBILE APP ONLY,QUARRY ST,SPRING HILL,3,LOADING ZONE 7AM-9AM & 2PM-4PM SCHOOL DAYS ONLY,MON-FRI,9AM-2PM & 4PM-7PM,"Zone 1, 15 min free",6.85,,Quarry St between St Pauls Tce & Water St in Spring Hill,25,0,,153.027999,-27.458044,4000323,,46,"{""coordinates"": [153.027999, -27.458043999999997], ""type"": ""Point""}","-27.458043999999997, 153.027999",25
4059,PAY BY MOBILE APP ONLY,ROGERS ST,SPRING HILL,12,NONE,MON-FRI,7AM-7PM,"Zone 1, 15 min free",4.5,,Rogers St between Water St & St Pauls Tce in Spring Hill,20,0,,153.026816,-27.4586,4000299,18.25,47,"{""coordinates"": [153.026816, -27.458600000000008], ""type"": ""Point""}","-27.458600000000008, 153.026816",20
4060,TICKETLESS METER MULTISPACE,ROGERS ST,SPRING HILL,12,NONE,MON-FRI,7AM-7PM,"Zone 1, 15 min free",4.5,,Rogers St between Water St & St Pauls Tce in Spring Hill,8,0,,153.027518,-27.459911,4000318,18.25,48,"{""coordinates"": [153.027518, -27.459911], ""type"": ""Point""}","-27.459911, 153.027518",8
4061,TICKETLESS METER MULTISPACE,ROGERS ST,SPRING HILL,4,NONE,MON-FRI,8AM-5PM,"Zone 1, 15 min free",4.5,,Rogers St between St Pauls Tce & Water St in Spring Hill,5,0,,153.027165,-27.45955,4000319,,49,"{""coordinates"": [153.027165, -27.459549999999997], ""type"": ""Point""}","-27.459549999999997, 153.027165",5
4062,PAY BY MOBILE APP ONLY,VICTORIA ST,SPRING HILL,3,NONE,MON-FRI,7AM-7PM,"Zone 1, 15 min free",6.85,,Victoria St between Rogers St & Water St in Spring Hill,4,0,,153.026444,-27.45882,4000898,,50,"{""coordinates"": [153.026444, -27.458819999999985], ""type"": ""Point""}","-27.458819999999985, 153.026444",4
4063,PAY BY MOBILE APP ONLY,ROSA ST,SPRING HILL,3,NONE,MON-FRI,7AM-7PM,"Zone 1, 15 min free",6.85,,Rosa St between Boundary St & Isaac St in Spring Hill,12,0,,153.02551,-27.460599,4000899,,51,"{""coordinates"": [153.02551, -27.460599], ""type"": ""Point""}","-27.460599, 153.02551",12
4064,PAY BY MOBILE APP ONLY,ST PAULS TCE,SPRING HILL,3,CLEARWAY 4PM-7PM MON-FRI TOWAWAY,MON-FRI,8AM-4PM,"Zone 1, 15 min free",6.85,,St Pauls Tce between Rogers St & Quarry St in Spring Hill,14,0,,153.028041,-27.459561,4000317,,52,"{""coordinates"": [153.028041, -27.45956099999999], ""type"": ""Point""}","-27.45956099999999, 153.028041",14
4065,TICKETLESS METER MULTISPACE,WATER ST,SPRING HILL,12,NONE,MON-FRI,7AM-7PM,"Zone 1, 15 min free",4.5,,Water St between Boundary St & Isaac St in Spring Hill,7,0,,153.025154,-27.459669,4000290,18.25,53,"{""coordinates"": [153.025154, -27.459669000000012], ""type"": ""Point""}","-27.459669000000012, 153.025154",7
4066,TICKETLESS METER MULTISPACE,WATER ST,SPRING HILL,4,NO STOPPING 7AM-9AM MON-FRI,MON-FRI,9AM-4PM,"Zone 1, 15 min free",4.5,,Water St between Boundary St & Isaac St in Spring Hill,8,0,,153.02467,-27.460331,4000289,,54,"{""coordinates"": [153.02467000000001, -27.460331000000007], ""type"": ""Point""}","-27.460331000000007, 153.02467000000001",8
4067,TICKETLESS METER MULTISPACE,WATER ST,SPRING HILL,4,NO STOPPING 4PM-6PM MON-FRI,MON-FRI,9AM-4PM,"Zone 1, 15 min free",4.5,,Water St between Dickens St & Laisby Drive in Spring Hill,4,0,,153.024827,-27.459797,4000292,,55,"{""coordinates"": [153.024827, -27.45979700000001], ""type"": ""Point""}","-27.45979700000001, 153.024827",4
4068,TICKETLESS METER MULTISPACE,WATER ST,SPRING HILL,12,NONE,MON-FRI,7AM-7PM,"Zone 1, 15 min free",4.5,,Water St between Laisby Drive & Isaac St in Spring Hill,2,0,,153.025384,-27.459214,4000290,18.25,56,"{""coordinates"": [153.025384, -27.459214000000017], ""type"": ""Point""}","-27.459214000000017, 153.025384",2
4069,PAY BY MOBILE APP ONLY,WATER ST,SPRING HILL,3,NONE,MON-FRI,7AM-7PM,"Zone 1, 15 min free",6.85,,Water St between Union St & Victoria St in Spring Hill,7,0,,153.025802,-27.458783,4000435,,57,"{""coordinates"": [153.025802, -27.458782999999993], ""type"": ""Point""}","-27.458782999999993, 153.025802",7
4070,PAY BY MOBILE APP ONLY,VICTORIA ST,SPRING HILL,4,NONE,MON-FRI,8AM-5PM,"Zone 1, 15 min free",4.5,,Victoria St between Gregory Tce & Water St in Spring Hill,6,0,,153.024814,-27.457524,4000331,,58,"{""coordinates"": [153.024814, -27.457524000000003], ""type"": ""Point""}","-27.457524000000003, 153.024814",6
4071,PAY BY MOBILE APP ONLY,VICTORIA ST,SPRING HILL,4,NONE,MON-FRI,8AM-5PM,"Zone 1, 15 min free",4.5,,Victoria St between Gregory Tce & Water St in Spring Hill,7,0,,153.025783,-27.458284,4000298,,59,"{""coordinates"": [153.025783, -27.458284000000006], ""type"": ""Point""}","-27.458284000000006, 153.025783",7
4072,PAY BY MOBILE APP ONLY,UNION ST,SPRING HILL,4,NONE,MON-FRI,8AM-5PM,"Zone 1, 15 min free",4.5,,Union St between York Pde & Water St in Spring Hill,8,0,,153.024848,-27.45839,4000296,,60,"{""coordinates"": [153.024848, -27.45838999999999], ""type"": ""Point""}","-27.45838999999999, 153.024848",8
4073,PAY BY MOBILE APP ONLY,YORK PDE,SPRING HILL,4,NONE,MON-FRI,8AM-5PM,"Zone 1, 15 min free",4.5,,York Pde between Isaac St & Mulgrave St in Spring Hill,5,0,,153.024067,-27.458698,4000296,,61,"{""coordinates"": [153.024067, -27.458697999999988], ""type"": ""Point""}","-27.458697999999988, 153.024067",5
4074,PAY BY MOBILE APP ONLY,MULGRAVE ST,SPRING HILL,12,NONE,MON-FRI,7AM-7PM,"Zone 1, 15 min free",4.5,,Mulgrave St between York Pde & Laisby Drive in Spring Hill,3,0,,153.023959,-27.458909,4000295,18.25,62,"{""coordinates"": [153.023959, -27.45890900000001], ""type"": ""Point""}","-27.45890900000001, 153.023959",3
4075,PAY BY MOBILE APP ONLY,MULGRAVE ST,SPRING HILL,4,NONE,MON-FRI,8AM-5PM,"Zone 1, 15 min free",4.5,,Mulgrave St between York Pde & Laisby Drive in Spring Hill,4,0,,153.024372,-27.459241,4000293,,63,"{""coordinates"": [153.024372, -27.459241], ""type"": ""Point""}","-27.459241, 153.024372",4
4076,PAY BY MOBILE APP ONLY,YORK PDE,SPRING HILL,12,NONE,MON-FRI,7AM-7PM,"Zone 1, 15 min free",4.5,,York Pde between Fortescue St & Union St in Spring Hill,11,0,,153.024308,-27.458506,4000297,18.25,64,"{""coordinates"": [153.024308, -27.458505999999993], ""type"": ""Point""}","-27.458505999999993, 153.024308",11
4077,PAY BY MOBILE APP ONLY,YORK PDE,SPRING HILL,4,NONE,MON-FRI,8AM-5PM,"Zone 1, 15 min free",4.5,,York Pde between Union St & Victoria St in Spring Hill,4,0,,153.024924,-27.458237,4000296,,65,"{""coordinates"": [153.024924, -27.458236999999997], ""type"": ""Point""}","-27.458236999999997, 153.024924",4
4078,TICKETLESS METER MULTISPACE,GREGORY TCE,SPRING HILL,12,NONE,MON-FRI,7AM-7PM,"Zone 1, 15 min free",4.5,,Gregory Tce between Victoria St & Union St in Spring Hill,7,0,,153.024171,-27.45754,4000263,18.25,66,"{""coordinates"": [153.024171, -27.457539999999987], ""type"": ""Point""}","-27.457539999999987, 153.024171",7
4079,PAY BY MOBILE APP ONLY,UNION ST,SPRING HILL,4,NONE,MON-FRI,8AM-5PM,"Zone 1, 15 min free",4.5,,Union St between York Pde & Gregory Tce in Spring Hill,7,0,,153.024122,-27.457897,4000339,,67,"{""coordinates"": [153.024122, -27.457897000000003], ""type"": ""Point""}","-27.457897000000003, 153.024122",7
4080,TICKETLESS METER MULTISPACE,DICKENS ST,SPRING HILL,4,NONE,MON-FRI,8AM-5PM,"Zone 1, 15 min free",4.5,,Dickens St between Fortescue St & Water St in Spring Hill,6,0,,153.024362,-27.459897,4000291,,68,"{""coordinates"": [153.024362, -27.459897000000023], ""type"": ""Point""}","-27.459897000000023, 153.024362",6
4081,PAY BY MOBILE APP ONLY,UNION ST,SPRING HILL,3,NONE,MON-FRI,7AM-7PM,"Zone 1, 15 min free",6.85,,Union St between End & St Pauls Tce in Spring Hill,9,0,,153.027022,-27.46014,4000320,,69,"{""coordinates"": [153.02702200000002, -27.460140000000017], ""type"": ""Point""}","-27.460140000000017, 153.02702200000002",9
4082,PAY BY MOBILE APP ONLY,ISAAC ST,SPRING HILL,3,NONE,MON-FRI,7AM-7PM,"Zone 1, 15 min free",6.85,,Isaac St between St Pauls Tce & Water St in Spring Hill,8,0,,153.026467,-27.460352,4000321,,70,"{""coordinates"": [153.026467, -27.46035199999999], ""type"": ""Point""}","-27.46035199999999, 153.026467",8
4083,PAY BY MOBILE APP ONLY,ISAAC ST,SPRING HILL,3,NONE,MON-FRI,7AM-7PM,"Zone 1, 15 min free",6.85,,Isaac St between St Pauls Tce & Water St in Spring Hill,6,0,,153.025754,-27.459819,4000321,,71,"{""coordinates"": [153.025754, -27.459818999999992], ""type"": ""Point""}","-27.459818999999992, 153.025754",6
4084,TICKETLESS METER MULTISPACE,FORTESCUE ST,SPRING HILL,2,NONE,MON-FRI,7AM-7PM,"Zone 1, 15 min free",6.85,,Fortescue St between Dickens St & Boundary St in Spring Hill,5,0,,153.023628,-27.460454,4000283,,72,"{""coordinates"": [153.02362799999997, -27.46045400000001], ""type"": ""Point""}","-27.46045400000001, 153.02362799999997",5
4085,TICKETLESS METER MULTISPACE,FORTESCUE ST,SPRING HILL,12,NONE,MON-FRI,7AM-7PM,"Zone 1, 15 min free",4.5,,Fortescue St between Wedd St & Reading St in Spring Hill,7,0,,153.02345,-27.458934,4000294,18.25,73,"{""coordinates"": [153.02345, -27.458934000000006], ""type"": ""Point""}","-27.458934000000006, 153.02345",7
4086,TICKETLESS METER MULTISPACE,GREGORY TCE,SPRING HILL,4,NONE,MON-FRI,8AM-5PM,"Zone 1, 15 min free",4.5,,Gregory Tce between Fortescue St & Torrington St in Spring Hill,11,0,,153.022033,-27.458655,4000264,,74,"{""coordinates"": [153.02203299999996, -27.458654999999997], ""type"": ""Point""}","-27.458654999999997, 153.02203299999996",11
4087,TICKETLESS METER MULTISPACE,GREGORY TCE,SPRING HILL,3,NONE,MON-FRI,8AM-5PM,"Zone 1, 15 min free",6.85,,Gregory Tce between Parish St & End in Spring Hill,7,0,,153.020518,-27.459046,4000262,,75,"{""coordinates"": [153.020518, -27.459046000000015], ""type"": ""Point""}","-27.459046000000015, 153.020518",7
4088,TICKETLESS METER MULTISPACE,BRADLEY ST,SPRING HILL,3,NONE,MON-FRI,8AM-5PM,"Zone 1, 15 min free",6.85,,Bradley St between Boundary St & Gregory Tce in Spring Hill,11,0,,153.021033,-27.458888,4000262,,76,"{""coordinates"": [153.021033, -27.458888], ""type"": ""Point""}","-27.458888, 153.021033",11
4089,PAY BY MOBILE APP ONLY,TORRINGTON ST,SPRING HILL,3,NONE,MON-FRI,7AM-7PM,"Zone 1, 15 min free",6.85,,Torrington St between Boundary St & Gregory Tce in Spring Hill,4,0,,153.021475,-27.459864,4000265,,77,"{""coordinates"": [153.02147499999998, -27.459863999999993], ""type"": ""Point""}","-27.459863999999993, 153.02147499999998",4
4090,PAY BY MOBILE APP ONLY,TORRINGTON ST,SPRING HILL,3,NONE,MON-FRI,7AM-7PM,"Zone 1, 15 min free",6.85,,Torrington St between Boundary St & Gregory Tce in Spring Hill,6,0,,153.02161,-27.459163,4000265,,78,"{""coordinates"": [153.02161, -27.45916300000002], ""type"": ""Point""}","-27.45916300000002, 153.02161",6
4091,TICKETLESS METER MULTISPACE,BOUNDARY ST,SPRING HILL,3,NO STOPPING 4PM-6PM MON-FRI,MON-FRI,7AM-4PM,"Zone 1, 15 min free",6.85,,Boundary St between North St & Bradley St in Spring Hill,5,0,,153.021051,-27.460397,4000255,,79,"{""coordinates"": [153.021051, -27.46039699999999], ""type"": ""Point""}","-27.46039699999999, 153.021051",5
4092,TICKETLESS METER MULTISPACE,BOUNDARY ST,SPRING HILL,2,NONE,MON-FRI,8AM-5PM,"Zone 1, 15 min free",6.85,,Boundary St between Parish St & Bradley St in Spring Hill,3,0,,153.020579,-27.460203,4000257,,80,"{""coordinates"": [153.020579, -27.46020300000001], ""type"": ""Point""}","-27.46020300000001, 153.020579",3
4093,TICKETLESS METER MULTISPACE,BOUNDARY ST,SPRING HILL,2,NONE,MON-FRI,8AM-5PM,"Zone 1, 15 min free",6.85,,Boundary St between Bradley St & Torrington St in Spring Hill,3,0,,153.020921,-27.460248,4000257,,81,"{""coordinates"": [153.020921, -27.46024800000001], ""type"": ""Point""}","-27.46024800000001, 153.020921",3
4094,TICKETLESS METER MULTISPACE,BOUNDARY ST,SPRING HILL,3,NO STOPPING 7AM-9AM MON-FRI,MON-FRI,9AM-5:30PM,"Zone 1, 15 min free",6.85,,Boundary St between Rosa St & St Pauls Tce in Spring Hill,11,0,,153.025406,-27.460905,4000332,,82,"{""coordinates"": [153.025406, -27.460904999999986], ""type"": ""Point""}","-27.460904999999986, 153.025406",11
4095,TICKETLESS METER MULTISPACE,BOUNDARY ST,SPRING HILL,4,NO STOPPING 4PM-6PM MON-FRI,MON-FRI,8AM-4PM,"Zone 1, 15 min free",4.5,,Boundary St between Mc Connell St & Phillips St in Spring Hill,9,0,,153.027827,-27.461276,4000308,,83,"{""coordinates"": [153.027827, -27.461276000000005], ""type"": ""Point""}","-27.461276000000005, 153.027827",9
4096,TICKETLESS METER MULTISPACE,BOUNDARY ST,SPRING HILL,4,NO STOPPING 4PM-6PM MON-FRI,MON-FRI,8AM-4PM,"Zone 1, 15 min free",4.5,,Boundary St between Turbot St & Meinst in Spring Hill,6,0,,153.029314,-27.461636,4000308,,84,"{""coordinates"": [153.029314, -27.461636000000002], ""type"": ""Point""}","-27.461636000000002, 153.029314",6
4097,TICKETLESS METER MULTISPACE,BOUNDARY ST,SPRING HILL,4,NO STOPPING 4PM-6PM MON-FRI,MON-FRI,8AM-4PM,"Zone 1, 15 min free",4.5,,Boundary St between Meinst & Bowen St in Spring Hill,18,0,,153.027839,-27.461416,4000308,,85,"{""coordinates"": [153.02783899999997, -27.461415999999996], ""type"": ""Point""}","-27.461415999999996, 153.02783899999997",18
4098,TICKETLESS METER MULTISPACE,BOUNDARY ST,SPRING HILL,3,NO STOPPING 4PM-6PM MON-FRI,MON-FRI,8AM-4PM,"Zone 1, 15 min free",6.85,,Boundary St between Keid Lane & Hope St in Spring Hill,12,0,,153.025578,-27.461084,4000322,,86,"{""coordinates"": [153.025578, -27.461084000000007], ""type"": ""Point""}","-27.461084000000007, 153.025578",12
4100,PAY BY MOBILE APP ONLY,ANN ST,BRISBANE CITY,3,"CLEARWAY 7AM-11AM,2PM-7PM MON-FRI TOWAWAY",7 DAYS,"11AM-2PM,7PM-10PM(MON-FRI) & 7AM-7PM SAT-SUN",Zone 1,6.85,3.7,Ann St between Wharf St & Creek St in CBD,17,0,,153.028082,-27.464645,4000891,,87,"{""coordinates"": [153.028082, -27.46464500000002], ""type"": ""Point""}","-27.46464500000002, 153.028082",17
4101,PAY BY MOBILE APP ONLY,WICKHAM ST,FORTITUDE VALLEY,3,"CLEARWAY 7AM-9AM,4PM-7PM MON-FRI TOWAWAY",7 DAYS,"9AM-4PM (MON-FRI),7AM-7PM(SAT,SUN)","Zone 1, 15 min free",6.85,3.7,Wickham St between Light St and Knapp St in Fortitude Valley,9,0,,153.039623,-27.451453,4000882,,88,"{""coordinates"": [153.039623, -27.45145300000002], ""type"": ""Point""}","-27.45145300000002, 153.039623",9
4102,PAY BY MOBILE APP ONLY,GEORGE ST,BRISBANE CITY,3,"C/WAY 7AM-9AM, 4PM-7PM & LZ 9AM-4PM MON-FRI",7 DAYS,"7PM-10PM(MON-FRI),7AM-7PM(SAT,SUN)",Zone 1,,3.7,George St between Ann St & Turbot St in CBD,6,0,,153.02189,-27.46917,4000864,,89,"{""coordinates"": [153.02189, -27.469169999999995], ""type"": ""Point""}","-27.469169999999995, 153.02189",6
4103,PAY BY MOBILE APP ONLY,ANN ST,BRISBANE CITY,3,"C/WAY 7-11AM & 2-7PM, LOAD ZONE 11AM-2PM MON-FRI",7 DAYS,"7PM-10PM MON-FRI, 7AM-7PM SAT-SUN",Zone 1,,3.7,Ann St between Creek and Edward Sts Brisbane,10,0,,153.026154,-27.466197,4000860,,90,"{""coordinates"": [153.026154, -27.466196999999998], ""type"": ""Point""}","-27.466196999999998, 153.026154",10
4105,PAY BY MOBILE APP ONLY,ANN ST,BRISBANE CITY,3,C/WAY & N/S 7AM-7PM MON-FRI TOWAWAY,7 DAYS,"7PM-10PM MON-FRI, 7AM-7PM SAT-SUN",Zone 1,,3.7,Ann St between Edward and Albert Street Brisbane,16,0,,153.02436,-27.46757,4000860,,91,"{""coordinates"": [153.02436, -27.467570000000006], ""type"": ""Point""}","-27.467570000000006, 153.02436",16
4106,PAY BY MOBILE APP ONLY,ANN ST,BRISBANE CITY,3,C/WAY & LZ 7AM-7PM MON-FRI TOWAWAY,7 DAYS,"7PM-10PM MON-FRI, 7AM-7PM SAT-SUN",Zone 1,,3.7,Ann St between Albert and George Street Brisbane,12,0,,153.02285,-27.46879,4000860,,92,"{""coordinates"": [153.02285, -27.468789999999995], ""type"": ""Point""}","-27.468789999999995, 153.02285",12
4107,PAY BY MOBILE APP ONLY,ANN ST,BRISBANE CITY,3,"C/W 7-11AM,2-7PM & LZ 11AM-2PM MON-SAT TOWAWAY",MON-FRI,7PM-10PM MON-FRI,Zone 1,,3.7,Ann St between Wharf St & Hutton Lane in Brisbane City,7,0,,153.02862,-27.46443,4000890,,93,"{""coordinates"": [153.02862, -27.464430000000007], ""type"": ""Point""}","-27.464430000000007, 153.02862",7
4108,PAY BY MOBILE APP ONLY,ANN ST,BRISBANE CITY,3,"C/W 7-11AM,2-7PM MON-SAT TOWAWAY",MON-FRI,"11AM-2PM,7PM-10PM(MON-FRI)",Zone 1,6.85,3.7,Ann St between Wharf St & Hutton Lane in Brisbane City,5,0,,153.02818,-27.46476,4000140,,94,"{""coordinates"": [153.02817999999996, -27.464760000000012], ""type"": ""Point""}","-27.464760000000012, 153.02817999999996",5
4109,PAY BY MOBILE APP ONLY,MARKET ST,BRISBANE CITY,3,LOADING ZONE 5AM-7PM MON-FRI & SUN,MON-SAT,"7PM-10PM MON-FRI, 7AM-7PM SAT",Zone 1,,3.7,Market St between Charlotte St & Mary St in CBD,5,0,,153.02968,-27.46941,4000873,,95,"{""coordinates"": [153.02968, -27.469410000000003], ""type"": ""Point""}","-27.469410000000003, 153.02968",5
4110,PAY BY MOBILE APP ONLY,QUAY ST,BRISBANE CITY,3,,MON-FRI,7AM-7PM,Zone 1,6.85,,Between Eagle Terrace and Exford Street in Brisbane City,16,0,,153.0133,-27.467201,4000858,,96,"{""coordinates"": [153.0133, -27.467200999999996], ""type"": ""Point""}","-27.467200999999996, 153.0133",16
4111,PAY BY MOBILE APP ONLY,QUAY ST,BRISBANE CITY,3,,MON-FRI,8AM-5PM,Zone 1,6.85,,between Exford St & Upr Roma St Brisbane City,27,0,,153.01153,-27.46746,4000859,,97,"{""coordinates"": [153.01153, -27.467460000000003], ""type"": ""Point""}","-27.467460000000003, 153.01153",27
4112,PAY BY MOBILE APP ONLY,WILLIAM ST,BRISBANE CITY,12,M/C PARKING ONLY,MON-FRI,7AM-7PM MON-FRI,Zone 1,2.45,,William St between Margaret St & Elizabeth St in Brisbane City,0,39,2.45,153.02376,-27.47251,4000908,12.25,98,"{""coordinates"": [153.02376, -27.472509999999996], ""type"": ""Point""}","-27.472509999999996, 153.02376",0
4113,PAY BY MOBILE APP ONLY,WHARF ST,BRISBANE CITY,3,LOADING ZONE 5AM-7PM MON-FRI,7 DAYS,"7PM-10PM MON-FRI, 7AM-7PM SAT-SUN",Zone 1,,3.7,Wharf St between Queen St & Adelaide St in CBD,17,0,,153.02982,-27.46526,4000872,,99,"{""coordinates"": [153.02982, -27.465260000000008], ""type"": ""Point""}","-27.465260000000008, 153.02982",17
4114,PAY BY MOBILE APP ONLY,WHARF ST,BRISBANE CITY,3,"NO STOPPING 7AM-9AM, 2PM-7PM MON-FRI",7 DAYS,"9AM-2PM & 7PM-10PM MON-FRI, 7AM-7PM SAT-SUN",Zone 1,6.85,3.7,Wharf St between Turbot St & Adelaide st in CBD,8,0,,153.02856,-27.46384,4000871,,100,"{""coordinates"": [153.02856, -27.463840000000015], ""type"": ""Point""}","-27.463840000000015, 153.02856",8
4115,PAY BY MOBILE APP ONLY,DIDDAMS LANE,BRISBANE CITY,3,,7 DAYS,"7AM-10PM MON-FRI, 7AM-7PM SAT-SUN",Zone 1,6.85,3.7,Diddams Lane between Boundary St & Macrossan St in CBD,5,0,,153.03187,-27.46239,4000875,,101,"{""coordinates"": [153.03187, -27.462390000000006], ""type"": ""Point""}","-27.462390000000006, 153.03187",5
4116,PAY BY MOBILE APP ONLY,UPPER ROMA ST,BRISBANE CITY,3,,MON-FRI,7AM-7PM,Zone 1,6.85,,Upr Roma St between Skew St & Quay St in CBD,19,0,,153.01286,-27.46658,4000874,,102,"{""coordinates"": [153.01286, -27.46658000000001], ""type"": ""Point""}","-27.46658000000001, 153.01286",19
4117,PAY BY MOBILE APP ONLY,MARGARET ST,BRISBANE CITY,3,BUS ZONE 6AM-7PM MON-FRI TOWAWAY,7 DAYS,"7PM-10PM MON-FRI, 7AM-7PM SAT-SUN",Zone 1,,3.7,Margaret St between George  St & Albert St,18,0,,153.02679,-27.47371,4000865,,103,"{""coordinates"": [153.02679, -27.473709999999983], ""type"": ""Point""}","-27.473709999999983, 153.02679",18
4118,PAY BY MOBILE APP ONLY,MARGARET ST,BRISBANE CITY,12,M/C PARKING ONLY,MON-FRI,7AM-7PM MON-FRI,Zone 1,2.45,,Margaret St between Albert St & Felix St in CBD,0,63,2.45,153.02858,-27.47248,4000866,12.25,104,"{""coordinates"": [153.02858, -27.472480000000004], ""type"": ""Point""}","-27.472480000000004, 153.02858",0
4119,PAY BY MOBILE APP ONLY,FELIX ST,BRISBANE CITY,3,LOADING ZONE 7AM-7PM MON-FRI,7 DAYS,"7PM-10PM MON-FRI, 7AM-7PM SAT-SUN",Zone 1,,3.7,Felix St between Margaret St & Mary St in CBD,4,0,,153.03003,-27.47044,4000867,,105,"{""coordinates"": [153.03002999999998, -27.470440000000004], ""type"": ""Point""}","-27.470440000000004, 153.03002999999998",4
4542,TICKETLESS METER MULTISPACE,HALFORD ST,NEWSTEAD,12,NONE,MON-FRI,7AM-7PM,"Zone 1, 15 min free",4.5,,Halford St between Newstead Tce & Breakfast Ck Rd in Newstead,6,0,,153.044329,-27.443708,4000542,18.25,106,"{""coordinates"": [153.044329, -27.443708000000004], ""type"": ""Point""}","-27.443708000000004, 153.044329",6
4543,TICKETLESS METER MULTISPACE,MAUD ST,NEWSTEAD,12,NONE,MON-FRI,7AM-7PM,"Zone 1, 15 min free",4.5,,Maud St between Breakfast Ck & Newstead Tce in Newstead,4,0,,153.043494,-27.444748,4000548,18.25,107,"{""coordinates"": [153.043494, -27.444747999999993], ""type"": ""Point""}","-27.444747999999993, 153.043494",4
4544,TICKETLESS METER MULTISPACE,MAUD ST,NEWSTEAD,4,NONE,MON-FRI,8AM-5PM,"Zone 1, 15 min free",4.5,,Maud St between Breakfast Ck & Newstead Tce in Newstead,10,0,,153.044361,-27.44487,4000546,,108,"{""coordinates"": [153.044361, -27.444870000000016], ""type"": ""Point""}","-27.444870000000016, 153.044361",10
4546,PAY BY MOBILE APP ONLY,MAUD ST,NEWSTEAD,12,NONE,MON-FRI,7AM-7PM,"Zone 1, 15 min free",4.5,,Maud St between Newstead Tce & Breakfast Ck Rd in Newstead,11,0,,153.044472,-27.445013,4000547,18.25,109,"{""coordinates"": [153.044472, -27.445013], ""type"": ""Point""}","-27.445013, 153.044472",11
4547,PAY BY MOBILE APP ONLY,WATERLOO ST,NEWSTEAD,12,NONE,MON-FRI,7AM-7PM,"Zone 1, 15 min free",4.5,,Waterloo St between Newstead Tce & Gordon St in Newstead,14,0,,153.045317,-27.447967,4000560,18.25,110,"{""coordinates"": [153.045317, -27.447967], ""type"": ""Point""}","-27.447967, 153.045317",14
4548,TICKETLESS METER MULTISPACE,AUSTIN ST,NEWSTEAD,4,NONE,MON-FRI,7AM-7PM,"Zone 1, 15 min free",4.5,,Austin St between Breakfast Ck & Newstead Tce in Newstead,6,0,,153.04346,-27.445849,4000549,,111,"{""coordinates"": [153.04346, -27.445848999999995], ""type"": ""Point""}","-27.445848999999995, 153.04346",6
4549,TICKETLESS METER MULTISPACE,AUSTIN ST,NEWSTEAD,4,NONE,MON-FRI,8AM-5PM,"Zone 1, 15 min free",4.5,,Austin St between Breakfast Ck & Newstead Tce in Newstead,8,0,,153.04532,-27.446123,4000551,,112,"{""coordinates"": [153.04532, -27.446122999999986], ""type"": ""Point""}","-27.446122999999986, 153.04532",8
4550,TICKETLESS METER MULTISPACE,AUSTIN ST,NEWSTEAD,12,NONE,MON-FRI,7AM-7PM,"Zone 1, 15 min free",4.5,,Austin St between Newstead Tce & Breakfast Ck Rd in Newstead,14,0,,153.04518,-27.446247,4000550,18.25,113,"{""coordinates"": [153.04517999999996, -27.446247000000017], ""type"": ""Point""}","-27.446247000000017, 153.04517999999996",14
4551,PAY BY MOBILE APP ONLY,AUSTIN ST,NEWSTEAD,12,NONE,MON-FRI,7AM-7PM,"Zone 1, 15 min free",4.5,,Austin St between Newstead Tce & Breakfast Ck Rd in Newstead,9,0,,153.044251,-27.446103,4000545,18.25,114,"{""coordinates"": [153.04425100000003, -27.446103000000008], ""type"": ""Point""}","-27.446103000000008, 153.04425100000003",9
4552,PAY BY MOBILE APP ONLY,AUSTIN ST,NEWSTEAD,12,NONE,MON-FRI,7AM-7PM,"Zone 1, 15 min free",4.5,,Austin St between Newstead Tce & Breakfast Ck in Newstead,11,0,,153.04325,-27.445959,4000545,18.25,115,"{""coordinates"": [153.04325, -27.445959], ""type"": ""Point""}","-27.445959, 153.04325",11
4553,PAY BY MOBILE APP ONLY,WATERLOO ST,NEWSTEAD,3,NONE,MON-FRI,7AM-7PM,"Zone 1, 15 min free",6.85,,Waterloo St between Breakfast Creek Rd & Gordon St in Newstead,19,0,,153.04373,-27.44844,4000904,,116,"{""coordinates"": [153.04372999999998, -27.448440000000012], ""type"": ""Point""}","-27.448440000000012, 153.04372999999998",19
4554,TICKETLESS METER MULTISPACE,EVELYN ST,NEWSTEAD,12,NONE,MON-FRI,7AM-7PM,"Zone 1, 15 min free",4.5,,Evelyn St between Breakfast Ck & Newstead Tce in Newstead,15,0,,153.044098,-27.447043,4000553,18.25,117,"{""coordinates"": [153.044098, -27.447043000000008], ""type"": ""Point""}","-27.447043000000008, 153.044098",15
4555,TICKETLESS METER MULTISPACE,EVELYN ST,NEWSTEAD,12,NONE,MON-FRI,7AM-7PM,"Zone 1, 15 min free",4.5,,Evelyn St between Breakfast Ck & Newstead Tce in Newstead,19,0,,153.045211,-27.447208,4000552,18.25,118,"{""coordinates"": [153.045211, -27.447208], ""type"": ""Point""}","-27.447208, 153.045211",19
4556,TICKETLESS METER MULTISPACE,EVELYN ST,NEWSTEAD,12,NONE,MON-FRI,7AM-7PM,"Zone 1, 15 min free",4.5,,Evelyn St between Newstead Tce & Gordon St in Newstead,10,0,,153.045316,-27.447368,4000553,18.25,119,"{""coordinates"": [153.04531599999999, -27.447367999999997], ""type"": ""Point""}","-27.447367999999997, 153.04531599999999",10
4557,TICKETLESS METER MULTISPACE,BYRES ST,NEWSTEAD,4,NONE,MON-FRI,7AM-7PM,"Zone 1, 15 min free",4.5,,Byres St between Evelyn St & Waterloo St in Newstead,4,0,,153.043883,-27.447441,4000557,,120,"{""coordinates"": [153.043883, -27.447441000000005], ""type"": ""Point""}","-27.447441000000005, 153.043883",4
4558,PAY BY MOBILE APP ONLY,GORDON ST,NEWSTEAD,12,NONE,MON-FRI,7AM-7PM,"Zone 1, 15 min free",4.5,,Gordon St between Evelyn St & Waterloo St in Newstead,5,0,,153.044713,-27.447657,4000559,18.25,121,"{""coordinates"": [153.04471299999997, -27.447656999999996], ""type"": ""Point""}","-27.447656999999996, 153.04471299999997",5
4559,TICKETLESS METER MULTISPACE,BYRES ST,NEWSTEAD,12,NONE,MON-FRI,7AM-7PM,"Zone 1, 15 min free",4.5,,Byres St between Waterloo St & Evelyn St in Newstead,8,0,,153.043763,-27.447419,4000558,18.25,122,"{""coordinates"": [153.04376300000004, -27.447418999999996], ""type"": ""Point""}","-27.447418999999996, 153.04376300000004",8
4560,TICKETLESS METER MULTISPACE,CRESWELL ST,NEWSTEAD,4,NONE,MON-FRI,7AM-7PM,"Zone 1, 15 min free",4.5,,Creswell St between Evelyn St & Waterloo St in Newstead,8,0,,153.043055,-27.447576,4000554,,123,"{""coordinates"": [153.04305499999998, -27.447576000000005], ""type"": ""Point""}","-27.447576000000005, 153.04305499999998",8
4561,TICKETLESS METER MULTISPACE,CRESWELL ST,NEWSTEAD,3,NONE,MON-FRI,7AM-7PM,"Zone 1, 15 min free",6.85,,Creswell St between Evelyn St & Waterloo St in Newstead,6,0,,153.043079,-27.448094,4000555,,124,"{""coordinates"": [153.043079, -27.44809399999999], ""type"": ""Point""}","-27.44809399999999, 153.043079",6
4562,TICKETLESS METER MULTISPACE,CRESWELL ST,NEWSTEAD,12,NONE,MON-FRI,7AM-7PM,"Zone 1, 15 min free",4.5,,Creswell St between Waterloo St & Evelyn St in Newstead,15,0,,153.042919,-27.447377,4000556,18.25,125,"{""coordinates"": [153.042919, -27.447377000000007], ""type"": ""Point""}","-27.447377000000007, 153.042919",15
4564,TICKETLESS METER MULTISPACE,SKYRING TCE,NEWSTEAD,12,NONE,MON-FRI,7AM-7PM,"Zone 1, 15 min free",4.5,,Skyring Tce between Breakfast Ck Rd & Wyandra St in Newstead,13,0,,153.0465,-27.450118,4000562,18.25,126,"{""coordinates"": [153.0465, -27.450118000000007], ""type"": ""Point""}","-27.450118000000007, 153.0465",13
4565,TICKETLESS METER MULTISPACE,SKYRING TCE,NEWSTEAD,3,NONE,MON-FRI,8AM-5PM,"Zone 1, 15 min free",6.85,,Skyring Tce between Wyandra St & Breakfast Ck Rd in Newstead,10,0,,153.046671,-27.450565,4000833,,127,"{""coordinates"": [153.046671, -27.45056500000002], ""type"": ""Point""}","-27.45056500000002, 153.046671",10
4566,TICKETLESS METER MULTISPACE,SKYRING TCE,NEWSTEAD,12,NONE,MON-FRI,7AM-7PM,"Zone 1, 15 min free",4.5,,Skyring Tce between Wyandra St & Breakfast Ck Rd in Newstead,5,0,,153.045363,-27.449887,4000562,18.25,128,"{""coordinates"": [153.045363, -27.449887000000007], ""type"": ""Point""}","-27.449887000000007, 153.045363",5
4567,TICKETLESS METER MULTISPACE,WYANDRA ST,NEWSTEAD,3,NONE,MON-FRI,8AM-5PM,"Zone 1, 15 min free",6.85,,Wyandra St between Skyring Tce & Longland St in Newstead,3,0,,153.046795,-27.451235,4000564,,129,"{""coordinates"": [153.046795, -27.451234999999993], ""type"": ""Point""}","-27.451234999999993, 153.046795",3
4568,TICKETLESS METER MULTISPACE,WATERLOO ST,NEWSTEAD,3,NONE,MON-FRI,7AM-7PM,"Zone 1, 15 min free",6.85,,Waterloo St between Newstead Tce & Gordon St in Newstead,12,0,,153.04536,-27.448114,4000850,,130,"{""coordinates"": [153.04536000000002, -27.448113999999993], ""type"": ""Point""}","-27.448113999999993, 153.04536000000002",12
4569,Hybrid,CUNNINGHAM ST,NEWSTEAD,3,NONE,MON-FRI,7AM-7PM,"Zone 1, 15 min free",6.85,,Cunningham St between Waterloo St & Skyring Tce in Newstead,9,0,,153.044044,-27.448822,4000593,,131,"{""coordinates"": [153.044044, -27.448821999999996], ""type"": ""Point""}","-27.448821999999996, 153.044044",9
4570,TICKETLESS METER MULTISPACE,ALFRED ST,FORTITUDE VALLEY,4,NONE,MON-FRI,8AM-5PM,"Zone 1, 15 min free",4.5,,Alfred St between Constance St & Brunswick St in Bowen Hills,12,0,,153.033668,-27.455404,4000356,,132,"{""coordinates"": [153.033668, -27.45540399999999], ""type"": ""Point""}","-27.45540399999999, 153.033668",12
4571,TICKETLESS METER MULTISPACE,ALFRED ST,FORTITUDE VALLEY,4,NONE,MON-FRI,8AM-5PM,"Zone 1, 15 min free",4.5,,Alfred St between Constance St & Brunswick St in Bowen Hills,7,0,,153.033074,-27.456011,4000356,,133,"{""coordinates"": [153.033074, -27.456011], ""type"": ""Point""}","-27.456011, 153.033074",7
4572,TICKETLESS METER MULTISPACE,ALFRED ST,FORTITUDE VALLEY,2,NONE,MON-FRI,8AM-5PM,"Zone 1, 15 min free",6.85,,Alfred St between Brunswick St & Julia St in Bowen Hills,5,0,,153.033643,-27.455276,4000358,,134,"{""coordinates"": [153.033643, -27.455275999999994], ""type"": ""Point""}","-27.455275999999994, 153.033643",5
4573,TICKETLESS METER MULTISPACE,ALFRED ST,FORTITUDE VALLEY,12,NONE,MON-FRI,7AM-7PM,"Zone 1, 15 min free",4.5,,Alfred St between Brunswick St & Julia St in Bowen Hills,4,0,,153.033039,-27.455885,4000357,18.25,135,"{""coordinates"": [153.033039, -27.45588500000001], ""type"": ""Point""}","-27.45588500000001, 153.033039",4
4574,PAY BY MOBILE APP ONLY,CONSTANCE ST,BOWEN HILLS,3,NONE,MON-FRI,7AM-7PM,"Zone 1, 15 min free",6.85,,Constance St between Water St & St Pauls Tce in Bowen Hills,14,0,,153.033098,-27.453392,4000912,,136,"{""coordinates"": [153.033098, -27.453392], ""type"": ""Point""}","-27.453392, 153.033098",14
4575,TICKETLESS METER MULTISPACE,BAXTER ST,FORTITUDE VALLEY,12,NONE,MON-FRI,7AM-7PM,"Zone 1, 15 min free",4.5,,Baxter St between Water St & St Pauls Tce in Bowen Hills,4,0,,153.032577,-27.454531,4000354,18.25,137,"{""coordinates"": [153.032577, -27.454531], ""type"": ""Point""}","-27.454531, 153.032577",4
4576,TICKETLESS METER MULTISPACE,BAXTER ST,FORTITUDE VALLEY,12,NONE,MON-FRI,7AM-7PM,"Zone 1, 15 min free",4.5,,Baxter St between Water St & St Pauls Tce in Bowen Hills,9,0,,153.031763,-27.453887,4000354,18.25,138,"{""coordinates"": [153.031763, -27.453886999999998], ""type"": ""Point""}","-27.453886999999998, 153.031763",9
4577,TICKETLESS METER MULTISPACE,BAXTER ST,FORTITUDE VALLEY,4,NONE,MON-FRI,8AM-5PM,"Zone 1, 15 min free",4.5,,Baxter St between St Pauls Tce & Water St in Bowen Hills,9,0,,153.032092,-27.454322,4000355,,139,"{""coordinates"": [153.03209199999998, -27.454321999999987], ""type"": ""Point""}","-27.454321999999987, 153.03209199999998",9
4578,TICKETLESS METER MULTISPACE,AMELIA ST,FORTITUDE VALLEY,12,NONE,MON-FRI,7AM-7PM,"Zone 1, 15 min free",4.5,,Amelia St between St Pauls Tce & Brunswick St in Bowen Hills,6,0,,153.031605,-27.454966,4000393,18.25,140,"{""coordinates"": [153.031605, -27.454966000000013], ""type"": ""Point""}","-27.454966000000013, 153.031605",6
4579,TICKETLESS METER MULTISPACE,AMELIA ST,FORTITUDE VALLEY,4,NONE,MON-FRI,8AM-5PM,"Zone 1, 15 min free",4.5,,Amelia St between Brunswick St & St Pauls Tce in Bowen Hills,4,0,,153.030703,-27.454744,4000394,,141,"{""coordinates"": [153.030703, -27.454744], ""type"": ""Point""}","-27.454744, 153.030703",4
4580,TICKETLESS METER MULTISPACE,AMELIA ST,FORTITUDE VALLEY,4,NONE,MON-FRI,8AM-5PM,"Zone 1, 15 min free",4.5,,Amelia St between Brunswick St & Bend in Bowen Hills,5,0,,153.030715,-27.454577,4000394,,142,"{""coordinates"": [153.030715, -27.454577000000004], ""type"": ""Point""}","-27.454577000000004, 153.030715",5
4581,TICKETLESS METER MULTISPACE,AMELIA ST,FORTITUDE VALLEY,4,NONE,MON-FRI,8AM-5PM,"Zone 1, 15 min free",4.5,,Amelia St between Bend & St Pauls Tce in Bowen Hills,9,0,,153.031283,-27.454569,4000394,,143,"{""coordinates"": [153.031283, -27.454568999999996], ""type"": ""Point""}","-27.454568999999996, 153.031283",9
4582,TICKETLESS METER MULTISPACE,WATER ST,FORTITUDE VALLEY,12,NONE,MON-FRI,7AM-7PM,"Zone 1, 15 min free",4.5,,Water St between Brunswick St & Baxter St in Bowen Hills,7,0,,153.030743,-27.453945,4000353,18.25,144,"{""coordinates"": [153.030743, -27.453944999999997], ""type"": ""Point""}","-27.453944999999997, 153.030743",7
4583,TICKETLESS METER MULTISPACE,WATER ST,FORTITUDE VALLEY,3,NONE,MON-FRI,7AM-7PM,"Zone 1, 15 min free",6.85,,Water St between Brunswick St & Baxter St in Bowen Hills,19,0,,153.03071,-27.453842,4000444,,145,"{""coordinates"": [153.03071, -27.453841999999998], ""type"": ""Point""}","-27.453841999999998, 153.03071",19
4585,TICKETLESS METER MULTISPACE,GREGORY TCE,BOWEN HILLS,4,NONE,MON-FRI,7AM-7PM,"Zone 1, 15 min free",4.5,,Gregory Tce between Bowen Bridge Rd & Brookes St in Bowen Hills,6,0,,153.030066,-27.452008,4000501,,146,"{""coordinates"": [153.030066, -27.452008], ""type"": ""Point""}","-27.452008, 153.030066",6
4586,TICKETLESS METER MULTISPACE,GREGORY TCE,BOWEN HILLS,4,NONE,MON-FRI,7AM-7PM,"Zone 1, 15 min free",4.5,,Gregory Tce between Bowen Bridge Rd & Brookes St in Bowen Hills,13,0,,153.031008,-27.451572,4000501,,147,"{""coordinates"": [153.031008, -27.451572000000006], ""type"": ""Point""}","-27.451572000000006, 153.031008",13
4588,TICKETLESS METER MULTISPACE,GREGORY TCE,BOWEN HILLS,12,NONE,MON-FRI,7AM-7PM,"Zone 1, 15 min free",4.5,,Gregory Tce between Brunswick St & Brookes St in Bowen Hills,22,0,,153.033374,-27.45061,4000503,18.25,148,"{""coordinates"": [153.033374, -27.450610000000015], ""type"": ""Point""}","-27.450610000000015, 153.033374",22
4589,TICKETLESS METER MULTISPACE,GREGORY TCE,BOWEN HILLS,12,NONE,MON-FRI,7AM-7PM,"Zone 1, 15 min free",4.5,,Gregory Tce between Brunswick St & Brookes St in Bowen Hills,12,0,,153.034331,-27.450207,4000503,18.25,149,"{""coordinates"": [153.034331, -27.450207000000002], ""type"": ""Point""}","-27.450207000000002, 153.034331",12
4590,TICKETLESS METER MULTISPACE,GREGORY TCE,BOWEN HILLS,12,NONE,MON-FRI,7AM-7PM,"Zone 1, 15 min free",4.5,,Gregory Tce between Exhibition & Alexandria St in Bowen Hills,16,0,,153.034135,-27.45044,4000503,18.25,150,"{""coordinates"": [153.034135, -27.450440000000008], ""type"": ""Point""}","-27.450440000000008, 153.034135",16
4591,TICKETLESS METER MULTISPACE,GREGORY TCE,BOWEN HILLS,12,NONE,MON-FRI,7AM-7PM,"Zone 1, 15 min free",4.5,,Gregory Tce between Alexandria St & Costin St in Bowen Hills,4,0,,153.032756,-27.45099,4000503,18.25,151,"{""coordinates"": [153.032756, -27.45099000000002], ""type"": ""Point""}","-27.45099000000002, 153.032756",4
4593,TICKETLESS METER MULTISPACE,GREGORY TCE,BOWEN HILLS,12,NONE,MON-FRI,7AM-7PM,"Zone 1, 15 min free",4.5,,Gregory Tce between Costin St & Anderson St in Bowen Hills,6,0,,153.030769,-27.451805,4000856,18.25,152,"{""coordinates"": [153.030769, -27.45180500000001], ""type"": ""Point""}","-27.45180500000001, 153.030769",6
4594,PAY BY MOBILE APP ONLY,ANDERSON ST,FORTITUDE VALLEY,12,NONE,MON-FRI,7AM-7PM,"Zone 1, 15 min free",4.5,,Anderson St between Diggles Cl & Gregory Tce in Bowen Hills,22,0,,153.030554,-27.452153,4000857,18.25,153,"{""coordinates"": [153.030554, -27.452152999999985], ""type"": ""Point""}","-27.452152999999985, 153.030554",22
4595,TICKETLESS METER MULTISPACE,COSTIN ST,BOWEN HILLS,12,NONE,MON-FRI,7AM-7PM,"Zone 1, 15 min free",4.5,,Costin St between Gregory Tce & St Pauls Tce in Bowen Hills,12,0,,153.031734,-27.452059,4000252,18.25,154,"{""coordinates"": [153.031734, -27.45205900000002], ""type"": ""Point""}","-27.45205900000002, 153.031734",12
4596,TICKETLESS METER MULTISPACE,MACHINERY ST,BOWEN HILLS,2,NONE,7 DAYS,"7AM-7PM,7PM-10PM(MON-FRI),7AM-7PM(SAT,SUN)","Zone 1, 15 min free",6.85,3.7,Machinery St between King St and Constance St in Bowen Hills,16,0,,153.033023,-27.45261,4000490,,155,"{""coordinates"": [153.033023, -27.452609999999986], ""type"": ""Point""}","-27.452609999999986, 153.033023",16
4597,TICKETLESS METER MULTISPACE,KING ST,BOWEN HILLS,2,NONE,7 DAYS,"7AM-7PM,7PM-10PM(MON-FRI),7AM-7PM(SAT,SUN)","Zone 1, 15 min free",6.85,3.7,King St between St Pauls Tce and Gregory Tce in Bowen Hills,5,0,,153.0337,-27.452412,4000502,,156,"{""coordinates"": [153.0337, -27.452412000000017], ""type"": ""Point""}","-27.452412000000017, 153.0337",5
4598,TICKETLESS METER MULTISPACE,KING ST,BOWEN HILLS,2,NONE,7 DAYS,"7AM-7PM,7PM-10PM(MON-FRI),7AM-7PM(SAT,SUN)","Zone 1, 15 min free",6.85,3.7,King St between St Pauls Tce and Gregory Tce in Bowen Hills,4,0,,153.033093,-27.451936,4000502,,157,"{""coordinates"": [153.033093, -27.451936000000018], ""type"": ""Point""}","-27.451936000000018, 153.033093",4
4599,TICKETLESS METER MULTISPACE,COSTIN ST,BOWEN HILLS,12,NONE,MON-FRI,7AM-7PM,"Zone 1, 15 min free",4.5,,Costin St between Carriage St & Machinery St in Bowen Hills,9,0,,153.032211,-27.452425,4000500,18.25,158,"{""coordinates"": [153.03221100000002, -27.45242500000002], ""type"": ""Point""}","-27.45242500000002, 153.03221100000002",9
4600,TICKETLESS METER MULTISPACE,KING ST,BOWEN HILLS,2,NONE,7 DAYS,"7AM-7PM,7PM-10PM(MON-FRI),7AM-7PM(SAT,SUN)","Zone 1, 15 min free",6.85,3.7,King St between Gregory Tce & St Pauls Tce in Bowen Hills,6,0,,153.033016,-27.451735,4000502,,159,"{""coordinates"": [153.033016, -27.451735000000014], ""type"": ""Point""}","-27.451735000000014, 153.033016",6
4601,TICKETLESS METER MULTISPACE,KING ST,BOWEN HILLS,2,NONE,7 DAYS,"7AM-7PM,7PM-10PM(MON-FRI),7AM-7PM(SAT,SUN)","Zone 1, 15 min free",6.85,3.7,King St between Gregory Tce & St Pauls Tce in Bowen Hills,5,0,,153.033765,-27.45234,4000502,,160,"{""coordinates"": [153.033765, -27.45233999999999], ""type"": ""Point""}","-27.45233999999999, 153.033765",5
4602,TICKETLESS METER MULTISPACE,EXHIBITION ST,BOWEN HILLS,12,NONE,MON-FRI,7AM-7PM,"Zone 1, 15 min free",4.5,,Exhibition St between Gregory Tce & St Pauls Tce in Bowen Hills,11,0,,153.035038,-27.451216,4000504,18.25,161,"{""coordinates"": [153.035038, -27.451215999999995], ""type"": ""Point""}","-27.451215999999995, 153.035038",11
4603,TICKETLESS METER MULTISPACE,EXHIBITION ST,BOWEN HILLS,12,NONE,MON-FRI,7AM-7PM,"Zone 1, 15 min free",4.5,,Exhibition St between Gregory Tce & St Pauls Tce in Bowen Hills,4,0,,153.034896,-27.450658,4000504,18.25,162,"{""coordinates"": [153.034896, -27.450658000000004], ""type"": ""Point""}","-27.450658000000004, 153.034896",4
4604,TICKETLESS METER MULTISPACE,ALEXANDRIA ST,BOWEN HILLS,2,NONE,7 DAYS,"7AM-7PM,7PM-10PM(MON-FRI),7AM-7PM(SAT,SUN)","Zone 1, 15 min free",6.85,3.7,Alexandria St between Gregory Tce & St Pauls Tce in Bowen Hills,17,0,,153.034621,-27.452023,4000840,,163,"{""coordinates"": [153.034621, -27.452023000000008], ""type"": ""Point""}","-27.452023000000008, 153.034621",17
4605,TICKETLESS METER MULTISPACE,CAMPBELL ST,BOWEN HILLS,12,NONE,MON-FRI,7AM-7PM,"Zone 1, 15 min free",4.5,,Campbell St between O'Connell Tce & Bowen Bridge Rd in Bowen Hill,9,0,,153.031912,-27.446998,4000513,18.25,164,"{""coordinates"": [153.031912, -27.446998000000008], ""type"": ""Point""}","-27.446998000000008, 153.031912",9
4606,TICKETLESS METER MULTISPACE,CAMPBELL ST,BOWEN HILLS,12,NONE,MON-FRI,7AM-7PM,"Zone 1, 15 min free",4.5,,Campbell St between O'Connell Tce & Bowen Bridge Rd in Bowen Hill,9,0,,153.031835,-27.446842,4000513,18.25,165,"{""coordinates"": [153.03183499999997, -27.446842000000004], ""type"": ""Point""}","-27.446842000000004, 153.03183499999997",9
4607,TICKETLESS METER MULTISPACE,OCONNELL TCE,BOWEN HILLS,4,"CLEARWAY 7AM-9AM,4PM-7PM MON-FRI TOWAWAY",MON-FRI,9AM-4PM,"Zone 1, 15 min free",4.5,,O'Connell Tce between Bowen Bridge Rd & Brookes St in Bowen Hills,17,0,,153.032287,-27.448359,4000512,,166,"{""coordinates"": [153.032287, -27.448358999999996], ""type"": ""Point""}","-27.448358999999996, 153.032287",17
4608,TICKETLESS METER MULTISPACE,NORTH ST,SPRING HILL,3,NONE,MON-FRI,8AM-5PM,"Zone 1, 15 min free",6.85,,North St between Leichardt St & Boundary St in Spring Hill,4,0,,153.021345,-27.461493,4000328,,167,"{""coordinates"": [153.021345, -27.461492999999997], ""type"": ""Point""}","-27.461492999999997, 153.021345",4
4609,PAY BY MOBILE APP ONLY,BRADLEY ST,SPRING HILL,3,NONE,MON-FRI,7AM-7PM,"Zone 1, 15 min free",6.85,,Bradley St between Boundary St & Wickham Tce in Spring Hill,8,0,,153.020647,-27.461467,4000327,,168,"{""coordinates"": [153.020647, -27.461466999999995], ""type"": ""Point""}","-27.461466999999995, 153.020647",8
4610,TICKETLESS METER MULTISPACE,BROOKES ST,BOWEN HILLS,7,"NO STOPPING 7AM-9AM,4PM-6PM MON-FRI",MON-FRI,9AM-4PM,"Zone 1, 15 min free",4.5,,Brookes St between Gregory Tce & O'Connell Tce in Bowen Hills,9,0,,153.03515,-27.449471,4000366,18.25,169,"{""coordinates"": [153.03515, -27.449470999999992], ""type"": ""Point""}","-27.449470999999992, 153.03515",9
4611,TICKETLESS METER MULTISPACE,MALLON ST,BOWEN HILLS,4,NONE,MON-FRI,7AM-7PM,"Zone 1, 15 min free",4.5,,Mallon St between Brookes St & Jeays St in Bowen Hills,4,0,,153.035884,-27.450534,4000505,,170,"{""coordinates"": [153.035884, -27.450533999999998], ""type"": ""Point""}","-27.450533999999998, 153.035884",4
4612,TICKETLESS METER MULTISPACE,JEAYS ST,BOWEN HILLS,12,NONE,MON-FRI,7AM-7PM,"Zone 1, 15 min free",4.5,,Jeays St between Mallon St & Hamilton Pl in Bowen Hills,4,0,,153.0362,-27.450303,4000506,18.25,171,"{""coordinates"": [153.0362, -27.450302999999998], ""type"": ""Point""}","-27.450302999999998, 153.0362",4
4613,TICKETLESS METER MULTISPACE,JEAYS ST,BOWEN HILLS,12,NONE,MON-FRI,7AM-7PM,"Zone 1, 15 min free",4.5,,Jeays St between Mallon St & Hamilton Pl in Bowen Hills,12,0,,153.035748,-27.448511,4000507,18.25,172,"{""coordinates"": [153.035748, -27.448511000000014], ""type"": ""Point""}","-27.448511000000014, 153.035748",12
4615,TICKETLESS METER MULTISPACE,JEAYS ST,BOWEN HILLS,12,NONE,MON-FRI,7AM-7PM,"Zone 1, 15 min free",4.5,,Jeays St between Hamilton Pl & Mallon St in Bowen Hills,20,0,,153.035995,-27.448902,4000507,18.25,173,"{""coordinates"": [153.03599500000004, -27.448902000000007], ""type"": ""Point""}","-27.448902000000007, 153.03599500000004",20
4617,TICKETLESS METER MULTISPACE,JEAYS ST,BOWEN HILLS,12,NONE,MON-FRI,7AM-7PM,"Zone 1, 15 min free",4.5,,Jeays St between Best St & Mallon St in Bowen Hills,5,0,,153.036343,-27.450283,4000506,18.25,174,"{""coordinates"": [153.036343, -27.450282999999995], ""type"": ""Point""}","-27.450282999999995, 153.036343",5
4618,TICKETLESS METER MULTISPACE,MALLON ST,BOWEN HILLS,4,NONE,MON-FRI,7AM-7PM,"Zone 1, 15 min free",4.5,,Mallon St between End & Brookes St in Bowen Hills,5,0,,153.036091,-27.450627,4000505,,175,"{""coordinates"": [153.036091, -27.450627000000008], ""type"": ""Point""}","-27.450627000000008, 153.036091",5
4619,TICKETLESS METER MULTISPACE,HURWORTH ST,BOWEN HILLS,4,NONE,MON-FRI,7AM-7PM,"Zone 1, 15 min free",4.5,,Hurworth St between Campbell St & Best St in Bowen Hills,4,0,,153.036571,-27.447855,4000516,,176,"{""coordinates"": [153.036571, -27.447855000000015], ""type"": ""Point""}","-27.447855000000015, 153.036571",4
4620,TICKETLESS METER MULTISPACE,HURWORTH ST,BOWEN HILLS,12,NONE,MON-FRI,7AM-7PM,"Zone 1, 15 min free",4.5,,Hurworth St between Campbell St & Best St in Bowen Hills,17,0,,153.036413,-27.448789,4000506,18.25,177,"{""coordinates"": [153.03641300000004, -27.44878899999999], ""type"": ""Point""}","-27.44878899999999, 153.03641300000004",17
4621,TICKETLESS METER MULTISPACE,HURWORTH ST,BOWEN HILLS,12,NONE,MON-FRI,7AM-7PM,"Zone 1, 15 min free",4.5,,Hurworth St between Campbell St & Best St in Bowen Hills,10,0,,153.036547,-27.449705,4000506,18.25,178,"{""coordinates"": [153.036547, -27.449705], ""type"": ""Point""}","-27.449705, 153.036547",10
4622,TICKETLESS METER MULTISPACE,OCONNELL TCE,BOWEN HILLS,7,NO STOPPING 7AM-9AM MON-FRI,MON-FRI,9AM-4PM,"Zone 1, 15 min free",4.5,,O'Connell Tce between Brookes St & Bowen Bridge Rd in Bowen Hills,7,0,,153.034211,-27.448638,4000510,18.25,179,"{""coordinates"": [153.034211, -27.448638000000006], ""type"": ""Point""}","-27.448638000000006, 153.034211",7
4623,TICKETLESS METER MULTISPACE,OCONNELL TCE,BOWEN HILLS,7,"NO STOPPING 7AM-9AM,4PM-6PM MON-FRI",MON-FRI,9AM-4PM,"Zone 1, 15 min free",4.5,,O'Connell Tce between Tufton St & Hamilton Pl in Bowen Hills,5,0,,153.034244,-27.448513,4000509,18.25,180,"{""coordinates"": [153.034244, -27.448512999999995], ""type"": ""Point""}","-27.448512999999995, 153.034244",5
4625,TICKETLESS METER MULTISPACE,TUFTON ST,BOWEN HILLS,12,NONE,MON-FRI,7AM-7PM,"Zone 1, 15 min free",4.5,,Tufton St between Campbell St & O'Connell Tce in Bowen Hills,14,0,,153.034089,-27.448014,4000511,18.25,181,"{""coordinates"": [153.03408899999997, -27.448014000000008], ""type"": ""Point""}","-27.448014000000008, 153.03408899999997",14
4629,TICKETLESS METER MULTISPACE,MAYNE RD,BOWEN HILLS,12,NONE,MON-FRI,7AM-7PM,"Zone 1, 15 min free",4.5,,Mayne Rd between Hudd St & Campbell St in Bowen Hills,17,0,,153.035941,-27.446164,4000514,18.25,182,"{""coordinates"": [153.03594099999998, -27.446163999999992], ""type"": ""Point""}","-27.446163999999992, 153.03594099999998",17
4630,TICKETLESS METER MULTISPACE,HUDD ST,BOWEN HILLS,12,NONE,MON-FRI,7AM-7PM,"Zone 1, 15 min free",4.5,,Hudd St between Mayne Rd & Pace St in Bowen Hills,13,0,,153.036871,-27.445851,4000514,18.25,183,"{""coordinates"": [153.036871, -27.445851000000005], ""type"": ""Point""}","-27.445851000000005, 153.036871",13
4631,TICKETLESS METER MULTISPACE,JAMIESON ST,BOWEN HILLS,12,NONE,MON-FRI,7AM-7PM,"Zone 1, 15 min free",4.5,,Jamieson St between Edgar St & Pace St in Bowen Hills,7,0,,153.037482,-27.446726,4000515,18.25,184,"{""coordinates"": [153.037482, -27.446726], ""type"": ""Point""}","-27.446726, 153.037482",7
4632,TICKETLESS METER MULTISPACE,MAYNE RD,BOWEN HILLS,12,NONE,MON-FRI,7AM-7PM,"Zone 1, 15 min free",4.5,,Mayne Rd between Hudd St & Campbell St in Bowen Hills,14,0,,153.036109,-27.446236,4000514,18.25,185,"{""coordinates"": [153.03610899999998, -27.446236], ""type"": ""Point""}","-27.446236, 153.03610899999998",14
4633,TICKETLESS METER MULTISPACE,LEICHHARDT ST,SPRING HILL,2,NONE,MON-FRI,7AM-7PM,"Zone 1, 15 min free",6.85,,Leichardt Street between Leichardt St and Upper Edward St in Spring Hill,3,0,,153.025341,-27.462724,4000302,,186,"{""coordinates"": [153.025341, -27.462724000000005], ""type"": ""Point""}","-27.462724000000005, 153.025341",3
4634,TICKETLESS METER MULTISPACE,ASTOR TCE,SPRING HILL,2,NONE,MON-FRI,7AM-7PM,"Zone 1, 15 min free",6.85,,Astor Tce between Portman Lane & Henry St in Spring Hill,3,0,,153.027423,-27.462999,4000304,,187,"{""coordinates"": [153.027423, -27.462998999999996], ""type"": ""Point""}","-27.462998999999996, 153.027423",3
4635,PAY BY MOBILE APP ONLY,LITTLE EDWARD ST,SPRING HILL,3,NONE,MON-FRI,7AM-7PM,"Zone 1, 15 min free",6.85,,Little Edward St between Boundary St & Leichhardt St in Spring Hill,3,0,,153.024212,-27.461861,4000288,,188,"{""coordinates"": [153.024212, -27.461861000000003], ""type"": ""Point""}","-27.461861000000003, 153.024212",3
4636,TICKETLESS METER MULTISPACE,BOUNDARY ST,SPRING HILL,4,NONE,MON-FRI,7AM-7PM,"Zone 1, 15 min free",4.5,,Boundary St between Gregory Tce & Parish St in Spring Hill,11,0,,153.019977,-27.46011,4000253,,189,"{""coordinates"": [153.019977, -27.460110000000025], ""type"": ""Point""}","-27.460110000000025, 153.019977",11
4637,TICKETLESS METER MULTISPACE,BOUNDARY ST,SPRING HILL,1,NONE,MON-FRI,8AM-5PM,"Zone 1, 15 min free",6.85,,Boundary St between Torrington St & Fortescue St in Spring Hill,12,0,,153.022227,-27.460413,4000260,,190,"{""coordinates"": [153.02222699999996, -27.460413], ""type"": ""Point""}","-27.460413, 153.02222699999996",12
4640,TICKETLESS METER MULTISPACE,BOUNDARY ST,SPRING HILL,3,NO STOPPING 4PM-6PM MON-FRI,MON-FRI,7AM-4PM,"Zone 1, 15 min free",6.85,,Boundary St between Fortescue St & Allenby St in Spring Hill,2,0,,153.022816,-27.460674,4000334,,191,"{""coordinates"": [153.02281600000003, -27.460674000000015], ""type"": ""Point""}","-27.460674000000015, 153.02281600000003",2
4641,PAY BY MOBILE APP ONLY,SEDGEBROOK ST,SPRING HILL,12,NONE,MON-FRI,7AM-7PM,"Zone 1, 15 min free",4.5,,Sedgebrook St between Bartley St & Sedgebrook St in Spring Hill,4,0,,153.022931,-27.463996,4000333,18.25,192,"{""coordinates"": [153.022931, -27.46399600000002], ""type"": ""Point""}","-27.46399600000002, 153.022931",4
4642,TICKETLESS METER MULTISPACE,ALLENBY ST,SPRING HILL,12,NONE,MON-FRI,7AM-7PM,"Zone 1, 15 min free",4.5,,Allenby St between Boundary St & Leichhardt St in Spring Hill,9,0,,153.022539,-27.461337,4000272,18.25,193,"{""coordinates"": [153.022539, -27.46133699999999], ""type"": ""Point""}","-27.46133699999999, 153.022539",9
4643,TICKETLESS METER MULTISPACE,ALLENBY ST,SPRING HILL,12,NONE,MON-FRI,7AM-7PM,"Zone 1, 15 min free",4.5,,Allenby St between Leichhardt St & Boundary St in Spring Hill,5,0,,153.022368,-27.461706,4000272,18.25,194,"{""coordinates"": [153.022368, -27.461706], ""type"": ""Point""}","-27.461706, 153.022368",5
4644,TICKETLESS METER MULTISPACE,LEICHHARDT ST,SPRING HILL,4,CLEARWAY 7AM-9AM MON-FRI TOWAWAY,MON-FRI,9AM-5:30PM,"Zone 1, 15 min free",4.5,,Leichhardt St between North St & Allenby St in Spring Hill,2,0,,153.022217,-27.461977,4000273,,195,"{""coordinates"": [153.022217, -27.461977], ""type"": ""Point""}","-27.461977, 153.022217",2
4645,TICKETLESS METER MULTISPACE,ALLENBY ST,SPRING HILL,12,NONE,MON-FRI,7AM-7PM,"Zone 1, 15 min free",4.5,,Allenby St between Leichhardt St & Boundary St in Spring Hill,7,0,,153.022514,-27.460959,4000272,18.25,196,"{""coordinates"": [153.022514, -27.460958999999995], ""type"": ""Point""}","-27.460958999999995, 153.022514",7
4646,TICKETLESS METER MULTISPACE,WICKHAM TCE,SPRING HILL,2,CLEARWAY 7AM-9AM MON-FRI TOWAWAY,MON-FRI,9AM-5:30PM,"Zone 1, 15 min free",6.85,,Wickham Tce between Bradley St & North St in Spring Hill,4,0,,153.020895,-27.461789,4000326,,197,"{""coordinates"": [153.020895, -27.461788999999996], ""type"": ""Point""}","-27.461788999999996, 153.020895",4
4647,TICKETLESS METER MULTISPACE,WICKHAM TCE,SPRING HILL,2,CLEARWAY 7AM-9AM MON-FRI TOWAWAY,MON-FRI,9AM-5:30PM,"Zone 1, 15 min free",6.85,,Wickham Tce between Dark St & Robert St in Spring Hill,2,0,,153.020039,-27.461491,4000326,,198,"{""coordinates"": [153.020039, -27.461491000000013], ""type"": ""Point""}","-27.461491000000013, 153.020039",2
4648,TICKETLESS METER MULTISPACE,WICKHAM TCE,BRISBANE CITY,2,CLEARWAY 4PM-7PM MON-FRI TOWAWAY,MON-FRI,8AM-4PM,"Zone 1, 15 min free",6.85,,Wickham Tce between Wickham Tce & College Rd in Spring Hill,4,0,,153.020037,-27.461757,4000139,,199,"{""coordinates"": [153.02003700000003, -27.461757], ""type"": ""Point""}","-27.461757, 153.02003700000003",4
4649,TICKETLESS METER MULTISPACE,DOWNING ST,SPRING HILL,12,NONE,MON-FRI,7AM-7PM,"Zone 1, 15 min free",4.5,,Downing St between Leichhardt St & End in Spring Hill,3,0,,153.02217,-27.462302,4000442,18.25,200,"{""coordinates"": [153.02217, -27.462302000000015], ""type"": ""Point""}","-27.462302000000015, 153.02217",3
4650,TICKETLESS METER MULTISPACE,LEICHHARDT ST,SPRING HILL,4,CLEARWAY 4PM-7PM MON-FRI TOWAWAY,MON-FRI,8AM-4PM,"Zone 1, 15 min free",4.5,,Leichhardt St between Birley St & Downing St in Spring Hill,5,0,,153.022479,-27.462121,4000443,,201,"{""coordinates"": [153.022479, -27.46212100000001], ""type"": ""Point""}","-27.46212100000001, 153.022479",5
4651,TICKETLESS METER MULTISPACE,LEICHHARDT ST,SPRING HILL,4,CLEARWAY 4PM-7PM MON-FRI TOWAWAY,MON-FRI,8AM-4PM,"Zone 1, 15 min free",4.5,,Leichhardt St between Sedgebrook St & Birley St in Spring Hill,6,0,,153.023057,-27.462285,4000443,,202,"{""coordinates"": [153.023057, -27.462285000000023], ""type"": ""Point""}","-27.462285000000023, 153.023057",6
4652,TICKETLESS METER MULTISPACE,LEICHHARDT ST,SPRING HILL,4,CLEARWAY 7AM-9AM MON-FRI TOWAWAY,MON-FRI,9AM-5:30PM,"Zone 1, 15 min free",4.5,,Leichhardt St between Allenby St & Fortescue St in Spring Hill,10,0,,153.022769,-27.462021,4000273,,203,"{""coordinates"": [153.02276900000004, -27.462020999999996], ""type"": ""Point""}","-27.462020999999996, 153.02276900000004",10
4653,TICKETLESS METER MULTISPACE,FORTESCUE ST,SPRING HILL,12,NONE,MON-FRI,7AM-7PM,"Zone 1, 15 min free",4.5,,Fortescue St between Leichhardt St & Boundary St in Spring Hill,8,0,,153.023352,-27.461339,4000280,18.25,204,"{""coordinates"": [153.023352, -27.461339], ""type"": ""Point""}","-27.461339, 153.023352",8
4654,TICKETLESS METER MULTISPACE,FORTESCUE ST,SPRING HILL,12,NONE,MON-FRI,7AM-7PM,"Zone 1, 15 min free",4.5,,Fortescue St between Boundary St & Leichhardt St in Spring Hill,7,0,,153.023463,-27.461567,4000280,18.25,205,"{""coordinates"": [153.023463, -27.46156700000001], ""type"": ""Point""}","-27.46156700000001, 153.023463",7
4655,TICKETLESS METER MULTISPACE,LITTLE EDWARD ST,SPRING HILL,2,"CLEARWAY 7AM-9AM,4PM-7PM MON-FRI TOWAWAY",MON-FRI,9AM-4PM,"Zone 1, 15 min free",6.85,,Little Edward St between Boundary St & Leichhardt St in Spring Hill,9,0,,153.024348,-27.462034,4000287,,206,"{""coordinates"": [153.02434800000003, -27.462034], ""type"": ""Point""}","-27.462034, 153.02434800000003",9
4656,TICKETLESS METER MULTISPACE,LITTLE EDWARD ST,SPRING HILL,2,"CLEARWAY 7AM-9AM,4PM-7PM MON-FRI TOWAWAY",MON-FRI,9AM-4PM,"Zone 1, 15 min free",6.85,,Little Edward St between Boundary St & Leichhardt St in Spring Hill,3,0,,153.024492,-27.461265,4000287,,207,"{""coordinates"": [153.024492, -27.46126500000001], ""type"": ""Point""}","-27.46126500000001, 153.024492",3
4657,TICKETLESS METER MULTISPACE,SEDGEBROOK ST,SPRING HILL,12,NONE,MON-FRI,7AM-7PM,"Zone 1, 15 min free",4.5,,Sedgebrook St between Mcnally St & Sedgebrook St in Spring Hill,2,0,,153.02315,-27.462837,4000275,18.25,208,"{""coordinates"": [153.02315, -27.462837000000018], ""type"": ""Point""}","-27.462837000000018, 153.02315",2
4658,TICKETLESS METER MULTISPACE,BERRY ST,SPRING HILL,2,NONE,MON-FRI,8AM-5PM,"Zone 1, 15 min free",6.85,,Berry St between Terrace Lane & Mcnally St in Spring Hill,3,0,,153.02349,-27.463148,4000284,,209,"{""coordinates"": [153.02349, -27.463148], ""type"": ""Point""}","-27.463148, 153.02349",3
4659,PAY BY MOBILE APP ONLY,SEDGEBROOK ST,SPRING HILL,12,NONE,MON-FRI,7AM-7PM,"Zone 1, 15 min free",4.5,,Sedgebrook St between Mcnally St & Sedgebrook St in Spring Hill,10,0,,153.022888,-27.463487,4000275,18.25,210,"{""coordinates"": [153.02288800000002, -27.463486999999994], ""type"": ""Point""}","-27.463486999999994, 153.02288800000002",10
4860,TICKETLESS METER MULTISPACE,WICKHAM GR,BOWEN HILLS,12,NONE,MON-FRI,7AM-7PM,"Zone 1, 15 min free",4.5,,Wickham Grove between Ross St & Edmonstone Rd in Bowen Hills,13,0,,153.041717,-27.443648,4000517,18.25,211,"{""coordinates"": [153.04171700000003, -27.443647999999996], ""type"": ""Point""}","-27.443647999999996, 153.04171700000003",13
4861,PAY BY MOBILE APP ONLY,EDMUND ST,NEWSTEAD,12,NONE,MON-FRI,7AM-7PM,"Zone 1, 15 min free",4.5,,Edmund St between Breakfast Ck Rd & Ross St in Bowen Hills,6,0,,153.042951,-27.443893,4000590,18.25,212,"{""coordinates"": [153.042951, -27.443892999999996], ""type"": ""Point""}","-27.443892999999996, 153.042951",6
4870,TICKETLESS METER MULTISPACE,FOLKESTONE ST,BOWEN HILLS,12,NONE,MON-FRI,7AM-7PM,"Zone 1, 15 min free",4.5,,Folkestone Rd between Edmonstone Rd & Cintra Rd in Bowen Hills,14,0,,153.040542,-27.444512,4000496,18.25,213,"{""coordinates"": [153.04054200000002, -27.444512000000003], ""type"": ""Point""}","-27.444512000000003, 153.04054200000002",14
4871,TICKETLESS METER MULTISPACE,FOLKESTONE ST,BOWEN HILLS,12,NONE,MON-FRI,7AM-7PM,"Zone 1, 15 min free",4.5,,Folkestone Rd between Abbortsford Rd & Edmonstone Rd in Bowen Hills,10,0,,153.039514,-27.444228,4000495,18.25,214,"{""coordinates"": [153.039514, -27.444228], ""type"": ""Point""}","-27.444228, 153.039514",10
4873,PAY BY MOBILE APP ONLY,HYNES ST,FORTITUDE VALLEY,3,NONE,MON-FRI,7AM-7PM,"Zone 1, 15 min free",6.85,,Hynes St between Light St & Knapp St in Bowen Hills,9,0,,153.038934,-27.450987,4000376,,215,"{""coordinates"": [153.038934, -27.450987000000005], ""type"": ""Point""}","-27.450987000000005, 153.038934",9
4874,TICKETLESS METER MULTISPACE,LIGHT ST,FORTITUDE VALLEY,12,NONE,MON-FRI,7AM-7PM,"Zone 1, 15 min free",4.5,,Light St between Wickham St & Hynes St in Bowen Hills,6,0,,153.039403,-27.451677,4000377,18.25,216,"{""coordinates"": [153.039403, -27.451676999999986], ""type"": ""Point""}","-27.451676999999986, 153.039403",6
4875,TICKETLESS METER MULTISPACE,KNAPP ST,FORTITUDE VALLEY,3,NONE,MON-FRI,7AM-7PM,"Zone 1, 15 min free",6.85,,Knapp St between Prospect St & End in Bowen Hills,18,0,,153.039494,-27.450122,4000374,,217,"{""coordinates"": [153.039494, -27.450121999999997], ""type"": ""Point""}","-27.450121999999997, 153.039494",18
4876,TICKETLESS METER MULTISPACE,SCANLAN ST,FORTITUDE VALLEY,12,NONE,MON-FRI,7AM-7PM,"Zone 1, 15 min free",4.5,,Scanlan St between Light St & End in Bowen Hills,4,0,,153.037934,-27.451033,4000373,18.25,218,"{""coordinates"": [153.037934, -27.45103300000001], ""type"": ""Point""}","-27.45103300000001, 153.037934",4
4877,TICKETLESS METER MULTISPACE,LANG PDE,AUCHENFLOWER,3,NONE,MON-FRI,7AM-7PM,"Zone 2, 15 min free",4.95,,Lang Pde between Lima St & Chasely St in Auchenflower,4,0,,152.997772,-27.475763,4000220,,219,"{""coordinates"": [152.99777199999997, -27.47576300000001], ""type"": ""Point""}","-27.47576300000001, 152.99777199999997",4
4900,PAY BY MOBILE APP ONLY,PROVIDENCE LANE,FORTITUDE VALLEY,3,BUS ZONE 4PM-6PM MON-FRI TOWAWAY,7 DAYS,"7AM-4PM & 6PM-10PM MON-FRI, 7AM-7PM SAT-SUN","Zone 1, 15 min free",6.85,3.7,"Providence Lane between Ivory St & Ann St, Fortitude Valley",8,0,,153.0348,-27.46069,4000905,,220,"{""coordinates"": [153.0348, -27.460690000000003], ""type"": ""Point""}","-27.460690000000003, 153.0348",8
4901,PAY BY MOBILE APP ONLY,PROVIDENCE LANE,FORTITUDE VALLEY,3,LOADING ZONE 7AM-9AM & 3PM-6PM MON-FRI,7 DAYS,"9AM-3PM & 6PM-10PM MON-FRI, 7AM-7PM SAT-SUN","Zone 1, 15 min free",6.85,3.7,"Providence Lane between Ivory St & Ann St, Fortitude Valley",8,0,,153.03459,-27.46065,4000906,,221,"{""coordinates"": [153.03459, -27.460649999999998], ""type"": ""Point""}","-27.460649999999998, 153.03459",8
5000,PAY BY MOBILE APP ONLY,HOPE ST,SOUTH BRISBANE,12,NONE,MON-FRI,7AM-7PM,"Zone 1, 15 min free",4.5,,Hope St between Peel St & Montague Rd in South Brisbane,7,0,,153.01525,-27.471419,4000597,18.25,222,"{""coordinates"": [153.01525, -27.471419000000008], ""type"": ""Point""}","-27.471419000000008, 153.01525",7
5001,PAY BY MOBILE APP ONLY,HOPE ST,SOUTH BRISBANE,12,NONE,MON-FRI,7AM-7PM,"Zone 1, 15 min free",4.5,,Hope St between Peel St & Montague Rd in South Brisbane,17,0,,153.015632,-27.471974,4000597,18.25,223,"{""coordinates"": [153.01563200000004, -27.47197399999999], ""type"": ""Point""}","-27.47197399999999, 153.01563200000004",17
5002,PAY BY MOBILE APP ONLY,HOPE ST,SOUTH BRISBANE,4,NONE,MON-FRI,7AM-7PM,"Zone 1, 15 min free",4.5,,Hope St between Peel St & Fish Line St in South Brisbane,17,0,,153.017025,-27.473747,4000622,,224,"{""coordinates"": [153.017025, -27.473747000000003], ""type"": ""Point""}","-27.473747000000003, 153.017025",17
5008,TICKETLESS METER MULTISPACE,BOUNDARY ST,SOUTH BRISBANE,12,NONE,MON-FRI,7AM-7PM,"Zone 1, 15 min free",4.5,,Boundary St between Peel St  & Cordelia St in South Brisbane,14,0,,153.013569,-27.47333,4000616,18.25,225,"{""coordinates"": [153.01356899999996, -27.473330000000008], ""type"": ""Point""}","-27.473330000000008, 153.01356899999996",14
5011,TICKETLESS METER MULTISPACE,BOUNDARY ST,SOUTH BRISBANE,12,NONE,MON-FRI,7AM-7PM,"Zone 1, 15 min free",4.5,,Boundary St between Edmondstone St & Melbourne St in South Brisbane,7,0,,153.013008,-27.476319,4000623,18.25,226,"{""coordinates"": [153.013008, -27.476318999999993], ""type"": ""Point""}","-27.476318999999993, 153.013008",7
5012,TICKETLESS METER MULTISPACE,MANNING ST,SOUTH BRISBANE,2,NONE,MON-FRI,8AM-5PM,"Zone 1, 15 min free",6.85,,Manning St between Fish Line St & Melbourne St in South Brisbane,2,0,,153.014389,-27.475684,4000618,,227,"{""coordinates"": [153.01438899999997, -27.475684], ""type"": ""Point""}","-27.475684, 153.01438899999997",2
5013,PAY BY MOBILE APP ONLY,MANNING ST,SOUTH BRISBANE,4,NONE,MON-FRI,8AM-5PM,"Zone 1, 15 min free",4.5,,Manning St between Melbourne St & Russell St in South Brisbane,5,0,,153.014872,-27.476374,4000629,,228,"{""coordinates"": [153.014872, -27.476374000000007], ""type"": ""Point""}","-27.476374000000007, 153.014872",5
5014,TICKETLESS METER MULTISPACE,MANNING ST,SOUTH BRISBANE,12,NONE,MON-FRI,7AM-7PM,"Zone 1, 15 min free",4.5,,Manning St between Melbourne St & Russell St in South Brisbane,8,0,,153.015476,-27.477274,4000630,18.25,229,"{""coordinates"": [153.015476, -27.477274000000005], ""type"": ""Point""}","-27.477274000000005, 153.015476",8
5015,TICKETLESS METER MULTISPACE,RUSSELL ST,SOUTH BRISBANE,3,NONE,7 DAYS,"7AM-7PM,7PM-10PM(MON-FRI),7AM-7PM(SAT,SUN)","Zone 1, 15 min free",6.85,3.7,Russell St between Cordelia St & Edmonstone St in South Brisbane,13,0,,153.016195,-27.477646,4000627,,230,"{""coordinates"": [153.01619500000004, -27.477646], ""type"": ""Point""}","-27.477646, 153.01619500000004",13
5016,TICKETLESS METER MULTISPACE,RUSSELL ST,SOUTH BRISBANE,12,NONE,MON-FRI,7AM-7PM,"Zone 1, 15 min free",4.5,,Russell St between Cordelia St & Edmonstone St in South Brisbane,9,0,,153.015451,-27.478053,4000633,18.25,231,"{""coordinates"": [153.015451, -27.478053000000006], ""type"": ""Point""}","-27.478053000000006, 153.015451",9
5017,PAY BY MOBILE APP ONLY,MANNING ST,SOUTH BRISBANE,2,NONE,MON-FRI,8AM-5PM,"Zone 1, 15 min free",6.85,,Manning St between Melbourne St & Russell St in South Brisbane,4,0,,153.014762,-27.476474,4000618,,232,"{""coordinates"": [153.014762, -27.476473999999996], ""type"": ""Point""}","-27.476473999999996, 153.014762",4
5018,TICKETLESS METER MULTISPACE,EDMONDSTONE ST,SOUTH BRISBANE,12,NONE,MON-FRI,7AM-7PM,"Zone 1, 15 min free",4.5,,Edmondstone St between Melbourne St & Russell St in South Brisbane,8,0,,153.014347,-27.477535,4000632,18.25,233,"{""coordinates"": [153.01434700000001, -27.477535000000017], ""type"": ""Point""}","-27.477535000000017, 153.01434700000001",8
5019,TICKETLESS METER MULTISPACE,EDMONDSTONE ST,SOUTH BRISBANE,12,NONE,MON-FRI,7AM-7PM,"Zone 1, 15 min free",4.5,,Edmondstone St between Russell St & Vulture St in South Brisbane,10,0,,153.015262,-27.478874,4000631,18.25,234,"{""coordinates"": [153.015262, -27.478873999999994], ""type"": ""Point""}","-27.478873999999994, 153.015262",10
5020,TICKETLESS METER MULTISPACE,EDMONDSTONE ST,SOUTH BRISBANE,12,NONE,MON-FRI,7AM-7PM,"Zone 1, 15 min free",4.5,,Edmondstone St between Russell St & Vulture St in South Brisbane,8,0,,153.015737,-27.479568,4000631,18.25,235,"{""coordinates"": [153.01573699999997, -27.479568000000018], ""type"": ""Point""}","-27.479568000000018, 153.01573699999997",8
5021,TICKETLESS METER MULTISPACE,EDMONDSTONE ST,SOUTH BRISBANE,12,NONE,MON-FRI,7AM-7PM,"Zone 1, 15 min free",4.5,,Edmondstone St between Russell St & Melbourne St in South Brisbane,6,0,,153.014139,-27.47748,4000632,18.25,236,"{""coordinates"": [153.014139, -27.477480000000003], ""type"": ""Point""}","-27.477480000000003, 153.014139",6
5022,PAY BY MOBILE APP ONLY,BRERETON ST,SOUTH BRISBANE,12,NONE,MON-FRI,7AM-7PM,"Zone 1, 15 min free",4.5,,Brereton St between Montague Rd & Oxford St in South Brisbane,22,0,,153.011491,-27.474218,4000611,18.25,237,"{""coordinates"": [153.01149099999998, -27.474218000000008], ""type"": ""Point""}","-27.474218000000008, 153.01149099999998",22
5024,TICKETLESS METER MULTISPACE,MOLLISON ST,SOUTH BRISBANE,4,NONE,MON-FRI,8AM-5PM,"Zone 1, 15 min free",4.5,,Mollison St between Montague Rd & Bank St in South Brisbane,8,0,,153.010066,-27.47641,4000610,,238,"{""coordinates"": [153.010066, -27.476409999999998], ""type"": ""Point""}","-27.476409999999998, 153.010066",8
5025,TICKETLESS METER MULTISPACE,BANK ST,WEST END,12,NONE,MON-FRI,7AM-7PM,"Zone 1, 15 min free",4.5,,Bank St between Jane St & Mollison St in West End,21,0,,153.009523,-27.477178,4000668,18.25,239,"{""coordinates"": [153.009523, -27.477178000000006], ""type"": ""Point""}","-27.477178000000006, 153.009523",21
5026,PAY BY MOBILE APP ONLY,MONTAGUE RD,WEST END,4,NONE,MON-FRI,7AM-7PM,"Zone 1, 15 min free",4.5,,Montague Rd between Mollison St & Jane St in West End,11,0,,153.008889,-27.476249,4000661,,240,"{""coordinates"": [153.008889, -27.476249], ""type"": ""Point""}","-27.476249, 153.008889",11
5028,TICKETLESS METER MULTISPACE,JANE ST,WEST END,12,NONE,MON-FRI,7AM-7PM,"Zone 1, 15 min free",4.5,,Jane St between Montague Rd & Bank St in West End,8,0,,153.007261,-27.478398,4000670,18.25,241,"{""coordinates"": [153.007261, -27.478397999999995], ""type"": ""Point""}","-27.478397999999995, 153.007261",8
5029,TICKETLESS METER MULTISPACE,JANE ST,WEST END,4,NONE,MON-FRI,8AM-5PM,"Zone 1, 15 min free",4.5,,Jane St between Montague Rd & Bank St in West End,2,0,,153.007392,-27.478542,4000694,,242,"{""coordinates"": [153.007392, -27.478542000000004], ""type"": ""Point""}","-27.478542000000004, 153.007392",2
5031,TICKETLESS METER MULTISPACE,BOUNDARY ST,WEST END,2,NONE,MON-FRI,7AM-7PM,"Zone 1, 15 min free",6.85,,Boundary St between Browning St & Russell St in West End,4,0,,153.012673,-27.478062,4000672,,243,"{""coordinates"": [153.01267300000004, -27.478062000000016], ""type"": ""Point""}","-27.478062000000016, 153.01267300000004",4
5032,TICKETLESS METER MULTISPACE,BOUNDARY ST,WEST END,2,NONE,MON-FRI,7AM-7PM,"Zone 1, 15 min free",6.85,,Boundary St between Russell St & Vulture St in West End,2,0,,153.012279,-27.480211,4000673,,244,"{""coordinates"": [153.012279, -27.48021099999999], ""type"": ""Point""}","-27.48021099999999, 153.012279",2
5033,TICKETLESS METER MULTISPACE,BOUNDARY ST,WEST END,2,NONE,MON-FRI,8AM-5PM,"Zone 1, 15 min free",6.85,,Boundary St between Vulture St & Jane St in West End,9,0,,153.012105,-27.48033,4000707,,245,"{""coordinates"": [153.01210499999996, -27.480330000000002], ""type"": ""Point""}","-27.480330000000002, 153.01210499999996",9
5034,TICKETLESS METER MULTISPACE,BOUNDARY ST,WEST END,2,NONE,MON-FRI,7AM-7PM,"Zone 1, 15 min free",6.85,,Boundary St between Vulture St & Jane St in West End,5,0,,153.012444,-27.478531,4000672,,246,"{""coordinates"": [153.012444, -27.478531000000014], ""type"": ""Point""}","-27.478531000000014, 153.012444",5
5035,TICKETLESS METER MULTISPACE,OCONNELL ST,WEST END,12,NONE,MON-FRI,7AM-7PM,"Zone 1, 15 min free",4.5,,O'Connell St between Russell St & Besant St in West End,9,0,,153.013631,-27.480329,4000676,18.25,247,"{""coordinates"": [153.013631, -27.480328999999998], ""type"": ""Point""}","-27.480328999999998, 153.013631",9
5036,TICKETLESS METER MULTISPACE,OCONNELL ST,WEST END,12,NONE,MON-FRI,7AM-7PM,"Zone 1, 15 min free",4.5,,O'Connell St between Russell St & Besant St in West End,6,0,,153.013136,-27.479616,4000676,18.25,248,"{""coordinates"": [153.013136, -27.479616000000004], ""type"": ""Point""}","-27.479616000000004, 153.013136",6
5038,TICKETLESS METER MULTISPACE,OCONNELL ST,WEST END,12,NONE,MON-FRI,7AM-7PM,"Zone 1, 15 min free",4.5,,O'Connell St between Besant St & Russell St in West End,8,0,,153.013798,-27.480817,4000676,18.25,249,"{""coordinates"": [153.013798, -27.480816999999995], ""type"": ""Point""}","-27.480816999999995, 153.013798",8
5039,TICKETLESS METER MULTISPACE,RUSSELL ST,WEST END,2,NONE,MON-FRI,8AM-5PM,"Zone 1, 15 min free",6.85,,Russell St between Browning St & O'Connell St in West End,8,0,,153.013277,-27.479246,4000675,,250,"{""coordinates"": [153.01327699999996, -27.479246000000018], ""type"": ""Point""}","-27.479246000000018, 153.01327699999996",8
5040,TICKETLESS METER MULTISPACE,OCONNELL ST,WEST END,12,NONE,MON-FRI,7AM-7PM,"Zone 1, 15 min free",4.5,,O'Connell St between Besant St & Russell St in West End,5,0,,153.013071,-27.479756,4000676,18.25,251,"{""coordinates"": [153.013071, -27.479756], ""type"": ""Point""}","-27.479756, 153.013071",5
5041,TICKETLESS METER MULTISPACE,RUSSELL ST,WEST END,2,NONE,MON-FRI,8AM-5PM,"Zone 1, 15 min free",6.85,,Russell St between Boundary St & Browning St in West End,7,0,,153.013432,-27.47895,4000675,,252,"{""coordinates"": [153.01343200000002, -27.478950000000015], ""type"": ""Point""}","-27.478950000000015, 153.01343200000002",7
5042,TICKETLESS METER MULTISPACE,RUSSELL ST,SOUTH BRISBANE,3,NONE,MON-FRI,7AM-7PM,"Zone 1, 15 min free",6.85,,Russell St between Boundary St & Browning St in South Brisbane,11,0,,153.014293,-27.478493,4000653,,253,"{""coordinates"": [153.014293, -27.478493000000014], ""type"": ""Point""}","-27.478493000000014, 153.014293",11
5043,TICKETLESS METER MULTISPACE,VULTURE ST,WEST END,4,NONE,MON-FRI,8AM-5PM,"Zone 1, 15 min free",4.5,,Vulture St between Franklin St & Sussex St in West End,10,0,,153.013433,-27.481253,4000612,,254,"{""coordinates"": [153.013433, -27.481253000000013], ""type"": ""Point""}","-27.481253000000013, 153.013433",10
5044,TICKETLESS METER MULTISPACE,VULTURE ST,WEST END,2,NONE,MON-FRI,7AM-7PM,"Zone 1, 15 min free",6.85,,Vulture St between Sussex St & Boundary St in West End,6,0,,153.012589,-27.481115,4000682,,255,"{""coordinates"": [153.012589, -27.481115000000003], ""type"": ""Point""}","-27.481115000000003, 153.012589",6
5045,TICKETLESS METER MULTISPACE,VULTURE ST,WEST END,1,NONE,MON-FRI,7AM-7PM,"Zone 1, 15 min free",6.85,,Vulture St between Boundary St & Thomas St in West End,3,0,,153.011633,-27.480979,4000687,,256,"{""coordinates"": [153.01163299999996, -27.480979000000023], ""type"": ""Point""}","-27.480979000000023, 153.01163299999996",3
5046,TICKETLESS METER MULTISPACE,VULTURE ST,WEST END,4,NONE,MON-FRI,7AM-7PM,"Zone 1, 15 min free",4.5,,Vulture St between Thomas St & Princhester St in West End,8,0,,153.011248,-27.480914,4000705,,257,"{""coordinates"": [153.01124800000002, -27.480913999999995], ""type"": ""Point""}","-27.480913999999995, 153.01124800000002",8
5047,TICKETLESS METER MULTISPACE,VULTURE ST,WEST END,12,NONE,MON-FRI,7AM-7PM,"Zone 2, 15 min free",3.45,,Vulture St between Montague Rd & Hardgrave Rd in West End,11,0,,153.006199,-27.480248,4000698,16.75,258,"{""coordinates"": [153.00619900000004, -27.48024800000001], ""type"": ""Point""}","-27.48024800000001, 153.00619900000004",11
5049,TICKETLESS METER MULTISPACE,VULTURE ST,WEST END,4,NONE,MON-FRI,8AM-5PM,"Zone 1, 15 min free",4.5,,Vulture St between Horan St & Army St in West End,3,0,,153.009732,-27.480562,4000690,,259,"{""coordinates"": [153.009732, -27.480562000000003], ""type"": ""Point""}","-27.480562000000003, 153.009732",3
5050,TICKETLESS METER MULTISPACE,VULTURE ST,WEST END,4,NONE,MON-FRI,7AM-7PM,"Zone 1, 15 min free",4.5,,Vulture St between Horan St & Army St in West End,5,0,,153.010731,-27.480712,4000705,,260,"{""coordinates"": [153.010731, -27.48071200000001], ""type"": ""Point""}","-27.48071200000001, 153.010731",5
5051,TICKETLESS METER MULTISPACE,VULTURE ST,WEST END,1,NONE,MON-FRI,7AM-7PM,"Zone 1, 15 min free",6.85,,Vulture St between Boundary St & Besant St in West End,3,0,,153.012463,-27.480957,4000683,,261,"{""coordinates"": [153.012463, -27.480957000000014], ""type"": ""Point""}","-27.480957000000014, 153.012463",3
5052,TICKETLESS METER MULTISPACE,VULTURE ST,WEST END,4,NONE,MON-FRI,7AM-7PM,"Zone 1, 15 min free",4.5,,Vulture St between Boundary St & Besant St in West End,8,0,,153.013123,-27.481065,4000681,,262,"{""coordinates"": [153.013123, -27.481065000000008], ""type"": ""Point""}","-27.481065000000008, 153.013123",8
5053,TICKETLESS METER MULTISPACE,SUSSEX ST,WEST END,12,NONE,MON-FRI,7AM-7PM,"Zone 1, 15 min free",4.5,,Sussex St between Vulture St & Brighton Rd in West End,15,0,,153.013009,-27.481771,4000684,18.25,263,"{""coordinates"": [153.01300899999998, -27.481771000000002], ""type"": ""Point""}","-27.481771000000002, 153.01300899999998",15
5054,TICKETLESS METER MULTISPACE,SUSSEX ST,WEST END,4,NONE,MON-FRI,8AM-5PM,"Zone 2, 15 min free",3.45,,Sussex St between Brighton Rd & Vulture St in West End,8,0,,153.012836,-27.481885,4000685,,264,"{""coordinates"": [153.01283600000002, -27.48188500000002], ""type"": ""Point""}","-27.48188500000002, 153.01283600000002",8
5055,TICKETLESS METER MULTISPACE,BOUNDARY ST,WEST END,4,NONE,MON-FRI,8AM-5PM,"Zone 1, 15 min free",4.5,,Boundary St between Corbett St & Vulture St in West End,9,0,,153.011847,-27.481678,4000686,,265,"{""coordinates"": [153.011847, -27.481678000000013], ""type"": ""Point""}","-27.481678000000013, 153.011847",9
5056,TICKETLESS METER MULTISPACE,THOMAS ST,WEST END,4,NONE,MON-FRI,8AM-5PM,"Zone 2, 15 min free",3.45,,Thomas St between Vulture St & Corbett St in West End,9,0,,153.01128,-27.481405,4000678,,266,"{""coordinates"": [153.01128, -27.481405000000002], ""type"": ""Point""}","-27.481405000000002, 153.01128",9
5057,TICKETLESS METER MULTISPACE,THOMAS ST,WEST END,4,NONE,MON-FRI,8AM-5PM,"Zone 1, 15 min free",4.5,,Thomas St between Vulture St & Jane St in West End,8,0,,153.011417,-27.480038,4000692,,267,"{""coordinates"": [153.011417, -27.480037999999993], ""type"": ""Point""}","-27.480037999999993, 153.011417",8
5058,TICKETLESS METER MULTISPACE,THOMAS ST,WEST END,12,NONE,MON-FRI,7AM-7PM,"Zone 1, 15 min free",4.5,,Thomas St between Vulture St & Jane St in West End,6,0,,153.011539,-27.479408,4000689,18.25,268,"{""coordinates"": [153.011539, -27.479407999999996], ""type"": ""Point""}","-27.479407999999996, 153.011539",6
5059,TICKETLESS METER MULTISPACE,JANE ST,WEST END,12,NONE,MON-FRI,7AM-7PM,"Zone 1, 15 min free",4.5,,Jane St between Amersham St & Horan St in West End,9,0,,153.010402,-27.478985,4000671,18.25,269,"{""coordinates"": [153.010402, -27.478985], ""type"": ""Point""}","-27.478985, 153.010402",9
5060,TICKETLESS METER MULTISPACE,AMBLESIDE ST,WEST END,12,NONE,MON-FRI,7AM-7PM,"Zone 1, 15 min free",4.5,,Ambleside St between Amersham St & Horan St in West End,7,0,,153.009958,-27.479542,4000691,18.25,270,"{""coordinates"": [153.009958, -27.479542000000016], ""type"": ""Point""}","-27.479542000000016, 153.009958",7
5062,PAY BY MOBILE APP ONLY,BEESLEY ST,WEST END,4,NONE,MON-FRI,7AM-7PM,"Zone 1, 15 min free",4.5,,Beesley St between Pidgeon Cl & Montague Rd in West End,10,0,,153.003819,-27.481372,4000701,,271,"{""coordinates"": [153.003819, -27.481372], ""type"": ""Point""}","-27.481372, 153.003819",10
5063,TICKETLESS METER MULTISPACE,MONTAGUE RD,WEST END,4,NONE,MON-FRI,7AM-7PM,"Zone 1, 15 min free",4.5,,Montague Rd between Beesley St & Jane St in West End,7,0,,153.004514,-27.481216,4000700,,272,"{""coordinates"": [153.004514, -27.481215999999993], ""type"": ""Point""}","-27.481215999999993, 153.004514",7
5065,TICKETLESS METER MULTISPACE,MONTAGUE RD,WEST END,12,NONE,MON-FRI,7AM-7PM,"Zone 1, 15 min free",4.5,,Montague Rd between Beesley St & Jane St in West End,9,0,,153.005755,-27.479271,4000699,18.25,273,"{""coordinates"": [153.00575499999997, -27.479270999999986], ""type"": ""Point""}","-27.479270999999986, 153.00575499999997",9
5066,TICKETLESS METER MULTISPACE,MONTAGUE RD,WEST END,4,NONE,MON-FRI,7AM-7PM,"Zone 1, 15 min free",4.5,,Montague Rd between Beesley St & Jane St in West End,5,0,,153.006135,-27.478689,4000700,,274,"{""coordinates"": [153.006135, -27.478689000000003], ""type"": ""Point""}","-27.478689000000003, 153.006135",5
5067,TICKETLESS METER MULTISPACE,SCOTT ST,WEST END,12,NONE,MON-FRI,7AM-7PM,"Zone 2, 15 min free",3.45,,Scott St between Hardgrave Rd & Montague Rd in West End,8,0,,153.006673,-27.479511,4000697,16.75,275,"{""coordinates"": [153.006673, -27.479510999999995], ""type"": ""Point""}","-27.479510999999995, 153.006673",8
5068,PAY BY MOBILE APP ONLY,JANE ST,WEST END,4,NONE,MON-FRI,7AM-7PM,"Zone 1, 15 min free",4.5,,Jane St between Montague St & Brisbane River in West End,9,0,,153.00595,-27.478035,4000828,,276,"{""coordinates"": [153.00595, -27.478035000000013], ""type"": ""Point""}","-27.478035000000013, 153.00595",9
5069,PAY BY MOBILE APP ONLY,ANTHONY ST,WEST END,12,NONE,MON-FRI,7AM-7PM,"Zone 1, 15 min free",4.5,,Anthony St between Montague Rd & Buchanan St in West End,7,0,,153.007416,-27.476961,4000666,18.25,277,"{""coordinates"": [153.007416, -27.476961000000014], ""type"": ""Point""}","-27.476961000000014, 153.007416",7
5070,TICKETLESS METER MULTISPACE,ANTHONY ST,WEST END,12,NONE,MON-FRI,7AM-7PM,"Zone 1, 15 min free",4.5,,Anthony St between Montague Rd & Buchanan St in West End,5,0,,153.006837,-27.476424,4000666,18.25,278,"{""coordinates"": [153.006837, -27.476424], ""type"": ""Point""}","-27.476424, 153.006837",5
5071,TICKETLESS METER MULTISPACE,JANE ST,WEST END,12,NONE,MON-FRI,7AM-7PM,"Zone 1, 15 min free",4.5,,Jane St between Montague St & Brisbane River in West End,16,0,,153.005517,-27.477655,4000664,18.25,279,"{""coordinates"": [153.00551700000003, -27.477654999999984], ""type"": ""Point""}","-27.477654999999984, 153.00551700000003",16
5073,TICKETLESS METER MULTISPACE,DONKIN ST,WEST END,12,NONE,MON-FRI,7AM-7PM,"Zone 1, 15 min free",4.5,,Donkin St between Buchanan St & Montague Rd in West End,30,0,,153.007506,-27.475835,4000660,18.25,280,"{""coordinates"": [153.007506, -27.47583499999999], ""type"": ""Point""}","-27.47583499999999, 153.007506",30
5074,PAY BY MOBILE APP ONLY,MONTAGUE RD,WEST END,4,NONE,MON-FRI,7AM-7PM,"Zone 1, 15 min free",4.5,,Montague Rd between Donkin St & Hockings St in West End,8,0,,153.008579,-27.476355,4000661,,281,"{""coordinates"": [153.008579, -27.47635500000001], ""type"": ""Point""}","-27.47635500000001, 153.008579",8
5075,TICKETLESS METER MULTISPACE,ANTHONY ST,WEST END,4,NONE,MON-FRI,8AM-5PM,"Zone 1, 15 min free",4.5,,Montague Rd between Donkin St & Hockings St in West End,4,0,,153.006669,-27.476095,4000827,,282,"{""coordinates"": [153.006669, -27.476095], ""type"": ""Point""}","-27.476095, 153.006669",4
5077,TICKETLESS METER MULTISPACE,BUCHANAN ST,WEST END,12,NONE,MON-FRI,7AM-7PM,"Zone 1, 15 min free",4.5,,Buchanan St between Donkin St & Anthony St in West End,9,0,,153.006827,-27.475804,4000660,18.25,283,"{""coordinates"": [153.00682700000002, -27.475804000000018], ""type"": ""Point""}","-27.475804000000018, 153.00682700000002",9
5080,PAY BY MOBILE APP ONLY,MONTAGUE RD,SOUTH BRISBANE,4,NONE,MON-FRI,7AM-7PM,"Zone 1, 15 min free",4.5,,Montague Rd between Norfolk Rd & Cameron St in South Brisbane,6,0,,153.010255,-27.475053,4000606,,284,"{""coordinates"": [153.010255, -27.475053000000003], ""type"": ""Point""}","-27.475053000000003, 153.010255",6
5081,PAY BY MOBILE APP ONLY,MONTAGUE RD,SOUTH BRISBANE,4,NONE,MON-FRI,7AM-7PM,"Zone 1, 15 min free",4.5,,Montague Rd between Brereton St & Norfolk Rd in South Brisbane,6,0,,153.011078,-27.474312,4000606,,285,"{""coordinates"": [153.01107800000003, -27.474311999999998], ""type"": ""Point""}","-27.474311999999998, 153.01107800000003",6
5082,TICKETLESS METER MULTISPACE,MONTAGUE RD,SOUTH BRISBANE,12,NONE,MON-FRI,7AM-7PM,"Zone 1, 15 min free",4.5,,Montague Rd between Boundary St & Brereton St in South Brisbane,13,0,,153.012428,-27.473099,4000605,18.25,286,"{""coordinates"": [153.012428, -27.473099000000012], ""type"": ""Point""}","-27.473099000000012, 153.012428",13
5084,PAY BY MOBILE APP ONLY,MONTAGUE RD,SOUTH BRISBANE,3,NONE,MON-FRI,7AM-7PM,"Zone 1, 15 min free",6.85,,Montague Rd between Grey St & Hope St in South Brisbane,9,0,,153.015723,-27.470836,4000600,,287,"{""coordinates"": [153.01572300000004, -27.470835999999995], ""type"": ""Point""}","-27.470835999999995, 153.01572300000004",9
5085,PAY BY MOBILE APP ONLY,MONTAGUE RD,SOUTH BRISBANE,3,NONE,MON-FRI,7AM-7PM,"Zone 1, 15 min free",6.85,,Montague Rd between Go Between Br and Stanley Pl in South Brisbane,3,0,,153.015406,-27.470855,4000600,,288,"{""coordinates"": [153.015406, -27.470855000000018], ""type"": ""Point""}","-27.470855000000018, 153.015406",3
5086,PAY BY MOBILE APP ONLY,MONTAGUE RD,SOUTH BRISBANE,3,NONE,MON-FRI,7AM-7PM,"Zone 1, 15 min free",6.85,,Montague Rd between Go Between Br and Stanley Pl in South Brisbane,5,0,,153.014502,-27.471343,4000600,,289,"{""coordinates"": [153.014502, -27.47134300000001], ""type"": ""Point""}","-27.47134300000001, 153.014502",5
5087,TICKETLESS METER MULTISPACE,MONTAGUE RD,SOUTH BRISBANE,12,NONE,MON-FRI,7AM-7PM,"Zone 1, 15 min free",4.5,,Montague Rd between Hockings St & Bouquet St in South Brisbane,8,0,,153.012253,-27.473101,4000605,18.25,290,"{""coordinates"": [153.012253, -27.473100999999993], ""type"": ""Point""}","-27.473100999999993, 153.012253",8
5088,PAY BY MOBILE APP ONLY,MONTAGUE RD,SOUTH BRISBANE,4,NONE,MON-FRI,7AM-7PM,"Zone 1, 15 min free",4.5,,Montague Rd between Hockings St & Bouquet St in South Brisbane,17,0,,153.01042,-27.474701,4000606,,291,"{""coordinates"": [153.01042, -27.47470100000001], ""type"": ""Point""}","-27.47470100000001, 153.01042",17
5089,TICKETLESS METER MULTISPACE,MONTAGUE RD,WEST END,4,NONE,MON-FRI,8AM-5PM,"Zone 1, 15 min free",4.5,,Montague Rd between Musgrave St & Anthony St in West End,8,0,,153.007344,-27.477446,4000665,,292,"{""coordinates"": [153.007344, -27.477445999999997], ""type"": ""Point""}","-27.477445999999997, 153.007344",8
5090,PAY BY MOBILE APP ONLY,VICTORIA ST,WEST END,12,NONE,MON-FRI,7AM-7PM,"Zone 1, 15 min free",4.5,,Victoria St between Montague Rd & Brisbane River in West End,20,0,,153.001403,-27.481626,4000703,18.25,293,"{""coordinates"": [153.001403, -27.481625999999988], ""type"": ""Point""}","-27.481625999999988, 153.001403",20
5093,PAY BY MOBILE APP ONLY,JANE ST,WEST END,12,NONE,MON-FRI,7AM-7PM,"Zone 1, 15 min free",4.5,,Jane St between Brisbane River & Montague Rd in West End,6,0,,153.005965,-27.477877,4000664,18.25,294,"{""coordinates"": [153.00596499999997, -27.477876999999996], ""type"": ""Point""}","-27.477876999999996, 153.00596499999997",6
5094,TICKETLESS METER MULTISPACE,BUCHANAN ST,WEST END,12,NONE,MON-FRI,7AM-7PM,"Zone 1, 15 min free",4.5,,Buchanan St between Musgrave St & Jane St in West End,12,0,,153.005614,-27.476875,4000663,18.25,295,"{""coordinates"": [153.005614, -27.476875000000003], ""type"": ""Point""}","-27.476875000000003, 153.005614",12
5095,PAY BY MOBILE APP ONLY,BUCHANAN ST,WEST END,4,NONE,MON-FRI,8AM-5PM,"Zone 1, 15 min free",4.5,,Buchanan St between Anthony St & Musgrave St in West End,6,0,,153.006099,-27.476456,4000662,,296,"{""coordinates"": [153.006099, -27.476456000000002], ""type"": ""Point""}","-27.476456000000002, 153.006099",6
5097,PAY BY MOBILE APP ONLY,MUSGRAVE ST,WEST END,4,NONE,MON-FRI,8AM-5PM,"Zone 1, 15 min free",4.5,,Musgrave St between Buchanan St & Montague Rd in West End,9,0,,153.006308,-27.477057,4000662,,297,"{""coordinates"": [153.006308, -27.477057000000013], ""type"": ""Point""}","-27.477057000000013, 153.006308",9
5098,PAY BY MOBILE APP ONLY,MUSGRAVE ST,WEST END,12,NONE,MON-FRI,7AM-7PM,"Zone 1, 15 min free",4.5,,Musgrave St between Montague Rd & Buchanan St in West End,13,0,,153.006559,-27.477156,4000667,18.25,298,"{""coordinates"": [153.006559, -27.477156000000022], ""type"": ""Point""}","-27.477156000000022, 153.006559",13
5099,PAY BY MOBILE APP ONLY,ANTHONY ST,WEST END,4,NONE,MON-FRI,8AM-5PM,"Zone 1, 15 min free",4.5,,Anthony St between Buchanan St & Montague Rd in West End,10,0,,153.007479,-27.476839,4000665,,299,"{""coordinates"": [153.007479, -27.476839000000016], ""type"": ""Point""}","-27.476839000000016, 153.007479",10
5100,TICKETLESS METER MULTISPACE,HOCKINGS ST,SOUTH BRISBANE,4,NONE,MON-FRI,8AM-5PM,"Zone 1, 15 min free",4.5,,Hockings St between Montague Rd & End in South Brisbane,8,0,,153.008786,-27.475112,4000608,,300,"{""coordinates"": [153.00878600000001, -27.475112000000006], ""type"": ""Point""}","-27.475112000000006, 153.00878600000001",8
5101,TICKETLESS METER MULTISPACE,CORDELIA ST,SOUTH BRISBANE,12,NONE,MON-FRI,7AM-7PM,"Zone 1, 15 min free",4.5,,Cordelia St between Peel St & Boundary St in South Brisbane,4,0,,153.01412,-27.473365,4000617,18.25,301,"{""coordinates"": [153.01412, -27.47336500000002], ""type"": ""Point""}","-27.47336500000002, 153.01412",4
5103,TICKETLESS METER MULTISPACE,NOTT ST,SOUTH BRISBANE,12,NONE,MON-FRI,7AM-7PM,"Zone 1, 15 min free",4.5,,Nott St between End & Hockings St in South Brisbane,19,0,,153.009081,-27.474812,4000607,18.25,302,"{""coordinates"": [153.009081, -27.474812000000014], ""type"": ""Point""}","-27.474812000000014, 153.009081",19
5104,PAY BY MOBILE APP ONLY,VULTURE ST,WEST END,3,NONE,MON-FRI,8AM-5PM,"Zone 1, 15 min free",6.85,,Vulture St between Hardgrave Rd & Montague Rd in West End,8,0,,153.006243,-27.480397,4000696,,303,"{""coordinates"": [153.00624299999998, -27.480396999999986], ""type"": ""Point""}","-27.480396999999986, 153.00624299999998",8
5105,TICKETLESS METER MULTISPACE,HARDGRAVE RD,WEST END,2,NONE,MON-FRI,8AM-5PM,"Zone 2, 15 min free",4.95,,Hardgrave Rd between Victoria St & Skinner St in West End,5,0,,153.006904,-27.482402,4000695,,304,"{""coordinates"": [153.00690400000002, -27.482402], ""type"": ""Point""}","-27.482402, 153.00690400000002",5
5106,TICKETLESS METER MULTISPACE,HARDGRAVE RD,WEST END,4,NONE,MON-FRI,8AM-5PM,"Zone 1, 15 min free",4.5,,Hardgrave Rd between Skinner St & Vulture St in West End,7,0,,153.007072,-27.481468,4000704,,305,"{""coordinates"": [153.00707199999997, -27.481468], ""type"": ""Point""}","-27.481468, 153.00707199999997",7
5107,TICKETLESS METER MULTISPACE,HARDGRAVE RD,WEST END,12,NONE,MON-FRI,7AM-7PM,"Zone 1, 15 min free",4.5,,Hardgrave Rd between Vulture St & Scott St in West End,8,0,,153.00736,-27.4799,4000693,18.25,306,"{""coordinates"": [153.00736000000003, -27.479900000000008], ""type"": ""Point""}","-27.479900000000008, 153.00736000000003",8
5108,TICKETLESS METER MULTISPACE,BANK ST,WEST END,12,NONE,MON-FRI,7AM-7PM,"Zone 1, 15 min free",4.5,,Bank St between Jane St & Mollison St in West End,10,0,,153.009025,-27.477618,4000668,18.25,307,"{""coordinates"": [153.00902500000004, -27.477617999999993], ""type"": ""Point""}","-27.477617999999993, 153.00902500000004",10
5109,PAY BY MOBILE APP ONLY,BANK ST,WEST END,4,NONE,MON-FRI,8AM-5PM,"Zone 1, 15 min free",4.5,,Bank St between Mollison St & Skelton St in West End,6,0,,153.009966,-27.476971,4000669,,308,"{""coordinates"": [153.009966, -27.476971000000002], ""type"": ""Point""}","-27.476971000000002, 153.009966",6
5110,TICKETLESS METER MULTISPACE,BANK ST,WEST END,4,NONE,MON-FRI,8AM-5PM,"Zone 1, 15 min free",4.5,,Bank St between Mollison St & Skelton St in West End,10,0,,153.00934,-27.477537,4000669,,309,"{""coordinates"": [153.00933999999998, -27.477537], ""type"": ""Point""}","-27.477537, 153.00933999999998",10
5111,TICKETLESS METER MULTISPACE,BANK ST,WEST END,4,NONE,MON-FRI,8AM-5PM,"Zone 1, 15 min free",4.5,,Bank St between Skelton St & Jane St in West End,7,0,,153.008588,-27.478218,4000669,,310,"{""coordinates"": [153.00858799999997, -27.478218], ""type"": ""Point""}","-27.478218, 153.00858799999997",7
5112,TICKETLESS METER MULTISPACE,HARDGRAVE RD,WEST END,4,NONE,MON-FRI,8AM-5PM,"Zone 1, 15 min free",4.5,,Hardgrave Rd between Vulture St & Granville St in West End,5,0,,153.00733,-27.480913,4000704,,311,"{""coordinates"": [153.00733, -27.48091300000002], ""type"": ""Point""}","-27.48091300000002, 153.00733",5
5113,TICKETLESS METER MULTISPACE,HARDGRAVE RD,WEST END,4,NONE,MON-FRI,8AM-5PM,"Zone 1, 15 min free",4.5,,Hardgrave Rd between Vulture St & Granville St in West End,7,0,,153.007201,-27.48159,4000704,,312,"{""coordinates"": [153.007201, -27.481589999999997], ""type"": ""Point""}","-27.481589999999997, 153.007201",7
5114,TICKETLESS METER MULTISPACE,JANE ST,WEST END,12,NONE,MON-FRI,7AM-7PM,"Zone 1, 15 min free",4.5,,Jane St between Bank St & Little Jane St in West End,11,0,,153.009806,-27.47876,4000671,18.25,313,"{""coordinates"": [153.009806, -27.47876], ""type"": ""Point""}","-27.47876, 153.009806",11
5115,TICKETLESS METER MULTISPACE,JANE ST,WEST END,4,NONE,MON-FRI,8AM-5PM,"Zone 1, 15 min free",4.5,,Jane St between Little Jane St & Boundary St in West End,13,0,,153.011198,-27.478974,4000694,,314,"{""coordinates"": [153.011198, -27.478974000000008], ""type"": ""Point""}","-27.478974000000008, 153.011198",13
5117,TICKETLESS METER MULTISPACE,CAMERON ST,SOUTH BRISBANE,12,NONE,MON-FRI,7AM-7PM,"Zone 1, 15 min free",4.5,,Cameron St between End & Montague Rd in South Brisbane,15,0,,153.010301,-27.475561,4000609,18.25,315,"{""coordinates"": [153.010301, -27.475561], ""type"": ""Point""}","-27.475561, 153.010301",15
4120,PAY BY MOBILE APP ONLY,QUEEN ST,BRISBANE CITY,3,LOADING ZONE 5AM-7PM MON-FRI,7 DAYS,"7PM-10PM MON-FRI, 7AM-7PM SAT-SUN",Zone 1,,3.7,Queen St between Eagle Lane & Creek St in CBD,5,0,,153.02886,-27.46689,4000868,,316,"{""coordinates"": [153.02885999999998, -27.466890000000014], ""type"": ""Point""}","-27.466890000000014, 153.02885999999998",5
4121,PAY BY MOBILE APP ONLY,QUEEN ST,BRISBANE CITY,12,M/C PARKING ONLY,MON-FRI,7AM-7PM MON-FRI,Zone 1,2.45,,Queen St between Eagle Lane & Creek St in CBD,0,29,2.45,153.02946,-27.46642,4000869,12.25,317,"{""coordinates"": [153.02945999999997, -27.466420000000014], ""type"": ""Point""}","-27.466420000000014, 153.02945999999997",0
4122,PAY BY MOBILE APP ONLY,QUEEN ST,BRISBANE CITY,3,NONE,7 DAYS,"7AM-7PM,7PM-10PM(MON-FRI),7AM-7PM(SAT,SUN)",Zone 1,6.85,3.7,Queen St between Wharf St & Adelaide St in CBD,10,0,,153.03086,-27.46519,4000870,,318,"{""coordinates"": [153.03086, -27.46519000000001], ""type"": ""Point""}","-27.46519000000001, 153.03086",10
4123,PAY BY MOBILE APP ONLY,CHARLOTTE ST,BRISBANE CITY,3,"LZ 5AM-3PM M-F, BZ 3PM-7PM M-F & 12:30AM-6AM S-S",7 DAYS,"7PM-10PM MON-FRI, 7AM-7PM SAT-SUN",Zone 1,,3.7,Charlotte St between Eagle St & Market St in CBD,10,0,,153.02978,-27.46885,4000878,,319,"{""coordinates"": [153.02978000000002, -27.468850000000003], ""type"": ""Point""}","-27.468850000000003, 153.02978000000002",10
4124,PAY BY MOBILE APP ONLY,CHARLOTTE ST,BRISBANE CITY,12,M/C PARKING ONLY,MON-FRI,7AM-7PM MON-FRI,Zone 1,2.45,,Charlotte St between Eagle St & Albert St,0,30,2.45,153.02781,-27.47029,4000877,12.25,320,"{""coordinates"": [153.02781, -27.47029], ""type"": ""Point""}","-27.47029, 153.02781",0
4125,PAY BY MOBILE APP ONLY,CHARLOTTE ST,BRISBANE CITY,3,LOADING ZONE 5AM-7PM MON-FRI,7 DAYS,"7PM-10PM MON-FRI, 7AM-7PM SAT-SUN",Zone 1,,3.7,Charlotte St between Albert St & George St in CBD,6,0,,153.02633,-27.47153,4000876,,321,"{""coordinates"": [153.02633, -27.471530000000016], ""type"": ""Point""}","-27.471530000000016, 153.02633",6
4126,PAY BY MOBILE APP ONLY,ELIZABETH ST,BRISBANE CITY,3,BZ 6-10AM & 2:30-7PM M-FRI & LZ all other times,7 DAYS,"7PM-10PM MON-FRI, 7AM-7PM SAT-SUN",Zone 1,,3.7,Elizabeth St between George St & Albert St in Brisbane City,8,0,,153.02558,-27.47063,4000901,,322,"{""coordinates"": [153.02558, -27.470629999999993], ""type"": ""Point""}","-27.470629999999993, 153.02558",8
4127,PAY BY MOBILE APP ONLY,ELIZABETH ST,BRISBANE CITY,3,NO STOPPING 6-10AM & 3-7PM MON-FRI & TAXI AOT,7 DAYS,"10AM-3PM & 7-10PM M-FRI, 7AM-7PM SAT-SUN",Zone 1,6.85,3.7,Elizabeth St between Edward St & Creek St in Brisbane City,6,0,,153.02866,-27.46828,4000902,,323,"{""coordinates"": [153.02866, -27.468280000000014], ""type"": ""Point""}","-27.468280000000014, 153.02866",6
4128,PAY BY MOBILE APP ONLY,QUEEN ST,BRISBANE CITY,3,"NO STOPPING 3PM-7PM MON-FRI, LZ AOT",7 DAYS,"7PM-10PM MON-FRI, 7AM-7PM SAT-SUN",Zone 1,,3.7,Queen St between Creek St & Wharf St in Brisbane City,4,0,,153.03011,-27.4658,4000900,,324,"{""coordinates"": [153.03011, -27.465800000000005], ""type"": ""Point""}","-27.465800000000005, 153.03011",4
4129,PAY BY MOBILE APP ONLY,ANN ST,BRISBANE CITY,3,"C/WAY 7AM-11AM, 2PM-7PM MON-SAT TOWAWAY",MON-FRI,"11AM-2PM,7PM-10PM(MON-FRI)",Zone 1,6.85,3.7,Ann St between Hutton Lane & Creek St in Brisbane City,2,0,,153.02748,-27.46531,4000903,,325,"{""coordinates"": [153.02748, -27.46531], ""type"": ""Point""}","-27.46531, 153.02748",2
4130,PAY BY MOBILE APP ONLY,EAGLE TCE,AUCHENFLOWER,12,NONE,MON-FRI,7AM-7PM,"Zone 2, 15 min free",3.45,,Eagle Tce between Camford St & Cue St in Auchenflower,17,0,,152.99855,-27.4739,4000913,16.75,326,"{""coordinates"": [152.99855000000002, -27.473899999999997], ""type"": ""Point""}","-27.473899999999997, 152.99855000000002",17
4131,PAY BY MOBILE APP ONLY,EAGLE TCE,AUCHENFLOWER,12,NONE,MON-FRI,7AM-7PM,"Zone 2, 15 min free",3.45,,Eagle Tce between Cue St & Ridley St in Auchenflower,9,0,,152.997129,-27.475211,4000914,16.75,327,"{""coordinates"": [152.997129, -27.475211000000016], ""type"": ""Point""}","-27.475211000000016, 152.997129",9
4132,PAY BY MOBILE APP ONLY,HEUSSLER TCE,MILTON,12,NONE,MON-FRI,7AM-7PM,"Zone 2, 15 min free",3.45,,Huessler Tce between Finchley St & Fernberg Rd in Milton,15,0,,153.004756,-27.465282,4000915,16.75,328,"{""coordinates"": [153.004756, -27.46528199999999], ""type"": ""Point""}","-27.46528199999999, 153.004756",15
4133,PAY BY MOBILE APP ONLY,CROMBIE ST,MILTON,3,NONE,MON-FRI,8AM-4PM,"Zone 1, 15 min free",6.85,,Crombie St between Railway Tce & McDougall St in Milton,11,0,,153.0073,-27.46948,4000916,,329,"{""coordinates"": [153.0073, -27.46948], ""type"": ""Point""}","-27.46948, 153.0073",11
4136,PAY BY MOBILE APP ONLY,MARIE ST,MILTON,12,NONE,MON-FRI,7AM-7PM,"Zone 2, 15 min free",3.45,,Marie St between Graham St & Fort Lane in Milton,13,0,,153.004105,-27.472524,4000921,16.75,330,"{""coordinates"": [153.004105, -27.472524], ""type"": ""Point""}","-27.472524, 153.004105",13
4137,PAY BY MOBILE APP ONLY,FORT LANE,MILTON,3,NONE,MON-FRI,8AM-4PM,"Zone 2, 15 min free",4.95,,Fort Lane between Park Rd & Marie St in Milton,3,0,,153.00479,-27.471943,4000920,,331,"{""coordinates"": [153.00479, -27.471942999999992], ""type"": ""Point""}","-27.471942999999992, 153.00479",3
4138,PAY BY MOBILE APP ONLY,GORDON ST,MILTON,3,NONE,MON-FRI,8AM-4PM,"Zone 2, 15 min free",4.95,,Gordon St between Park Rd & Sheehan St in Milton,13,0,,153.00399,-27.47061,4000917,,332,"{""coordinates"": [153.00399, -27.47060999999999], ""type"": ""Point""}","-27.47060999999999, 153.00399",13
4141,PAY BY MOBILE APP ONLY,CREEK ST,BRISBANE CITY,3,LOADING ZONE 5AM-4PM MON-FRI,7 DAYS,4PM-10PM (MON-FRI) & 7AM-7PM SAT-SUN,Zone 1,6.85,3.7,Creek St between Adelaide St & Ann St in Brisbane City,10,0,,153.027704,-27.466039,4000926,,333,"{""coordinates"": [153.02770400000003, -27.46603900000001], ""type"": ""Point""}","-27.46603900000001, 153.02770400000003",10
4142,PAY BY MOBILE APP ONLY,HUTTON LANE,BRISBANE CITY,3,LOADING ZONE 5AM-7PM MON-FRI,7 DAYS,7PM-10PM (MON-FRI) & 7AM-7PM SAT-SUN,Zone 1,3.7,,Hutton Lane between Ann St & Adelaide St in Brisbane City,6,0,,153.028439,-27.465316,4000927,,334,"{""coordinates"": [153.02843899999996, -27.465315999999998], ""type"": ""Point""}","-27.465315999999998, 153.02843899999996",6
4143,PAY BY MOBILE APP ONLY,ADELAIDE ST,BRISBANE CITY,3,LOADING ZONE 5AM-7PM MON-FRI,7 DAYS,7PM-10PM (MON-FRI) & 7AM-7PM SAT-SUN,Zone 1,3.7,,Adelaide St between Hutton Lane & Wharf St in Brisbane City,8,0,,153.028821,-27.465485,4000928,,335,"{""coordinates"": [153.028821, -27.465485000000005], ""type"": ""Point""}","-27.465485000000005, 153.028821",8
4145,PAY BY MOBILE APP ONLY,CRIBB ST,MILTON,3,NONE,MON-FRI,8AM-4PM,"Zone 1, 15 min free",6.85,,Cribb St between Coronation Dve & McDougall St in Milton,6,0,,153.008093,-27.469963,4000922,,336,"{""coordinates"": [153.00809299999997, -27.469963000000003], ""type"": ""Point""}","-27.469963000000003, 153.00809299999997",6
4178,TICKETLESS METER MULTISPACE,COLLEGE CLOSE CAR PARK,ROMA ST PARKLAND,4P-12P,NONE,7 DAYS,7AM-7PM MON-FRI 4P SAT-SUN 7AM-7PM 12P,Zone 1,4.5,2.55,,27,0,,153.016312,-27.461672,4000167,18.25/14.25,337,"{""coordinates"": [153.016312, -27.461671999999993], ""type"": ""Point""}","-27.461671999999993, 153.016312",27
4179,PAY BY MOBILE APP ONLY,COLLEGE CLOSE CAR PARK,ROMA ST PARKLAND,12,NONE,7 DAYS,"7AM-7PM(MON-FRI),7AM-7PM(SAT,SUN)",Zone 1,4.5,2.55,College Close Car Park in Roma Street Parklands,88,0,,153.01593,-27.46157,4000880,18.25/14.25,338,"{""coordinates"": [153.01593, -27.461569999999995], ""type"": ""Point""}","-27.461569999999995, 153.01593",88
4180,TICKETLESS METER MULTISPACE,PARKLAND BLVD,ROMA ST PARKLAND,3,NONE,7 DAYS,"7AM-7PM,7PM-10PM(MON-FRI),7AM-7PM(SAT,SUN)",Zone 1,6.85,3.7,Parkland Boulevard at Roma Street Parkland,8,0,,153.016655,-27.4625,4000169,,339,"{""coordinates"": [153.016655, -27.46250000000001], ""type"": ""Point""}","-27.46250000000001, 153.016655",8
4181,TICKETLESS METER MULTISPACE,PARKLAND BLVD,ROMA ST PARKLAND,3,NONE,7 DAYS,"7AM-7PM,7PM-10PM(MON-FRI),7AM-7PM(SAT,SUN)",Zone 1,6.85,3.7,Parkland Boulevard at Roma Street Parkland,4,5,2.95,153.016747,-27.462738,4000169,,340,"{""coordinates"": [153.016747, -27.46273800000001], ""type"": ""Point""}","-27.46273800000001, 153.016747",4
4182,TICKETLESS METER MULTISPACE,PARKLAND BLVD,ROMA ST PARKLAND,3,NONE,7 DAYS,"7AM-7PM,7PM-10PM(MON-FRI),7AM-7PM(SAT,SUN)",Zone 1,6.85,3.7,Parkland Boulevard at Roma Street Parkland,10,5,2.95,153.01739,-27.463538,4000169,,341,"{""coordinates"": [153.01739, -27.463538000000018], ""type"": ""Point""}","-27.463538000000018, 153.01739",10
4183,TICKETLESS METER MULTISPACE,PARKLAND BLVD,ROMA ST PARKLAND,3,NONE,7 DAYS,"7AM-7PM,7PM-10PM(MON-FRI),7AM-7PM(SAT,SUN)",Zone 1,6.85,3.7,Parkland Boulevard at Roma Street Parkland,8,0,,153.018707,-27.463995,4000169,,342,"{""coordinates"": [153.018707, -27.46399500000002], ""type"": ""Point""}","-27.46399500000002, 153.018707",8
4186,PAY BY MOBILE APP ONLY,MCDOUGALL ST,MILTON,3,NONE,MON-FRI,8AM-4PM,"Zone 1, 15 min free",6.85,,McDougall St between Crombie St & Cribb St in Milton,5,0,,153.007747,-27.469814,4000241,,343,"{""coordinates"": [153.00774700000002, -27.469814], ""type"": ""Point""}","-27.469814, 153.00774700000002",5
4187,PAY BY MOBILE APP ONLY,GRANZELLA ST,MILTON,12,NONE,MON-FRI,7AM-7PM,"Zone 2, 15 min free",3.45,,Granzella St between Milton Rd & Black St in Milton,9,0,,153.008092,-27.467173,4000251,16.75,344,"{""coordinates"": [153.008092, -27.467173000000013], ""type"": ""Point""}","-27.467173000000013, 153.008092",9
4188,PAY BY MOBILE APP ONLY,WALSH ST,MILTON,3,NONE,MON-FRI,8AM-4PM,"Zone 1, 15 min free",6.85,,Walsh St between Railway Tce & Mcdougall St in Milton,28,0,,153.006367,-27.469638,4000242,,345,"{""coordinates"": [153.00636699999998, -27.469638000000014], ""type"": ""Point""}","-27.469638000000014, 153.00636699999998",28
4190,PAY BY MOBILE APP ONLY,COSTIN ST,BOWEN HILLS,12,,MON-FRI,7AM-7PM MON-FRI,"Zone 1, 15 min free",4.5,,Costin St between Gregory Tce & Water St in Bowen Hills,5,0,,153.03126,-27.45182,4000893,18.25,346,"{""coordinates"": [153.03126, -27.45182000000002], ""type"": ""Point""}","-27.45182000000002, 153.03126",5
4196,TICKETLESS METER MULTISPACE,OCONNELL TCE,BOWEN HILLS,4,"CLEARWAY 7AM-9AM,4PM-7PM MON-FRI TOWAWAY",MON-FRI,9AM-4PM,"Zone 1, 15 min free",4.5,,O'Connell Tce between Bowen Bridge Rd & Brookes St in Bowen Hills,8,0,,153.030345,-27.448098,4000512,,347,"{""coordinates"": [153.030345, -27.44809800000001], ""type"": ""Point""}","-27.44809800000001, 153.030345",8
4197,TICKETLESS METER MULTISPACE,OCONNELL TCE,BOWEN HILLS,4,"CLEARWAY 7AM-9AM,4PM-7PM MON-FRI TOWAWAY",MON-FRI,9AM-4PM,"Zone 1, 15 min free",4.5,,O'Connell Tce between Bowen Bridge Rd & Brookes St in Bowen Hills,5,0,,153.031174,-27.448235,4000512,,348,"{""coordinates"": [153.031174, -27.44823499999999], ""type"": ""Point""}","-27.44823499999999, 153.031174",5
4199,TICKETLESS METER MULTISPACE,MARY ST,BRISBANE CITY,3,NONE,7 DAYS,"7AM-7PM,7PM-10PM(MON-FRI),7AM-7PM(SAT,SUN)",Zone 1,6.85,3.7,Mary St between Edward St & Albert St in CBD,7,0,,153.028599,-27.471141,4000114,,349,"{""coordinates"": [153.028599, -27.471141000000003], ""type"": ""Point""}","-27.471141000000003, 153.028599",7
4200,TICKETLESS METER MULTISPACE,ALICE ST,BRISBANE CITY,3,BUS ZONE 4PM-7PM MON-FRI,7 DAYS,"7AM-4PM,7PM-10PM(MON-FRI),7AM-7PM(SAT,SUN)",Zone 1,6.85,3.7,Alice St between Edward St & Albert St in CBD,11,0,,153.03,-27.472706,4000122,,350,"{""coordinates"": [153.03, -27.47270600000001], ""type"": ""Point""}","-27.47270600000001, 153.03",11
4201,TICKETLESS METER MULTISPACE,ALICE ST,BRISBANE CITY,3,BUS ZONE 4PM-7PM MON-FRI,7 DAYS,"7AM-4PM,7PM-10PM(MON-FRI),7AM-7PM(SAT,SUN)",Zone 1,6.85,3.7,Alice St between Edward St & Albert St in CBD,10,0,,153.029536,-27.473074,4000122,,351,"{""coordinates"": [153.029536, -27.473073999999986], ""type"": ""Point""}","-27.473073999999986, 153.029536",10
4202,TICKETLESS METER MULTISPACE,ALICE ST,BRISBANE CITY,3,CLEARWAY 4PM-7PM MON-FRI TOWAWAY,7 DAYS,"7AM-4PM,7PM-10PM(MON-FRI),7AM-7PM(SAT,SUN)",Zone 1,6.85,3.7,Alice St between Edward St & Albert St in CBD,12,0,,153.030002,-27.472514,4000123,,352,"{""coordinates"": [153.03000200000002, -27.47251400000001], ""type"": ""Point""}","-27.47251400000001, 153.03000200000002",12
4203,TICKETLESS METER MULTISPACE,ALICE ST,BRISBANE CITY,3,CLEARWAY 4PM-7PM MON-FRI TOWAWAY,7 DAYS,"7AM-4PM,7PM-10PM(MON-FRI),7AM-7PM(SAT,SUN)",Zone 1,6.85,3.7,Alice St between Edward St & Albert St in CBD,6,0,,153.029638,-27.47281,4000123,,353,"{""coordinates"": [153.02963800000003, -27.472810000000013], ""type"": ""Point""}","-27.472810000000013, 153.02963800000003",6
4204,TICKETLESS METER MULTISPACE,ALICE ST,BRISBANE CITY,3,CLEARWAY 4PM-7PM MON-FRI TOWAWAY,7 DAYS,"7AM-4PM,7PM-10PM(MON-FRI),7AM-7PM(SAT,SUN)",Zone 1,6.85,3.7,Alice St between Albert St & George St in CBD,6,0,,153.028284,-27.473859,4000124,,354,"{""coordinates"": [153.028284, -27.47385900000001], ""type"": ""Point""}","-27.47385900000001, 153.028284",6
4205,TICKETLESS METER MULTISPACE,ALICE ST,BRISBANE CITY,3,CLEARWAY 4PM-7PM MON-FRI TOWAWAY,7 DAYS,"7AM-4PM,7PM-10PM(MON-FRI),7AM-7PM(SAT,SUN)",Zone 1,6.85,3.7,Alice St between Albert St & George St in CBD,10,0,,153.02779,-27.474241,4000124,,355,"{""coordinates"": [153.02779, -27.474240999999996], ""type"": ""Point""}","-27.474240999999996, 153.02779",10
4210,PAY BY MOBILE APP ONLY,MCDOUGALL ST,MILTON,3,NONE,MON-FRI,8AM-4PM,"Zone 1, 15 min free",6.85,,McDougall St between Manning St & Park Rd in Milton,16,0,,153.005524,-27.471453,4000241,,356,"{""coordinates"": [153.00552400000004, -27.471453000000015], ""type"": ""Point""}","-27.471453000000015, 153.00552400000004",16
4212,TICKETLESS METER MULTISPACE,MARGARET ST,BRISBANE CITY,3,BUS ZONE 3PM-7PM MON-FRI,7 DAYS,"7AM-3PM,7PM-10PM(MON-FRI),7AM-7PM(SAT,SUN)",Zone 1,6.85,3.7,Margaret St between Edward St & Albert St in CBD,9,0,,153.028781,-27.472325,4000832,,357,"{""coordinates"": [153.028781, -27.472325000000005], ""type"": ""Point""}","-27.472325000000005, 153.028781",9
4213,TICKETLESS METER MULTISPACE,MARGARET ST,BRISBANE CITY,3,NONE,7 DAYS,"7AM-7PM,7PM-10PM(MON-FRI),7AM-7PM(SAT,SUN)",Zone 1,6.85,3.7,Margaret St between Edward St & Albert St in CBD,11,0,,153.029151,-27.47205,4000116,,358,"{""coordinates"": [153.029151, -27.47205000000001], ""type"": ""Point""}","-27.47205000000001, 153.029151",11
4215,TICKETLESS METER MULTISPACE,MARGARET ST,BRISBANE CITY,3,"NO STOPPING 7AM-9AM,BUS ZONE 3PM-7PM MON-FRI",7 DAYS,"9AM-3PM,7PM-10PM(MON-FRI),7AM-7PM(SAT,SUN)",Zone 1,6.85,3.7,Margaret St between Albert St & George St in CBD,13,0,,153.026989,-27.473738,4000108,,359,"{""coordinates"": [153.02698899999996, -27.473737999999994], ""type"": ""Point""}","-27.473737999999994, 153.02698899999996",13
4216,TICKETLESS METER MULTISPACE,MARGARET ST,BRISBANE CITY,3,"NO STOPPING 7AM-9AM,BUS ZONE 3PM-7PM MON-FRI",7 DAYS,"9AM-3PM,7PM-10PM(MON-FRI),7AM-7PM(SAT,SUN)",Zone 1,6.85,3.7,Margaret St between Albert St & George St in CBD,3,0,,153.02737,-27.473423,4000108,,360,"{""coordinates"": [153.02737000000002, -27.473423000000018], ""type"": ""Point""}","-27.473423000000018, 153.02737000000002",3
4217,PAY BY MOBILE APP ONLY,PETRIE TCE,PETRIE TERRACE,3,"CLEARWAY 7AM-9AM,4PM-7PM MON-FRI TOWAWAY",MON-FRI,9AM-4PM,"Zone 1, 15 min free",6.85,,Petrie Tce between Secombe St & Musgrave Rd in Petrie Tce,42,0,,153.014601,-27.462385,4000419,,361,"{""coordinates"": [153.014601, -27.462385000000012], ""type"": ""Point""}","-27.462385000000012, 153.014601",42
4218,PAY BY MOBILE APP ONLY,GEORGE ST,BRISBANE CITY,3,BUS ZONE 6AM-9AM & 3PM-7PM MON-FRI,7 DAYS,"9AM-3PM,7PM-10PM(MON-FRI),7AM-7PM(SAT,SUN)",Zone 1,6.85,3.7,George Street between Margaret & Mary Streets,4,0,,153.02631,-27.473892,4000118,,362,"{""coordinates"": [153.02631, -27.473891999999992], ""type"": ""Point""}","-27.473891999999992, 153.02631",4
4220,TICKETLESS METER MULTISPACE,TURBOT ST,BRISBANE CITY,3,"CLEARWAY 7AM-9AM,4PM-7PM MON-FRI TOWAWAY",7 DAYS,"9AM-4PM,7PM-10PM(MON-FRI),7AM-7PM(SAT,SUN)",Zone 1,6.85,3.7,Turbot St between Edward St & Wharf St in CBD,9,0,,153.026544,-27.465032,4000149,,363,"{""coordinates"": [153.026544, -27.465031999999994], ""type"": ""Point""}","-27.465031999999994, 153.026544",9
4224,TICKETLESS METER MULTISPACE,MARY ST,BRISBANE CITY,3,NONE,7 DAYS,"7AM-7PM,7PM-10PM(MON-FRI),7AM-7PM(SAT,SUN)",Zone 1,6.85,3.7,Mary St between Albert St & Edward St in CBD,3,0,,153.028169,-27.471296,4000114,,364,"{""coordinates"": [153.028169, -27.471296000000006], ""type"": ""Point""}","-27.471296000000006, 153.028169",3
4226,TICKETLESS METER MULTISPACE,MARY ST,BRISBANE CITY,3,NONE,7 DAYS,"7AM-7PM,7PM-10PM(MON-FRI),7AM-7PM(SAT,SUN)",Zone 1,6.85,3.7,Mary St between George St & Albert St in CBD,5,0,,153.026606,-27.472513,4000113,,365,"{""coordinates"": [153.02660600000002, -27.47251300000001], ""type"": ""Point""}","-27.47251300000001, 153.02660600000002",5
4227,PAY BY MOBILE APP ONLY,GEORGE ST,BRISBANE CITY,3,"CLEARWAY 7AM-9AM,4PM-7PM MON-FRI TOWAWAY",7 DAYS,"9AM-4PM,7PM-10PM(MON-FRI),7AM-7PM(SAT,SUN)",Zone 1,6.85,3.7,George St between Mary St & Margaret St in CBD,5,0,,153.026121,-27.473497,4000112,,366,"{""coordinates"": [153.026121, -27.473497000000005], ""type"": ""Point""}","-27.473497000000005, 153.026121",5
4228,TICKETLESS METER MULTISPACE,GEORGE ST,BRISBANE CITY,3,"CLEARWAY 7AM-9AM,4PM-7PM MON-FRI TOWAWAY",7 DAYS,"9AM-4PM,7PM-10PM(MON-FRI),7AM-7PM(SAT,SUN)",Zone 1,6.85,3.7,George St between Charlotte St & Mary St in CBD,6,0,,153.025433,-27.472776,4000112,,367,"{""coordinates"": [153.025433, -27.472776000000007], ""type"": ""Point""}","-27.472776000000007, 153.025433",6
4229,TICKETLESS METER MULTISPACE,MARY ST,BRISBANE CITY,3,NONE,7 DAYS,"7AM-7PM,7PM-10PM(MON-FRI),7AM-7PM(SAT,SUN)",Zone 1,6.85,3.7,Mary St between George St & Albert St in CBD,5,0,,153.026529,-27.472748,4000831,,368,"{""coordinates"": [153.026529, -27.472747999999996], ""type"": ""Point""}","-27.472747999999996, 153.026529",5
4230,TICKETLESS METER MULTISPACE,MARKET ST,BRISBANE CITY,3,TAXI ZONE ALL OTHER TIMES,7 DAYS,"7AM-7PM,7PM-10PM(MON-FRI),7AM-7PM(SAT,SUN)",Zone 1,6.85,3.7,Market St between Mary St & Charlotte St in CBD,5,0,,153.029743,-27.469636,4000104,,369,"{""coordinates"": [153.029743, -27.46963600000001], ""type"": ""Point""}","-27.46963600000001, 153.029743",5
4231,TICKETLESS METER MULTISPACE,CHARLOTTE ST,BRISBANE CITY,3,NONE,7 DAYS,"7AM-7PM,7PM-10PM(MON-FRI),7AM-7PM(SAT,SUN)",Zone 1,6.85,3.7,Charlotte St between Eagle St & Edward St in CBD,6,0,,153.029238,-27.469122,4000105,,370,"{""coordinates"": [153.02923800000002, -27.469121999999984], ""type"": ""Point""}","-27.469121999999984, 153.02923800000002",6
4232,TICKETLESS METER MULTISPACE,CHARLOTTE ST,BRISBANE CITY,3,NONE,7 DAYS,"7AM-7PM,7PM-10PM(MON-FRI),7AM-7PM(SAT,SUN)",Zone 1,6.85,3.7,Charlotte St between Eagle St & Edward St in CBD,9,0,,153.028946,-27.46936,4000105,,371,"{""coordinates"": [153.02894599999996, -27.46936000000001], ""type"": ""Point""}","-27.46936000000001, 153.02894599999996",9
4234,Hybrid,CHARLOTTE ST,BRISBANE CITY,3,NONE,7 DAYS,"7AM-7PM,7PM-10PM(MON-FRI),7AM-7PM(SAT,SUN)",Zone 1,6.85,3.7,Charlotte St between Edward St & Albert St in CBD,8,0,,153.027481,-27.47052,4000111,,372,"{""coordinates"": [153.027481, -27.47051999999999], ""type"": ""Point""}","-27.47051999999999, 153.027481",8
4237,TICKETLESS METER MULTISPACE,CHARLOTTE ST,BRISBANE CITY,3,NONE,7 DAYS,"7AM-7PM,7PM-10PM(MON-FRI),7AM-7PM(SAT,SUN)",Zone 1,6.85,3.7,Charlotte St between Albert St & George St in CBD,12,0,,153.025516,-27.472037,4000111,,373,"{""coordinates"": [153.025516, -27.47203700000001], ""type"": ""Point""}","-27.47203700000001, 153.025516",12
4238,TICKETLESS METER MULTISPACE,NORTH QUAY,BRISBANE CITY,3,BUS ZONE 4PM-7PM MON-FRI,7 DAYS,"7AM-4PM,7PM-10PM(MON-FRI),7AM-7PM(SAT,SUN)",Zone 1,6.85,3.7,North Quay between Skew St & Makerston St in CBD,9,0,,153.016684,-27.467232,4000160,,374,"{""coordinates"": [153.016684, -27.467232000000017], ""type"": ""Point""}","-27.467232000000017, 153.016684",9
4244,TICKETLESS METER MULTISPACE,CREEK ST,BRISBANE CITY,3,NO STOPPING 4PM-7PM MON-FRI,7 DAYS,"7AM-4PM,7PM-10PM(MON-FRI),7AM-7PM(SAT,SUN)",Zone 1,6.85,3.7,Creek St between Charlotte St and Elizabeth St in CBD,4,0,,153.029667,-27.468184,4000103,,375,"{""coordinates"": [153.029667, -27.468184000000015], ""type"": ""Point""}","-27.468184000000015, 153.029667",4
4245,PAY BY MOBILE APP ONLY,TURBOT ST,BRISBANE CITY,3,C/WAY 7-9AM & 4-7PM M-F TOWAWAY,7 DAYS,"9AM-4PM,7PM-10PM(MON-FRI),7AM-7PM(SAT,SUN)",Zone 1,6.85,3.7,Turbot St between Albert St & Edward St in Brisbane,10,0,,153.023803,-27.466674,4000146,,376,"{""coordinates"": [153.023803, -27.466673999999998], ""type"": ""Point""}","-27.466673999999998, 153.023803",10
4246,TICKETLESS METER MULTISPACE,ALBERT ST,BRISBANE CITY,3,NONE,7 DAYS,"7AM-7PM,7PM-10PM(MON-FRI),7AM-7PM(SAT,SUN)",Zone 1,6.85,3.7,Albert St between Turbot St & Wickham Tce in CBD,6,0,,153.021879,-27.466099,4000142,,377,"{""coordinates"": [153.021879, -27.466099000000018], ""type"": ""Point""}","-27.466099000000018, 153.021879",6
4247,TICKETLESS METER MULTISPACE,ALBERT ST,BRISBANE CITY,3,NONE,7 DAYS,"7AM-7PM,7PM-10PM(MON-FRI),7AM-7PM(SAT,SUN)",Zone 1,6.85,3.7,Albert St between Turbot St & Wickham Tce in CBD,6,0,,153.021518,-27.465713,4000142,,378,"{""coordinates"": [153.021518, -27.46571299999999], ""type"": ""Point""}","-27.46571299999999, 153.021518",6
4248,TICKETLESS METER MULTISPACE,ALBERT ST,BRISBANE CITY,3,NONE,7 DAYS,"7AM-7PM,7PM-10PM(MON-FRI),7AM-7PM(SAT,SUN)",Zone 1,6.85,3.7,Albert St between Turbot St & Wickham Tce in CBD,7,0,,153.021309,-27.465487,4000142,,379,"{""coordinates"": [153.021309, -27.465487000000014], ""type"": ""Point""}","-27.465487000000014, 153.021309",7
4249,TICKETLESS METER MULTISPACE,ALBERT ST,BRISBANE CITY,3,NONE,7 DAYS,"7AM-7PM,7PM-10PM(MON-FRI),7AM-7PM(SAT,SUN)",Zone 1,6.85,3.7,Albert St between Turbot St & Wickham Tce in CBD,13,0,,153.021236,-27.465636,4000142,,380,"{""coordinates"": [153.021236, -27.465636000000018], ""type"": ""Point""}","-27.465636000000018, 153.021236",13
4250,TICKETLESS METER MULTISPACE,ALBERT ST,BRISBANE CITY,3,NONE,7 DAYS,"7AM-7PM,7PM-10PM(MON-FRI),7AM-7PM(SAT,SUN)",Zone 1,6.85,3.7,Albert St between Turbot St & Wickham Tce in CBD,11,0,,153.020992,-27.465194,4000142,,381,"{""coordinates"": [153.020992, -27.465194], ""type"": ""Point""}","-27.465194, 153.020992",11
4251,PAY BY MOBILE APP ONLY,TURBOT ST,BRISBANE CITY,3,"C/WAY 7-9AM & 4-7PM M-F TOWAWAY, LZ 9AM-4PM M-F",7 DAYS,"7PM-10PM(MON-FRI),7AM-7PM(SAT,SUN)",Zone 1,,3.7,Turbot St between Albert St & Edward St in Brisbane,10,0,,153.023383,-27.467157,4000861,,382,"{""coordinates"": [153.02338300000002, -27.467157], ""type"": ""Point""}","-27.467157, 153.02338300000002",10
4253,TICKETLESS METER MULTISPACE,TURBOT ST,BRISBANE CITY,3,NONE,7 DAYS,"7AM-7PM,7PM-10PM(MON-FRI),7AM-7PM(SAT,SUN)",Zone 1,6.85,3.7,Turbot St between North Quay & George St in CBD,4,0,,153.020634,-27.469336,4000145,,383,"{""coordinates"": [153.020634, -27.469336000000016], ""type"": ""Point""}","-27.469336000000016, 153.020634",4
4255,TICKETLESS METER MULTISPACE,HERSCHEL ST,BRISBANE CITY,3,CLEARWAY 7AM-9AM MON-FRI TOWAWAY,7 DAYS,"9AM-7PM,7PM-10PM(MON-FRI),7AM-7PM(SAT,SUN)",Zone 1,6.85,3.7,Herschel St between North Quay & George St in CBD,6,0,,153.019306,-27.467551,4000117,,384,"{""coordinates"": [153.019306, -27.467551000000007], ""type"": ""Point""}","-27.467551000000007, 153.019306",6
4256,PAY BY MOBILE APP ONLY,HERSCHEL ST,BRISBANE CITY,3,NO STOPPING 7AM-9AM & LOADING ZONE 9AM-7PM MON-FRI,7 DAYS,"7PM-10PM MON-FRI, 7AM-7PM SAT-SUN",Zone 1,,3.7,Herschel St between North Quay & George St in CBD,9,0,,153.018916,-27.467903,4000933,,385,"{""coordinates"": [153.018916, -27.467903], ""type"": ""Point""}","-27.467903, 153.018916",9
4257,TICKETLESS METER MULTISPACE,MAKERSTON ST,BRISBANE CITY,3,NONE,7 DAYS,"7AM-7PM,7PM-10PM(MON-FRI),7AM-7PM(SAT,SUN)",Zone 1,6.85,3.7,Makerston St between North Quay & Roma St in CBD,7,0,,153.017941,-27.467262,4000158,,386,"{""coordinates"": [153.017941, -27.46726200000001], ""type"": ""Point""}","-27.46726200000001, 153.017941",7
4259,Hybrid,MCDOUGALL ST,MILTON,3,NONE,MON-FRI,8AM-4PM,"Zone 1, 15 min free",6.85,,McDougall St between Cribb St & Park Rd in Milton,21,0,,153.00665,-27.470869,4000241,,387,"{""coordinates"": [153.00665, -27.470868999999997], ""type"": ""Point""}","-27.470868999999997, 153.00665",21
4260,PAY BY MOBILE APP ONLY,EDWARD ST,BRISBANE CITY,3,"C/WAY 7AM-10AM,2PM-7PM MON-FRI, LZ ALL OTHER TIMES",7 DAYS,"10AM-2PM, 7PM-10PM(MON-FRI),7AM-7PM(SAT,SUN)",Zone 1,6.85,3.7,"Edward St between Ann St & Adelaide St, Brisbane",9,0,,153.02575,-27.46707,4000107,,388,"{""coordinates"": [153.02575, -27.467070000000014], ""type"": ""Point""}","-27.467070000000014, 153.02575",9
4261,TICKETLESS METER MULTISPACE,HOWARD ST,BRISBANE CITY,3,NONE,7 DAYS,"7AM-7PM,7PM-10PM(MON-FRI),7AM-7PM(SAT,SUN)",Zone 1,6.85,3.7,Howard St between Macrossan St & End in CBD,6,0,,153.032304,-27.463274,4000156,,389,"{""coordinates"": [153.032304, -27.463274000000016], ""type"": ""Point""}","-27.463274000000016, 153.032304",6
4262,TICKETLESS METER MULTISPACE,HOWARD ST,BRISBANE CITY,3,NONE,7 DAYS,"7AM-7PM,7PM-10PM(MON-FRI),7AM-7PM(SAT,SUN)",Zone 1,6.85,3.7,Howard St between Macrossan St & End in CBD,5,0,,153.031914,-27.463792,4000156,,390,"{""coordinates"": [153.031914, -27.463792], ""type"": ""Point""}","-27.463792, 153.031914",5
4263,TICKETLESS METER MULTISPACE,QUEEN ST,BRISBANE CITY,3,NONE,7 DAYS,"7AM-7PM,7PM-10PM(MON-FRI),7AM-7PM(SAT,SUN)",Zone 1,6.85,3.7,Queen St between Adelaide St & Eagle St in CBD,14,0,,153.031494,-27.464267,4000157,,391,"{""coordinates"": [153.03149399999998, -27.464267], ""type"": ""Point""}","-27.464267, 153.03149399999998",14
4264,TICKETLESS METER MULTISPACE,MACROSSAN ST,BRISBANE CITY,3,"CLEARWAY 7AM-9AM,4PM-7PM MON-FRI TOWAWAY",7 DAYS,"9AM-4PM,7PM-10PM(MON-FRI),7AM-7PM(SAT,SUN)",Zone 1,6.85,3.7,Macrossan St between Howard St & Adelaide St in CBD,6,0,,153.032261,-27.462828,4000155,,392,"{""coordinates"": [153.032261, -27.46282800000001], ""type"": ""Point""}","-27.46282800000001, 153.032261",6
4265,PAY BY MOBILE APP ONLY,ADELAIDE ST,BRISBANE CITY,3,"N/S 7-9 AM, BUS ZONE 4-7 PM MON-FRI, LZ AOT",7 DAYS,"9AM-4PM,7PM-10PM(MON-FRI),7AM-7PM(SAT,SUN)",Zone 1,6.85,3.7,"Adelaide St Between Queen St & Wharf St, Brisbane City",5,0,,153.03075,-27.46411,4000154,,393,"{""coordinates"": [153.03075, -27.464110000000012], ""type"": ""Point""}","-27.464110000000012, 153.03075",5
4266,PAY BY MOBILE APP ONLY,DODGE LN,FORTITUDE VALLEY,3,NONE,7 DAYS,"7AM-7PM,7PM-10PM(MON-FRI),7AM-7PM(SAT,SUN)","Zone 1, 15 min free",6.85,3.7,Dodge Lane between Boundary St & Antrim St in Fortitude Valley,4,0,,153.032627,-27.461562,4000153,,394,"{""coordinates"": [153.03262700000002, -27.461562000000015], ""type"": ""Point""}","-27.461562000000015, 153.03262700000002",4
4267,TICKETLESS METER MULTISPACE,BOUNDARY ST,FORTITUDE VALLEY,3,NONE,7 DAYS,"7AM-7PM,7PM-10PM(MON-FRI),7AM-7PM(SAT,SUN)","Zone 1, 15 min free",6.85,3.7,Boundary St between Ann St & Dodge St in Fortitude Valley,4,0,,153.032038,-27.46188,4000153,,395,"{""coordinates"": [153.032038, -27.46188], ""type"": ""Point""}","-27.46188, 153.032038",4
4268,TICKETLESS METER MULTISPACE,ANN ST,BRISBANE CITY,3,"CLEARWAY 7AM-11AM,2PM-7PM MON-FRI TOWAWAY",7 DAYS,"11AM-2PM,7PM-10PM(MON-FRI),7AM-7PM(SAT,SUN)",Zone 1,6.85,3.7,Ann St between Queen St & Wharf St in CBD,12,0,,153.030592,-27.462734,4000152,,396,"{""coordinates"": [153.030592, -27.462733999999994], ""type"": ""Point""}","-27.462733999999994, 153.030592",12
4269,PAY BY MOBILE APP ONLY,ANN ST,BRISBANE CITY,3,"CLEARWAY 7AM-11AM,2PM-7PM MON-SAT TOWAWAY",MON-FRI,"11AM-2PM,7PM-10PM(MON-FRI)",Zone 1,6.85,3.7,Ann St between Queen St & Wharf St in CBD,17,0,,153.02985,-27.46335,4000140,,397,"{""coordinates"": [153.02985, -27.463349999999984], ""type"": ""Point""}","-27.463349999999984, 153.02985",17
4271,TICKETLESS METER MULTISPACE,ANN ST,BRISBANE CITY,3,"CLEARWAY 7AM-11AM,2PM-7PM MON-FRI TOWAWAY",7 DAYS,"11AM-2PM,7PM-10PM(MON-FRI),7AM-7PM(SAT,SUN)",Zone 1,6.85,3.7,Ann St between Queen St & Wharf St in CBD,10,0,,153.029479,-27.463589,4000152,,398,"{""coordinates"": [153.029479, -27.463589000000013], ""type"": ""Point""}","-27.463589000000013, 153.029479",10
4272,TICKETLESS METER MULTISPACE,TURBOT ST,SPRING HILL,3,"CLEARWAY 7AM-9AM,4PM-7PM MON-FRI TOWAWAY",7 DAYS,"9AM-4PM,7PM-10PM(MON-FRI),7AM-7PM(SAT,SUN)","Zone 1, 15 min free",6.85,3.7,Turbot St between Wharf St & Raff St in CBD,18,0,,153.028847,-27.463104,4000150,,399,"{""coordinates"": [153.028847, -27.463104000000005], ""type"": ""Point""}","-27.463104000000005, 153.028847",18
4273,TICKETLESS METER MULTISPACE,TURBOT ST,SPRING HILL,3,"CLEARWAY 7AM-9AM,4PM-7PM MON-FRI TOWAWAY",7 DAYS,"9AM-4PM,7PM-10PM(MON-FRI),7AM-7PM(SAT,SUN)","Zone 1, 15 min free",6.85,3.7,Turbot St between Wharf St & Bowen St in CBD,4,0,,153.028602,-27.463114,4000150,,400,"{""coordinates"": [153.028602, -27.463113999999994], ""type"": ""Point""}","-27.463113999999994, 153.028602",4
4274,TICKETLESS METER MULTISPACE,TURBOT ST,SPRING HILL,3,"CLEARWAY 7AM-9AM,4PM-7PM MON-FRI TOWAWAY",7 DAYS,"9AM-4PM,7PM-10PM(MON-FRI),7AM-7PM(SAT,SUN)","Zone 1, 15 min free",6.85,3.7,Turbot St between Wharf St & Raff St in CBD,6,0,,153.028956,-27.462836,4000150,,401,"{""coordinates"": [153.028956, -27.46283599999999], ""type"": ""Point""}","-27.46283599999999, 153.028956",6
4275,TICKETLESS METER MULTISPACE,WICKHAM TCE,SPRING HILL,3,NONE,7 DAYS,"7AM-7PM,7PM-10PM(MON-FRI),7AM-7PM(SAT,SUN)","Zone 1, 15 min free",6.85,3.7,Wickham Tce between Upr Edward & Turbot St in Spring Hill,4,0,,153.026485,-27.464576,4000147,,402,"{""coordinates"": [153.02648500000004, -27.464575999999997], ""type"": ""Point""}","-27.464575999999997, 153.02648500000004",4
4276,TICKETLESS METER MULTISPACE,TURBOT ST,BRISBANE CITY,3,"CLEARWAY 7AM-9AM,4PM-7PM MON-FRI TOWAWAY",7 DAYS,"9AM-4PM,7PM-10PM(MON-FRI),7AM-7PM(SAT,SUN)",Zone 1,6.85,3.7,Turbot St between Edward St & Wharf St in CBD,11,12,2.95,153.025545,-27.465551,4000148,,403,"{""coordinates"": [153.025545, -27.465551000000012], ""type"": ""Point""}","-27.465551000000012, 153.025545",11
4277,TICKETLESS METER MULTISPACE,WICKHAM TCE,SPRING HILL,3,NONE,7 DAYS,"7AM-7PM,7PM-10PM(MON-FRI),7AM-7PM(SAT,SUN)","Zone 1, 15 min free",6.85,3.7,Wickham Tce between Creek St & Edward St in Spring Hill,5,0,,153.02558,-27.464833,4000147,,404,"{""coordinates"": [153.02558, -27.464833], ""type"": ""Point""}","-27.464833, 153.02558",5
4278,TICKETLESS METER MULTISPACE,WICKHAM TCE,SPRING HILL,3,NONE,7 DAYS,"7AM-7PM,7PM-10PM(MON-FRI),7AM-7PM(SAT,SUN)","Zone 1, 15 min free",6.85,3.7,Wickham Tce between Edward St & Upr Albert St in Spring Hill,3,0,,153.024507,-27.465152,4000147,,405,"{""coordinates"": [153.024507, -27.46515200000001], ""type"": ""Point""}","-27.46515200000001, 153.024507",3
4280,TICKETLESS METER MULTISPACE,CHARLOTTE ST,BRISBANE CITY,12,M/C PARKING ONLY,MON-FRI,7AM-7PM,Zone 1,2.45,,Charlotte St between George St & Albert St in CBD,0,38,2.45,153.0264,-27.471355,4000110,12.25,406,"{""coordinates"": [153.02639999999997, -27.47135500000001], ""type"": ""Point""}","-27.47135500000001, 153.02639999999997",0
4281,TICKETLESS METER MULTISPACE,WICKHAM TCE,SPRING HILL,3,NONE,7 DAYS,"7AM-7PM,7PM-10PM(MON-FRI),7AM-7PM(SAT,SUN)","Zone 1, 15 min free",6.85,3.7,Wickham Tce between Edward St & Upr Albert St in Spring Hill,7,0,,153.022466,-27.465501,4000144,,407,"{""coordinates"": [153.022466, -27.465500999999993], ""type"": ""Point""}","-27.465500999999993, 153.022466",7
4282,TICKETLESS METER MULTISPACE,WICKHAM TCE,SPRING HILL,3,NONE,7 DAYS,"7AM-7PM,7PM-10PM(MON-FRI),7AM-7PM(SAT,SUN)","Zone 1, 15 min free",6.85,3.7,Wickham Tce between Edward St & Upr Albert St in Spring Hill,13,0,,153.021681,-27.465057,4000144,,408,"{""coordinates"": [153.021681, -27.46505700000002], ""type"": ""Point""}","-27.46505700000002, 153.021681",13
4283,TICKETLESS METER MULTISPACE,WICKHAM TCE,SPRING HILL,3,NONE,7 DAYS,"7AM-7PM,7PM-10PM(MON-FRI),7AM-7PM(SAT,SUN)","Zone 1, 15 min free",6.85,3.7,Wickham Tce between Birley St & Bartley St in Spring Hill,4,0,,153.022712,-27.465443,4000144,,409,"{""coordinates"": [153.022712, -27.46544300000002], ""type"": ""Point""}","-27.46544300000002, 153.022712",4
4284,TICKETLESS METER MULTISPACE,WICKHAM TCE,SPRING HILL,3,NONE,7 DAYS,"7AM-7PM,7PM-10PM(MON-FRI),7AM-7PM(SAT,SUN)","Zone 1, 15 min free",6.85,3.7,Wickham Tce between Lilley St & Birley St in Spring Hill,5,0,,153.021472,-27.464764,4000144,,410,"{""coordinates"": [153.021472, -27.464764000000006], ""type"": ""Point""}","-27.464764000000006, 153.021472",5
4285,TICKETLESS METER MULTISPACE,MAY ST,BRISBANE CITY,3,NONE,7 DAYS,"7AM-7PM,7PM-10PM(MON-FRI),7AM-7PM(SAT,SUN)",Zone 1,6.85,3.7,May St between Garrick St & Saul St in CBD,7,0,,153.017005,-27.466899,4000159,,411,"{""coordinates"": [153.01700499999998, -27.466898999999998], ""type"": ""Point""}","-27.466898999999998, 153.01700499999998",7
4286,TICKETLESS METER MULTISPACE,MAY ST,BRISBANE CITY,3,NONE,7 DAYS,"7AM-7PM,7PM-10PM(MON-FRI),7AM-7PM(SAT,SUN)",Zone 1,6.85,3.7,May St between Garrick St & Saul St in CBD,7,0,,153.016314,-27.466556,4000159,,412,"{""coordinates"": [153.016314, -27.466556000000015], ""type"": ""Point""}","-27.466556000000015, 153.016314",7
4287,Hybrid,MCDOUGALL ST,MILTON,3,NONE,MON-FRI,8AM-4PM,"Zone 1, 15 min free",6.85,,McDougall St between Walsh St & Crombie St in Milton,23,0,,153.006769,-27.470566,4000241,,413,"{""coordinates"": [153.006769, -27.47056600000002], ""type"": ""Point""}","-27.47056600000002, 153.006769",23
4288,TICKETLESS METER MULTISPACE,EAGLE TCE,BRISBANE CITY,12,NONE/SPECIAL TMP - NO STOPPING - AUTH VEHICLE EXC,MON-FRI,7AM-7PM,Zone 1,4.5,,Eagle Tce between Skew St & Coronation Dve in CBD,11,0,,153.014559,-27.46695,4000161,18.25,414,"{""coordinates"": [153.014559, -27.466950000000022], ""type"": ""Point""}","-27.466950000000022, 153.014559",11
4289,TICKETLESS METER MULTISPACE,EAGLE TCE,BRISBANE CITY,3,NONE,MON-FRI,7AM-7PM,Zone 1,6.85,,Eagle Tce between Coronation Dve & Quay Tce in CBD,7,0,,153.014356,-27.467211,4000162,,415,"{""coordinates"": [153.014356, -27.467210999999985], ""type"": ""Point""}","-27.467210999999985, 153.014356",7
4290,TICKETLESS METER MULTISPACE,WICKHAM TCE,BRISBANE CITY,4,NONE,7 DAYS,"7AM-7PM,7PM-10PM(MON-FRI),7AM-7PM(SAT,SUN)","Zone 1, 15 min free",4.5,2.55,Wickham Tce between Albert St & Leichhardt St in Spring Hill,16,0,,153.02079,-27.46309,4000143,,416,"{""coordinates"": [153.02079, -27.46309], ""type"": ""Point""}","-27.46309, 153.02079",16
4291,TICKETLESS METER MULTISPACE,WICKHAM TCE,BRISBANE CITY,4,NONE,7 DAYS,"7AM-7PM,7PM-10PM(MON-FRI),7AM-7PM(SAT,SUN)","Zone 1, 15 min free",4.5,2.55,Wickham Tce between Albert St & Leichhardt St in Spring Hill,12,0,,153.020511,-27.463666,4000143,,417,"{""coordinates"": [153.020511, -27.463666000000014], ""type"": ""Point""}","-27.463666000000014, 153.020511",12
4292,TICKETLESS METER MULTISPACE,TURBOT ST,BRISBANE CITY,3,"CLEARWAY 7AM-9AM,4PM-7PM MON-FRI TOWAWAY",7 DAYS,"9AM-4PM,7PM-10PM(MON-FRI),7AM-7PM(SAT,SUN)",Zone 1,6.85,3.7,Turbot St between Edward St & Wickham Tce in CBD,12,0,,153.026936,-27.464819,4000149,,418,"{""coordinates"": [153.02693600000003, -27.46481899999999], ""type"": ""Point""}","-27.46481899999999, 153.02693600000003",12
4293,TICKETLESS METER MULTISPACE,RAFF ST,SPRING HILL,3,NONE,7 DAYS,"7AM-7PM,7PM-10PM(MON-FRI),7AM-7PM(SAT,SUN)","Zone 1, 15 min free",6.85,3.7,Raff St between Turbot St & Hocker St in CBD,4,0,,153.029171,-27.462323,4000151,,419,"{""coordinates"": [153.029171, -27.462323000000023], ""type"": ""Point""}","-27.462323000000023, 153.029171",4
4295,TICKETLESS METER MULTISPACE,SHEEHAN ST,MILTON,12,NONE,MON-FRI,7AM-7PM,"Zone 2, 15 min free",3.45,,Sheehan St between Gordon St & End in Milton,10,0,,153.003212,-27.470333,4000238,16.75,420,"{""coordinates"": [153.003212, -27.47033299999999], ""type"": ""Point""}","-27.47033299999999, 153.003212",10
4415,TICKETLESS METER MULTISPACE,CHESTER ST,NEWSTEAD,4,NONE,MON-FRI,7AM-7PM,"Zone 1, 15 min free",4.5,,Chester St between Croft Lane & Leopold St in Newstead,4,0,,153.040682,-27.45399,4000587,,421,"{""coordinates"": [153.04068200000003, -27.453989999999997], ""type"": ""Point""}","-27.453989999999997, 153.04068200000003",4
4416,TICKETLESS METER MULTISPACE,ALDEN ST,FORTITUDE VALLEY,3,NONE,7 DAYS,"7AM-7PM,7PM-10PM(MON-FRI),7AM-7PM(SAT,SUN)","Zone 1, 15 min free",6.85,3.7,Alden St in Fortitude Valley,7,0,,153.034475,-27.455913,4000360,,422,"{""coordinates"": [153.034475, -27.455912999999992], ""type"": ""Point""}","-27.455912999999992, 153.034475",7
4417,TICKETLESS METER MULTISPACE,HERSTON RD,HERSTON,3,NONE,MON-FRI,7AM-7PM,"Zone 2, 15 min free",4.95,,Herston Road between & Victoria Park Golf Complex in Herston,12,0,,153.024285,-27.449527,4000416,,423,"{""coordinates"": [153.024285, -27.44952700000001], ""type"": ""Point""}","-27.44952700000001, 153.024285",12
4418,TICKETLESS METER MULTISPACE,HERSTON RD,HERSTON,3,NONE,MON-FRI,7AM-7PM,"Zone 2, 15 min free",4.95,,Herston Road between & Victoria Park Golf Complex in Herston,15,0,,153.023438,-27.449328,4000416,,424,"{""coordinates"": [153.023438, -27.449328000000012], ""type"": ""Point""}","-27.449328000000012, 153.023438",15
4419,TICKETLESS METER MULTISPACE,HERSTON RD,HERSTON,3,NONE,MON-FRI,7AM-7PM,"Zone 2, 15 min free",4.95,,Herston Road between Wyndham St & RBH Medical School Access in Herston,9,0,,153.023029,-27.449045,4000416,,425,"{""coordinates"": [153.023029, -27.449045000000012], ""type"": ""Point""}","-27.449045000000012, 153.023029",9
4420,TICKETLESS METER MULTISPACE,HERSTON RD,HERSTON,3,NONE,MON-FRI,7AM-7PM,"Zone 2, 15 min free",4.95,,Herston Road between Wyndham St & RBH Medical School Access in Herston,10,0,,153.023784,-27.449266,4000416,,426,"{""coordinates"": [153.023784, -27.449265999999994], ""type"": ""Point""}","-27.449265999999994, 153.023784",10
4421,TICKETLESS METER MULTISPACE,CHESTER ST,TENERIFFE,1,NONE,MON-FRI,8AM-5PM,"Zone 1, 15 min free",6.85,,Chester St between Arthur St & Doggett St in Teneriffe,6,0,,153.042413,-27.455445,4000525,,427,"{""coordinates"": [153.04241299999998, -27.455445], ""type"": ""Point""}","-27.455445, 153.04241299999998",6
4422,PAY BY MOBILE APP ONLY,CREEK ST,BRISBANE CITY,3,BUS ZONE 6AM-7PM MON-FRI TOWAWAY,7 DAYS,"7PM-10PM MON-FRI, 7AM-7PM SAT-SUN",Zone 1,,3.7,"Creek St between Queen St & Adelaide St, Brisbane City",6,0,,153.02835,-27.46683,4000894,,428,"{""coordinates"": [153.02835, -27.466830000000005], ""type"": ""Point""}","-27.466830000000005, 153.02835",6
4423,PAY BY MOBILE APP ONLY,CREEK ST,BRISBANE CITY,3,NO STOPPING 3PM-7PM MON-FRI,7 DAYS,"7AM-3PM, 7-10PM MON-FRI, 7AM-7PM SAT-SUN",Zone 1,6.85,3.7,"Creek St between Queen St & Adelaide St, Brisbane City",2,0,,153.02796,-27.46642,4000888,,429,"{""coordinates"": [153.02796, -27.466420000000014], ""type"": ""Point""}","-27.466420000000014, 153.02796",2
4425,TICKETLESS METER MULTISPACE,FLORENCE ST,TENERIFFE,3,NONE,MON-FRI,8AM-5PM,"Zone 2, 15 min free",4.95,,Florence St between Commercial Rd & Vernon Tce in Teneriffe,9,0,,153.048856,-27.455525,4000537,,430,"{""coordinates"": [153.04885599999997, -27.455525000000012], ""type"": ""Point""}","-27.455525000000012, 153.04885599999997",9
4426,TICKETLESS METER MULTISPACE,FLORENCE ST,TENERIFFE,4,NONE,MON-FRI,8AM-5PM,"Zone 2, 15 min free",3.45,,Florence St between Dath St & Ethel St in Teneriffe,4,0,,153.047932,-27.454614,4000531,,431,"{""coordinates"": [153.047932, -27.454613999999996], ""type"": ""Point""}","-27.454613999999996, 153.047932",4
4427,TICKETLESS METER MULTISPACE,FLORENCE ST,TENERIFFE,1,NONE,MON-FRI,8AM-5PM,"Zone 2, 15 min free",4.95,,Florence St between Ethel St & Vernon Tce in Teneriffe,10,0,,153.049023,-27.455464,4000536,,432,"{""coordinates"": [153.049023, -27.455464], ""type"": ""Point""}","-27.455464, 153.049023",10
4428,PAY BY MOBILE APP ONLY,ETHEL ST,TENERIFFE,3,NONE,MON-FRI,7AM-7PM,"Zone 2, 15 min free",4.95,,Ethel St between Vernon Tce & Florence St in Teneriffe,15,0,,153.048773,-27.454878,4000535,,433,"{""coordinates"": [153.048773, -27.454877999999997], ""type"": ""Point""}","-27.454877999999997, 153.048773",15
4429,TICKETLESS METER MULTISPACE,VERNON TCE,TENERIFFE,2,NONE,MON-FRI,8AM-5PM,"Zone 2, 15 min free",4.95,,Vernon Tce between Florence St & Ethel St in Teneriffe,10,0,,153.049685,-27.455122,4000534,,434,"{""coordinates"": [153.049685, -27.455121999999996], ""type"": ""Point""}","-27.455121999999996, 153.049685",10
4430,TICKETLESS METER MULTISPACE,VERNON TCE,TENERIFFE,4,NONE,MON-FRI,7AM-7PM,"Zone 2, 15 min free",3.45,,Vernon Tce between Ethel St & Dath St in Teneriffe,6,0,,153.049016,-27.453809,4000533,,435,"{""coordinates"": [153.049016, -27.453808999999996], ""type"": ""Point""}","-27.453808999999996, 153.049016",6
4431,TICKETLESS METER MULTISPACE,VERNON TCE,TENERIFFE,4,NONE,MON-FRI,7AM-7PM,"Zone 2, 15 min free",3.45,,Vernon Tce between Dath St & Commercial Rd in Teneriffe,6,0,,153.048614,-27.453202,4000533,,436,"{""coordinates"": [153.048614, -27.45320200000001], ""type"": ""Point""}","-27.45320200000001, 153.048614",6
4432,TICKETLESS METER MULTISPACE,VERNON TCE,TENERIFFE,4,NONE,MON-FRI,7AM-7PM,"Zone 2, 15 min free",3.45,,Vernon Tce between Commercial Rd & Macquarie St in Teneriffe,10,0,,153.048885,-27.453326,4000533,,437,"{""coordinates"": [153.048885, -27.453325999999993], ""type"": ""Point""}","-27.453325999999993, 153.048885",10
4433,TICKETLESS METER MULTISPACE,VERNON TCE,TENERIFFE,4,NONE,MON-FRI,8AM-5PM,"Zone 2, 15 min free",3.45,,Vernon Tce between Ethel St & Florence St in Teneriffe,6,0,,153.049822,-27.455085,4000539,,438,"{""coordinates"": [153.049822, -27.455085], ""type"": ""Point""}","-27.455085, 153.049822",6
4435,TICKETLESS METER MULTISPACE,DATH ST,TENERIFFE,4,NONE,MON-FRI,8AM-5PM,"Zone 2, 15 min free",3.45,,Dath St between Vernon Tce & Florence St in Teneriffe,16,0,,153.048364,-27.45404,4000531,,439,"{""coordinates"": [153.048364, -27.454039999999992], ""type"": ""Point""}","-27.454039999999992, 153.048364",16
4436,TICKETLESS METER MULTISPACE,DATH ST,TENERIFFE,12,NONE,MON-FRI,7AM-7PM,"Zone 2, 15 min free",3.45,,Dath St between Florence St & Vernon Tce in Teneriffe,17,0,,153.048392,-27.453883,4000532,16.75,440,"{""coordinates"": [153.048392, -27.45388300000001], ""type"": ""Point""}","-27.45388300000001, 153.048392",17
4437,TICKETLESS METER MULTISPACE,COMMERCIAL RD,TENERIFFE,4,NONE,MON-FRI,8AM-5PM,"Zone 1, 15 min free",4.5,,Commercial Rd between Vernon Tce & Florence St in Teneriffe,3,0,,153.047818,-27.453266,4000530,,441,"{""coordinates"": [153.047818, -27.45326600000001], ""type"": ""Point""}","-27.45326600000001, 153.047818",3
4438,PAY BY MOBILE APP ONLY,COMMERCIAL RD,TENERIFFE,4,NONE,MON-FRI,8AM-5PM,"Zone 1, 15 min free",4.5,,Commercial Rd between Vernon Tce & Florence St in Teneriffe,1,0,,153.047016,-27.454019,4000530,,442,"{""coordinates"": [153.047016, -27.45401900000001], ""type"": ""Point""}","-27.45401900000001, 153.047016",1
4439,TICKETLESS METER MULTISPACE,COMMERCIAL RD,TENERIFFE,12,NONE,MON-FRI,7AM-7PM,"Zone 1, 15 min free",4.5,,Commercial Rd between Commercial Rd & Vernon Tce in Teneriffe,11,0,,153.047562,-27.453333,4000529,18.25,443,"{""coordinates"": [153.047562, -27.453333000000022], ""type"": ""Point""}","-27.453333000000022, 153.047562",11
4440,TICKETLESS METER MULTISPACE,COMMERCIAL RD,TENERIFFE,4,NONE,MON-FRI,7AM-7PM,"Zone 1, 15 min free",4.5,,Commercial Rd between Commercial Rd & Helen St in Teneriffe,6,0,,153.046162,-27.454072,4000528,,444,"{""coordinates"": [153.046162, -27.454072000000018], ""type"": ""Point""}","-27.454072000000018, 153.046162",6
4441,TICKETLESS METER MULTISPACE,HELEN ST,TENERIFFE,12,NONE,MON-FRI,7AM-7PM,"Zone 1, 15 min free",4.5,,Helen St between Vernon Tce & Commercial Rd in Teneriffe,15,0,,153.04721,-27.452446,4000527,18.25,445,"{""coordinates"": [153.04721000000004, -27.452446], ""type"": ""Point""}","-27.452446, 153.04721000000004",15
4442,TICKETLESS METER MULTISPACE,HELEN ST,TENERIFFE,12,NONE,MON-FRI,7AM-7PM,"Zone 1, 15 min free",4.5,,Helen St between Vernon Tce & Commercial Rd in Teneriffe,9,0,,153.046135,-27.453549,4000527,18.25,446,"{""coordinates"": [153.046135, -27.45354900000001], ""type"": ""Point""}","-27.45354900000001, 153.046135",9
4443,TICKETLESS METER MULTISPACE,COMMERCIAL RD,TENERIFFE,4,NONE,MON-FRI,8AM-5PM,"Zone 1, 15 min free",4.5,,Commercial Rd between Wyandra St & Helen St in Teneriffe,8,0,,153.045228,-27.45382,4000522,,447,"{""coordinates"": [153.045228, -27.45382000000001], ""type"": ""Point""}","-27.45382000000001, 153.045228",8
4444,TICKETLESS METER MULTISPACE,HELEN ST,TENERIFFE,12,NONE,MON-FRI,7AM-7PM,"Zone 1, 15 min free",4.5,,Helen St between Commercial Rd & Vernon Tce in Teneriffe,10,0,,153.047027,-27.452433,4000527,18.25,448,"{""coordinates"": [153.047027, -27.452433], ""type"": ""Point""}","-27.452433, 153.047027",10
4445,TICKETLESS METER MULTISPACE,WYANDRA ST,TENERIFFE,12,NONE,MON-FRI,7AM-7PM,"Zone 1, 15 min free",4.5,,Wyandra St between Skyring Tce & Commercial Rd in Teneriffe,12,0,,153.046537,-27.451707,4000520,18.25,449,"{""coordinates"": [153.04653700000003, -27.451707000000003], ""type"": ""Point""}","-27.451707000000003, 153.04653700000003",12
4446,TICKETLESS METER MULTISPACE,WYANDRA ST,TENERIFFE,12,NONE,MON-FRI,7AM-7PM,"Zone 1, 15 min free",4.5,,Wyandra St between Skyring Tce & Commercial Rd in Teneriffe,14,0,,153.045175,-27.45308,4000520,18.25,450,"{""coordinates"": [153.045175, -27.453079999999986], ""type"": ""Point""}","-27.453079999999986, 153.045175",14
4447,TICKETLESS METER MULTISPACE,WYANDRA ST,NEWSTEAD,12,NONE,MON-FRI,7AM-7PM,"Zone 1, 15 min free",4.5,,Wyandra St between Commercial Rd & Longland St in Newstead,9,0,,153.044788,-27.453253,4000565,18.25,451,"{""coordinates"": [153.04478799999998, -27.453252999999986], ""type"": ""Point""}","-27.453252999999986, 153.04478799999998",9
4448,TICKETLESS METER MULTISPACE,WYANDRA ST,NEWSTEAD,12,NONE,MON-FRI,7AM-7PM,"Zone 1, 15 min free",4.5,,Wyandra St between Commercial Rd & Longland St in Newstead,13,0,,153.045889,-27.452178,4000566,18.25,452,"{""coordinates"": [153.045889, -27.452178000000007], ""type"": ""Point""}","-27.452178000000007, 153.045889",13
4449,TICKETLESS METER MULTISPACE,LONGLAND ST,NEWSTEAD,12,NONE,MON-FRI,7AM-7PM,"Zone 1, 15 min free",4.5,,Longland St between Wyandra St & Masters St in Newstead,24,0,,153.0459,-27.451591,4000563,18.25,453,"{""coordinates"": [153.0459, -27.451591000000004], ""type"": ""Point""}","-27.451591000000004, 153.0459",24
4452,TICKETLESS METER MULTISPACE,LONGLAND ST,NEWSTEAD,12,NONE,MON-FRI,7AM-7PM,"Zone 1, 15 min free",4.5,,Longland St between Kyabra St & Stratton St in Newstead,4,0,,153.042517,-27.451067,4000563,18.25,454,"{""coordinates"": [153.042517, -27.45106699999999], ""type"": ""Point""}","-27.45106699999999, 153.042517",4
4453,TICKETLESS METER MULTISPACE,LONGLAND ST,NEWSTEAD,12,NONE,MON-FRI,7AM-7PM,"Zone 1, 15 min free",4.5,,Longland St between Ann St & Wyandra St in Newstead,6,0,,153.042671,-27.450971,4000563,18.25,455,"{""coordinates"": [153.042671, -27.45097100000002], ""type"": ""Point""}","-27.45097100000002, 153.042671",6
4454,TICKETLESS METER MULTISPACE,LONGLAND ST,NEWSTEAD,3,NONE,MON-FRI,7AM-7PM,"Zone 1, 15 min free",6.85,,Longland St between Ann St & Wyandra St in Newstead,7,0,,153.043072,-27.451027,4000845,,456,"{""coordinates"": [153.043072, -27.45102700000001], ""type"": ""Point""}","-27.45102700000001, 153.043072",7
4455,TICKETLESS METER MULTISPACE,LONGLAND ST,NEWSTEAD,3,NONE,MON-FRI,7AM-7PM,"Zone 1, 15 min free",6.85,,Longland St between Ann St & Wyandra St in Newstead,5,0,,153.044433,-27.451236,4000845,,457,"{""coordinates"": [153.044433, -27.451236000000023], ""type"": ""Point""}","-27.451236000000023, 153.044433",5
4456,TICKETLESS METER MULTISPACE,LONGLAND ST,NEWSTEAD,3,NONE,MON-FRI,7AM-7PM,"Zone 1, 15 min free",6.85,,Longland St between Gasworks Lane & Wyandra St in Newstead,15,0,,153.045298,-27.451372,4000845,,458,"{""coordinates"": [153.045298, -27.451372000000003], ""type"": ""Point""}","-27.451372000000003, 153.045298",15
4457,TICKETLESS METER MULTISPACE,MASTERS ST,NEWSTEAD,12,NONE,MON-FRI,7AM-7PM,"Zone 1, 15 min free",4.5,,Longland St between Gasworks Lane & Wyandra St in Newstead,3,0,,153.044791,-27.451651,4000570,18.25,459,"{""coordinates"": [153.044791, -27.451650999999984], ""type"": ""Point""}","-27.451650999999984, 153.044791",3
4458,TICKETLESS METER MULTISPACE,WYATT ST,NEWSTEAD,12,NONE,MON-FRI,7AM-7PM,"Zone 1, 15 min free",4.5,,Wyatt St between End & Masters St in Newstead,4,0,,153.04498,-27.452549,4000567,18.25,460,"{""coordinates"": [153.04498, -27.452549], ""type"": ""Point""}","-27.452549, 153.04498",4
4459,TICKETLESS METER MULTISPACE,MASTERS ST,NEWSTEAD,4,NONE,MON-FRI,7AM-7PM,"Zone 1, 15 min free",4.5,,Wyatt St between End & Masters St in Newstead,3,0,,153.044428,-27.453508,4000569,,461,"{""coordinates"": [153.044428, -27.453508], ""type"": ""Point""}","-27.453508, 153.044428",3
4460,TICKETLESS METER MULTISPACE,MASTERS ST,NEWSTEAD,3,NONE,MON-FRI,7AM-7PM,"Zone 1, 15 min free",6.85,,Masters St between Commercial Rd & Longland St in Newstead,11,0,,153.04433,-27.45334,4000830,,462,"{""coordinates"": [153.04433, -27.453339999999997], ""type"": ""Point""}","-27.453339999999997, 153.04433",11
4461,TICKETLESS METER MULTISPACE,MASTERS ST,NEWSTEAD,4,NONE,MON-FRI,7AM-7PM,"Zone 1, 15 min free",4.5,,Masters St between Commercial Rd & Longland St in Newstead,12,0,,153.044618,-27.451876,4000569,,463,"{""coordinates"": [153.044618, -27.45187600000001], ""type"": ""Point""}","-27.45187600000001, 153.044618",12
4463,TICKETLESS METER MULTISPACE,DOGGETT ST,NEWSTEAD,3,NONE,MON-FRI,7AM-7PM,"Zone 1, 15 min free",6.85,,Doggett St between Longland St & Commercial Rd in Newstead,7,0,,153.043681,-27.452475,4000571,,464,"{""coordinates"": [153.043681, -27.452474999999986], ""type"": ""Point""}","-27.452474999999986, 153.043681",7
4464,TICKETLESS METER MULTISPACE,DOGGETT ST,NEWSTEAD,12,NONE,MON-FRI,7AM-7PM,"Zone 1, 15 min free",4.5,,Doggett St between Commercial Rd & Longland St in Newstead,12,0,,153.043528,-27.4526,4000572,18.25,465,"{""coordinates"": [153.043528, -27.45260000000002], ""type"": ""Point""}","-27.45260000000002, 153.043528",12
4466,TICKETLESS METER MULTISPACE,KYABRA ST,NEWSTEAD,12,NONE,MON-FRI,7AM-7PM,"Zone 1, 15 min free",4.5,,Doggett St between Commercial Rd & Longland St in Newstead,10,0,,153.042918,-27.45161,4000573,18.25,466,"{""coordinates"": [153.042918, -27.451610000000002], ""type"": ""Point""}","-27.451610000000002, 153.042918",10
4467,TICKETLESS METER MULTISPACE,KYABRA ST,NEWSTEAD,12,NONE,MON-FRI,7AM-7PM,"Zone 1, 15 min free",4.5,,Kyabra St between Longland St & Commercial Rd in Newstead,9,0,,153.042773,-27.452319,4000573,18.25,467,"{""coordinates"": [153.042773, -27.452319000000006], ""type"": ""Point""}","-27.452319000000006, 153.042773",9
4469,TICKETLESS METER MULTISPACE,KYABRA ST,NEWSTEAD,4,NONE,MON-FRI,8AM-5PM,"Zone 1, 15 min free",4.5,,Kyabra St between Commercial Rd & Longland St in Newstead,6,0,,153.042827,-27.451449,4000574,,468,"{""coordinates"": [153.042827, -27.451449], ""type"": ""Point""}","-27.451449, 153.042827",6
4470,TICKETLESS METER MULTISPACE,COMMERCIAL RD,NEWSTEAD,2,NONE,MON-FRI,7AM-7PM,"Zone 1, 15 min free",6.85,,Commercial Rd between Stratton St & Kyabra St in Newstead,3,0,,153.042313,-27.453119,4000578,,469,"{""coordinates"": [153.042313, -27.453119000000015], ""type"": ""Point""}","-27.453119000000015, 153.042313",3
4471,TICKETLESS METER MULTISPACE,STRATTON ST,NEWSTEAD,4,NONE,MON-FRI,7AM-7PM,"Zone 1, 15 min free",4.5,,Stratton St between Longland St & Commercial Rd in Newstead,8,0,,153.041986,-27.451543,4000576,,470,"{""coordinates"": [153.041986, -27.45154299999999], ""type"": ""Point""}","-27.45154299999999, 153.041986",8
4473,TICKETLESS METER MULTISPACE,STRATTON ST,NEWSTEAD,12,NONE,MON-FRI,7AM-7PM,"Zone 1, 15 min free",4.5,,Stratton St between Commercial Rd & Longland St in Newstead,4,0,,153.04186,-27.451535,4000575,18.25,471,"{""coordinates"": [153.04186, -27.45153500000001], ""type"": ""Point""}","-27.45153500000001, 153.04186",4
4474,TICKETLESS METER MULTISPACE,HELEN ST,TENERIFFE,12,NONE,MON-FRI,7AM-7PM,"Zone 1, 15 min free",4.5,,Helen St between Commercial Rd & Vernon Tce in Teneriffe,5,0,,153.045803,-27.453694,4000527,18.25,472,"{""coordinates"": [153.045803, -27.453694], ""type"": ""Point""}","-27.453694, 153.045803",5
4480,TICKETLESS METER MULTISPACE,ARTHUR ST,TENERIFFE,4,NONE,MON-FRI,8AM-5PM,"Zone 1, 15 min free",4.5,,Arthur St between Chester St & Commercial Rd in Teneriffe,6,0,,153.044647,-27.454048,4000523,,473,"{""coordinates"": [153.044647, -27.454048000000025], ""type"": ""Point""}","-27.454048000000025, 153.044647",6
4481,TICKETLESS METER MULTISPACE,COMMERCIAL RD,TENERIFFE,4,NONE,MON-FRI,7AM-7PM,"Zone 1, 15 min free",4.5,,Commercial Rd between Arthur St & Doggett St in Teneriffe,8,0,,153.044511,-27.453795,4000521,,474,"{""coordinates"": [153.044511, -27.453795000000017], ""type"": ""Point""}","-27.453795000000017, 153.044511",8
4482,TICKETLESS METER MULTISPACE,DOGGETT ST,TENERIFFE,12,NONE,MON-FRI,7AM-7PM,"Zone 1, 15 min free",4.5,,Doggett St between Commercial Rd & Chester St in Teneriffe,4,0,,153.043097,-27.45407,4000538,18.25,475,"{""coordinates"": [153.04309700000002, -27.45407000000001], ""type"": ""Point""}","-27.45407000000001, 153.04309700000002",4
4483,PAY BY MOBILE APP ONLY,ARTHUR ST,FORTITUDE VALLEY,12,NONE,MON-FRI,7AM-7PM,"Zone 1, 15 min free",4.5,,Arthur St between James St & Brunswick St in Fortitude Valley,16,0,,153.03901,-27.459966,4000391,18.25,476,"{""coordinates"": [153.03901000000002, -27.45996599999999], ""type"": ""Point""}","-27.45996599999999, 153.03901000000002",16
4486,TICKETLESS METER MULTISPACE,PROE ST,NEWSTEAD,12,NONE,MON-FRI,7AM-7PM,"Zone 1, 15 min free",4.5,,Proe St between Leopold St & Doggett St in Newstead,6,0,,153.041699,-27.453844,4000581,18.25,477,"{""coordinates"": [153.041699, -27.453844000000007], ""type"": ""Point""}","-27.453844000000007, 153.041699",6
4487,TICKETLESS METER MULTISPACE,LEOPOLD ST,NEWSTEAD,3,NONE,MON-FRI,7AM-7PM,"Zone 1, 15 min free",6.85,,Leopold St between Proe St & Chester St in Newstead,3,0,,153.041403,-27.453883,4000582,,478,"{""coordinates"": [153.041403, -27.45388300000001], ""type"": ""Point""}","-27.45388300000001, 153.041403",3
4488,TICKETLESS METER MULTISPACE,CHESTER ST,NEWSTEAD,12,NONE,MON-FRI,7AM-7PM,"Zone 1, 15 min free",4.5,,Chester St between Leopold St & Doggett St in Newstead,7,0,,153.041586,-27.454759,4000584,18.25,479,"{""coordinates"": [153.04158599999997, -27.45475900000001], ""type"": ""Point""}","-27.45475900000001, 153.04158599999997",7
4489,TICKETLESS METER MULTISPACE,DOGGETT ST,FORTITUDE VALLEY,3,NONE,7 DAYS,"7AM-7PM,7PM-10PM(MON-FRI),7AM-7PM(SAT,SUN)","Zone 1, 15 min free",6.85,3.7,Doggett St between Chester St & Wandoo St in Fortitude Valley,19,0,,153.041243,-27.456301,4000380,,480,"{""coordinates"": [153.041243, -27.456301], ""type"": ""Point""}","-27.456301, 153.041243",19
4490,TICKETLESS METER MULTISPACE,ROBERTSON ST,FORTITUDE VALLEY,12,NONE,MON-FRI,7AM-7PM,"Zone 1, 15 min free",4.5,,Robertson St between End & Light St in Fortitude Valley,10,0,,153.038977,-27.458443,4000383,18.25,481,"{""coordinates"": [153.03897699999996, -27.458443], ""type"": ""Point""}","-27.458443, 153.03897699999996",10
4491,TICKETLESS METER MULTISPACE,ROBERTSON ST,FORTITUDE VALLEY,12,NONE,MON-FRI,7AM-7PM,"Zone 1, 15 min free",4.5,,Robertson St between Brunswick St & James St in Fortitude Valley,10,0,,153.037903,-27.459543,4000383,18.25,482,"{""coordinates"": [153.03790300000003, -27.459542999999996], ""type"": ""Point""}","-27.459542999999996, 153.03790300000003",10
4492,TICKETLESS METER MULTISPACE,HARRISON LN,FORTITUDE VALLEY,3,NONE,7 DAYS,"7AM-7PM,7PM-10PM(MON-FRI),7AM-7PM(SAT,SUN)","Zone 1, 15 min free",6.85,3.7,Harrison Lane between Martin St & Ivory St in Fortitude Valley,13,0,,153.036228,-27.460575,4000387,,483,"{""coordinates"": [153.03622799999997, -27.460575000000006], ""type"": ""Point""}","-27.460575000000006, 153.03622799999997",13
4494,TICKETLESS METER MULTISPACE,WANDOO ST,FORTITUDE VALLEY,3,NONE,7 DAYS,"7AM-7PM,7PM-10PM(MON-FRI),7AM-7PM(SAT,SUN)","Zone 1, 15 min free",6.85,3.7,Wandoo St between Doggett St & Ann St in Fortitude Valley,9,0,,153.039191,-27.45489,4000378,,484,"{""coordinates"": [153.039191, -27.454889999999995], ""type"": ""Point""}","-27.454889999999995, 153.039191",9
4495,TICKETLESS METER MULTISPACE,BRIDGE ST,FORTITUDE VALLEY,3,NONE,7 DAYS,"7AM-7PM,7PM-10PM(MON-FRI),7AM-7PM(SAT,SUN)","Zone 1, 15 min free",6.85,3.7,Bridge St between Wickham St & End in Fortitude Valley,9,0,,153.035686,-27.454536,4000398,,485,"{""coordinates"": [153.035686, -27.45453600000002], ""type"": ""Point""}","-27.45453600000002, 153.035686",9
4496,TICKETLESS METER MULTISPACE,SYMES ST,BOWEN HILLS,2,NONE,7 DAYS,"7AM-7PM,7PM-10PM(MON-FRI),7AM-7PM(SAT,SUN)","Zone 1, 15 min free",6.85,3.7,Brewers St at Symes St in Bowen Hills,5,0,,153.033719,-27.453013,4000490,,486,"{""coordinates"": [153.033719, -27.453013000000002], ""type"": ""Point""}","-27.453013000000002, 153.033719",5
4497,TICKETLESS METER MULTISPACE,BREWERS ST,BOWEN HILLS,2,NONE,7 DAYS,"7AM-7PM,7PM-10PM(MON-FRI),7AM-7PM(SAT,SUN)","Zone 1, 15 min free",6.85,3.7,Brewers St between Symes St & Constance St in Bowen Hills,7,0,,153.033655,-27.453087,4000490,,487,"{""coordinates"": [153.03365499999998, -27.453087000000014], ""type"": ""Point""}","-27.453087000000014, 153.03365499999998",7
4498,PAY BY MOBILE APP ONLY,MONTPELIER RD,BOWEN HILLS,3,"NO STOPPING 6AM-9AM,4PM-7PM MON-FRI",MON-FRI,9AM-4PM,"Zone 1, 15 min free",6.85,,Montpelier Rd between Down St & Dukinfield St in Bowen Hills,8,0,,153.040226,-27.449176,4000488,,488,"{""coordinates"": [153.040226, -27.449175999999994], ""type"": ""Point""}","-27.449175999999994, 153.040226",8
4499,TICKETLESS METER MULTISPACE,EDMONDSTONE RD,BOWEN HILLS,12,NONE,MON-FRI,7AM-7PM,"Zone 1, 15 min free",4.5,,Edmondstone Rd between Folkestone St and Abbotsford Rd in Bowen Hills,4,0,,153.04145,-27.443757,4000494,18.25,489,"{""coordinates"": [153.04145, -27.443756999999994], ""type"": ""Point""}","-27.443756999999994, 153.04145",4
4500,PAY BY MOBILE APP ONLY,PROSPECT ST,FORTITUDE VALLEY,3,NONE,MON-FRI,7AM-7PM,"Zone 1, 15 min free",6.85,,Prospect St between Brookes St & Light St in Bowen Hills,5,0,,153.037038,-27.452521,4000881,,490,"{""coordinates"": [153.037038, -27.452521000000015], ""type"": ""Point""}","-27.452521000000015, 153.037038",5
4501,TICKETLESS METER MULTISPACE,JORDAN TCE,BOWEN HILLS,12,NONE,MON-FRI,7AM-7PM,"Zone 1, 15 min free",4.5,,Jordan Tce between Edmonstone Rd & Cintra Rd in Bowen Hills,7,0,,153.04172,-27.445272,4000496,18.25,491,"{""coordinates"": [153.04172, -27.445272000000003], ""type"": ""Point""}","-27.445272000000003, 153.04172",7
4502,TICKETLESS METER MULTISPACE,SCANLAN ST,FORTITUDE VALLEY,4,NONE,MON-FRI,7AM-7PM,"Zone 1, 15 min free",4.5,,Scanlan St between End & Light St in Bowen Hills,8,0,,153.037485,-27.451338,4000372,,492,"{""coordinates"": [153.03748500000003, -27.451337999999996], ""type"": ""Point""}","-27.451337999999996, 153.03748500000003",8
4504,TICKETLESS METER MULTISPACE,PROSPECT ST,FORTITUDE VALLEY,12,NONE,MON-FRI,7AM-7PM,"Zone 1, 15 min free",4.5,,Prospect St between Brookes St & Light St in Bowen Hills,28,0,,153.037734,-27.451823,4000370,18.25,493,"{""coordinates"": [153.037734, -27.451823000000005], ""type"": ""Point""}","-27.451823000000005, 153.037734",28
4505,PAY BY MOBILE APP ONLY,MONTPELIER RD,BOWEN HILLS,3,NONE,MON-FRI,7AM-7PM,"Zone 1, 15 min free",6.85,,Montpelier Rd between Breakfast Creek Rd & Abbotsford Rd in Bowen Hills,9,0,,153.040129,-27.449301,4000489,,494,"{""coordinates"": [153.040129, -27.449301000000006], ""type"": ""Point""}","-27.449301000000006, 153.040129",9
4507,TICKETLESS METER MULTISPACE,PROSPECT ST,FORTITUDE VALLEY,12,NONE,MON-FRI,7AM-7PM,"Zone 1, 15 min free",4.5,,Prospect St between Light St & Knapp St in Bowen Hills,36,0,,153.038674,-27.450703,4000371,18.25,495,"{""coordinates"": [153.038674, -27.450703000000004], ""type"": ""Point""}","-27.450703000000004, 153.038674",36
4509,TICKETLESS METER MULTISPACE,KNAPP ST,FORTITUDE VALLEY,12,NONE,MON-FRI,7AM-7PM,"Zone 1, 15 min free",4.5,,Knapp St between Wickham St & Knapp St in Bowen Hills,8,0,,153.039921,-27.450759,4000375,18.25,496,"{""coordinates"": [153.039921, -27.450758999999994], ""type"": ""Point""}","-27.450758999999994, 153.039921",8
4510,TICKETLESS METER MULTISPACE,MONTPELIER RD,BOWEN HILLS,12,NONE,MON-FRI,7AM-7PM,"Zone 1, 15 min free",4.5,,Montepelier Rd between Breakfast Ck Rd & Markwell St in Bowen Hills,6,0,,153.03927,-27.448854,4000499,18.25,497,"{""coordinates"": [153.03927, -27.448853999999994], ""type"": ""Point""}","-27.448853999999994, 153.03927",6
4511,TICKETLESS METER MULTISPACE,MONTPELIER RD,BOWEN HILLS,12,NONE,MON-FRI,7AM-7PM,"Zone 1, 15 min free",4.5,,Montepelier Rd between Cintra Rd & Down St in Bowen Hills,4,0,,153.039634,-27.448941,4000499,18.25,498,"{""coordinates"": [153.039634, -27.44894100000001], ""type"": ""Point""}","-27.44894100000001, 153.039634",4
4512,TICKETLESS METER MULTISPACE,CINTRA RD,BOWEN HILLS,4,NONE,MON-FRI,9AM-4PM,"Zone 1, 15 min free",4.5,,Cintra Rd between Boyd St & Montepelier Rd in Bowen Hills,11,0,,153.038725,-27.447494,4000518,,499,"{""coordinates"": [153.038725, -27.447494000000013], ""type"": ""Point""}","-27.447494000000013, 153.038725",11
4513,TICKETLESS METER MULTISPACE,JORDAN TCE,BOWEN HILLS,12,NONE,MON-FRI,7AM-7PM,"Zone 1, 15 min free",4.5,,Jordan Tce between Cintra Rd & Roche Ave in Bowen Hills,22,0,,153.040721,-27.445047,4000496,18.25,500,"{""coordinates"": [153.040721, -27.445047000000006], ""type"": ""Point""}","-27.445047000000006, 153.040721",22
4514,TICKETLESS METER MULTISPACE,JORDAN TCE,BOWEN HILLS,4,NONE,MON-FRI,8AM-5PM,"Zone 1, 15 min free",4.5,,Jordan Tce between Roche Ave & Cintra Rd in Bowen Hills,4,0,,153.041398,-27.445285,4000497,,501,"{""coordinates"": [153.041398, -27.445285000000005], ""type"": ""Point""}","-27.445285000000005, 153.041398",4
4515,TICKETLESS METER MULTISPACE,DUNLOP ST,BOWEN HILLS,12,NONE,MON-FRI,7AM-7PM,"Zone 1, 15 min free",4.5,,Dunlop St between Jordan Tce & Breakfast Ck Rd in Bowen Hills,10,0,,153.041953,-27.446877,4000498,18.25,502,"{""coordinates"": [153.041953, -27.446877000000015], ""type"": ""Point""}","-27.446877000000015, 153.041953",10
4516,TICKETLESS METER MULTISPACE,DURONG ST,NEWSTEAD,12,NONE,MON-FRI,7AM-7PM,"Zone 1, 15 min free",4.5,,Durong St between Breakfast Ck Rd & Ross St in Bowen Hills,15,0,,153.043681,-27.441776,4000591,18.25,503,"{""coordinates"": [153.043681, -27.441775999999997], ""type"": ""Point""}","-27.441775999999997, 153.043681",15
4517,PAY BY MOBILE APP ONLY,ROSS ST,NEWSTEAD,4,NONE,MON-FRI,7AM-7PM,"Zone 1, 15 min free",4.5,,Ross St between Wickham Grove & End in Bowen Hills,8,0,,153.04348,-27.441797,4000589,,504,"{""coordinates"": [153.04348, -27.441797000000005], ""type"": ""Point""}","-27.441797000000005, 153.04348",8
4518,PAY BY MOBILE APP ONLY,EDMUND ST,NEWSTEAD,3,NONE,MON-FRI,7AM-7PM,"Zone 1, 15 min free",6.85,,Edmund St between Ross and Breakfast Ck Rd in Newstead,7,0,,153.042935,-27.44372,4000384,,505,"{""coordinates"": [153.042935, -27.44372], ""type"": ""Point""}","-27.44372, 153.042935",7
4519,PAY BY MOBILE APP ONLY,ROSS ST,NEWSTEAD,12,NONE,MON-FRI,7AM-7PM,"Zone 1, 15 min free",4.5,,Ross St between Edmund St & Edmonstone St in Bowen Hills,5,0,,153.042356,-27.443913,4000588,18.25,506,"{""coordinates"": [153.042356, -27.443913], ""type"": ""Point""}","-27.443913, 153.042356",5
4521,TICKETLESS METER MULTISPACE,EDMONDSTONE RD,BOWEN HILLS,12,NONE,MON-FRI,7AM-7PM,"Zone 1, 15 min free",4.5,,Edmondstone St between Folkestone Rd & Abbotsford Rd in Bowen Hills,7,0,,153.040836,-27.442917,4000494,18.25,507,"{""coordinates"": [153.040836, -27.442917000000005], ""type"": ""Point""}","-27.442917000000005, 153.040836",7
4522,PAY BY MOBILE APP ONLY,EDMONDSTONE RD,BOWEN HILLS,3,"NO STOPPING 6AM-9AM,4PM-7PM MON-FRI",MON-FRI,9AM-4PM,"Zone 1, 15 min free",6.85,,Edmondstone St between Folkestone Rd & Abbotsford Rd in Bowen Hills,3,0,,153.039649,-27.442549,4000493,,508,"{""coordinates"": [153.039649, -27.442549], ""type"": ""Point""}","-27.442549, 153.039649",3
4524,TICKETLESS METER MULTISPACE,THOMPSON ST,BOWEN HILLS,12,NONE,MON-FRI,7AM-7PM,"Zone 1, 15 min free",4.5,,Thompson St between Allison St & Murray St in Bowen Hills,9,0,,153.040684,-27.440538,4000492,18.25,509,"{""coordinates"": [153.040684, -27.440538000000014], ""type"": ""Point""}","-27.440538000000014, 153.040684",9
4525,PAY BY MOBILE APP ONLY,THOMPSON ST,BOWEN HILLS,12,NONE,MON-FRI,7AM-7PM,"Zone 1, 15 min free",4.5,,Thompson St between Murray St & Allison St in Bowen Hills,11,0,,153.040563,-27.440498,4000492,18.25,510,"{""coordinates"": [153.040563, -27.44049800000001], ""type"": ""Point""}","-27.44049800000001, 153.040563",11
4526,TICKETLESS METER MULTISPACE,ALLISON ST,BOWEN HILLS,12,NONE,MON-FRI,7AM-7PM,"Zone 1, 15 min free",4.5,,Allison St between Allison St & Abbotsford Rd in Bowen Hills,6,0,,153.040992,-27.439241,4000491,18.25,511,"{""coordinates"": [153.040992, -27.439241], ""type"": ""Point""}","-27.439241, 153.040992",6
4527,PAY BY MOBILE APP ONLY,BURROWS ST,BOWEN HILLS,3,7AM-9AM & 4PM-7PM NO STOPPING,MON-FRI,9AM-4PM,"Zone 1, 15 min free",6.85,,Burrows St between Hadwen Lane & Abbotsford Rd in Bowen Hills,9,0,,153.04111,-27.43502,4000889,,512,"{""coordinates"": [153.04111, -27.43502], ""type"": ""Point""}","-27.43502, 153.04111",9
4528,TICKETLESS METER MULTISPACE,NEWSTEAD AVE,NEWSTEAD,12,NONE,MON-FRI,7AM-7PM,"Zone 1, 15 min free",4.5,,Newstead Ave between Breakfast Ck & Newstead Tce in Newstead,17,0,,153.04501,-27.443272,4000543,18.25,513,"{""coordinates"": [153.04501, -27.443272000000007], ""type"": ""Point""}","-27.443272000000007, 153.04501",17
4529,TICKETLESS METER MULTISPACE,NEWSTEAD TCE,NEWSTEAD,4,NONE,MON-FRI,8AM-5PM,"Zone 1, 15 min free",4.5,,Newstead Tce between Newstead Ave & Evelyn St in Newstead,10,0,,153.04576,-27.443576,4000544,,514,"{""coordinates"": [153.04576, -27.443576000000014], ""type"": ""Point""}","-27.443576000000014, 153.04576",10
4530,TICKETLESS METER MULTISPACE,NEWSTEAD TCE,NEWSTEAD,4,NONE,MON-FRI,8AM-5PM,"Zone 1, 15 min free",4.5,,Newstead Tce between Newstead Ave & Evelyn St in Newstead,6,0,,153.045535,-27.444793,4000544,,515,"{""coordinates"": [153.04553499999997, -27.44479300000002], ""type"": ""Point""}","-27.44479300000002, 153.04553499999997",6
4531,TICKETLESS METER MULTISPACE,NEWSTEAD TCE,NEWSTEAD,4,NONE,MON-FRI,8AM-5PM,"Zone 1, 15 min free",4.5,,Newstead Tce between Newstead Ave & Evelyn St in Newstead,6,0,,153.045594,-27.445605,4000544,,516,"{""coordinates"": [153.045594, -27.445605000000022], ""type"": ""Point""}","-27.445605000000022, 153.045594",6
4532,TICKETLESS METER MULTISPACE,NEWSTEAD TCE,NEWSTEAD,4,NONE,MON-FRI,8AM-5PM,"Zone 1, 15 min free",4.5,,Newstead Tce between Newstead Ave & Evelyn St in Newstead,4,0,,153.045689,-27.446164,4000544,,517,"{""coordinates"": [153.045689, -27.446163999999992], ""type"": ""Point""}","-27.446163999999992, 153.045689",4
4533,TICKETLESS METER MULTISPACE,NEWSTEAD TCE,NEWSTEAD,4,NONE,MON-FRI,8AM-5PM,"Zone 1, 15 min free",4.5,,Newstead Tce between Newstead Ave & Evelyn St in Newstead,8,0,,153.045775,-27.446703,4000544,,518,"{""coordinates"": [153.04577499999996, -27.44670299999999], ""type"": ""Point""}","-27.44670299999999, 153.04577499999996",8
4534,TICKETLESS METER MULTISPACE,NEWSTEAD TCE,NEWSTEAD,12,NONE,MON-FRI,7AM-7PM,"Zone 1, 15 min free",4.5,,Newstead Tce between Evelyn St & Austin St in Newstead,6,0,,153.045714,-27.447198,4000543,18.25,519,"{""coordinates"": [153.045714, -27.44719800000001], ""type"": ""Point""}","-27.44719800000001, 153.045714",6
4535,TICKETLESS METER MULTISPACE,NEWSTEAD TCE,NEWSTEAD,12,NONE,MON-FRI,7AM-7PM,"Zone 1, 15 min free",4.5,,Newstead Tce between Evelyn St & Austin St in Newstead,4,0,,153.045594,-27.446514,4000545,18.25,520,"{""coordinates"": [153.045594, -27.446514000000004], ""type"": ""Point""}","-27.446514000000004, 153.045594",4
4536,TICKETLESS METER MULTISPACE,NEWSTEAD TCE,NEWSTEAD,12,NONE,MON-FRI,7AM-7PM,"Zone 1, 15 min free",4.5,,Newstead Tce between Austin St & Maud St in Newstead,7,0,,153.045442,-27.445674,4000543,18.25,521,"{""coordinates"": [153.04544199999998, -27.44567399999999], ""type"": ""Point""}","-27.44567399999999, 153.04544199999998",7
4537,TICKETLESS METER MULTISPACE,NEWSTEAD TCE,NEWSTEAD,12,NONE,MON-FRI,7AM-7PM,"Zone 1, 15 min free",4.5,,Newstead Tce between Maud St & Halford St in Newstead,3,0,,153.045377,-27.444778,4000543,18.25,522,"{""coordinates"": [153.045377, -27.44477800000001], ""type"": ""Point""}","-27.44477800000001, 153.045377",3
4539,TICKETLESS METER MULTISPACE,NEWSTEAD TCE,NEWSTEAD,12,NONE,MON-FRI,7AM-7PM,"Zone 1, 15 min free",4.5,,Newstead Tce between Halford St & Newstead Ave in Newstead,4,0,,153.045617,-27.443541,4000543,18.25,523,"{""coordinates"": [153.045617, -27.443541000000003], ""type"": ""Point""}","-27.443541000000003, 153.045617",4
4540,TICKETLESS METER MULTISPACE,HALFORD ST,NEWSTEAD,12,NONE,MON-FRI,7AM-7PM,"Zone 1, 15 min free",4.5,,Halford St between Breakfast Ck & Newstead Tce in Newstead,17,0,,153.044756,-27.443643,4000541,18.25,524,"{""coordinates"": [153.044756, -27.443643], ""type"": ""Point""}","-27.443643, 153.044756",17
4541,TICKETLESS METER MULTISPACE,HALFORD ST,NEWSTEAD,12,NONE,MON-FRI,7AM-7PM,"Zone 1, 15 min free",4.5,,Halford St between Newstead Tce & Breakfast Ck Rd in Newstead,11,0,,153.045516,-27.443887,4000541,18.25,525,"{""coordinates"": [153.045516, -27.443886999999997], ""type"": ""Point""}","-27.443886999999997, 153.045516",11
4660,TICKETLESS METER MULTISPACE,TERRACE ST,SPRING HILL,12,NONE,MON-FRI,7AM-7PM,"Zone 1, 15 min free",4.5,,Terrace St between Sedgebrook St & Terrace Lane in Spring Hill,4,0,,153.023144,-27.463919,4000275,18.25,526,"{""coordinates"": [153.023144, -27.463919000000022], ""type"": ""Point""}","-27.463919000000022, 153.023144",4
4661,TICKETLESS METER MULTISPACE,WATER ST,SPRING HILL,12,NONE,MON-FRI,7AM-7PM,"Zone 1, 15 min free",4.5,,Water St between Victoria St & Isaac St in Spring Hill,21,0,,153.025597,-27.459215,4000290,18.25,527,"{""coordinates"": [153.025597, -27.459214999999997], ""type"": ""Point""}","-27.459214999999997, 153.025597",21
4662,TICKETLESS METER MULTISPACE,FLYNN ST,SPRING HILL,2,NONE,MON-FRI,8AM-5PM,"Zone 1, 15 min free",6.85,,Flynn St between Berry St & Up Edward St in Spring Hill,4,0,,153.024008,-27.463524,4000284,,528,"{""coordinates"": [153.024008, -27.463523999999985], ""type"": ""Point""}","-27.463523999999985, 153.024008",4
4664,PAY BY MOBILE APP ONLY,BERRY ST,SPRING HILL,3,NONE,MON-FRI,7AM-7PM,"Zone 1, 15 min free",6.85,,Berry St between Flynn St & Wickham Tce in Spring Hill,13,0,,153.023907,-27.465042,4000897,,529,"{""coordinates"": [153.023907, -27.46504200000001], ""type"": ""Point""}","-27.46504200000001, 153.023907",13
4665,TICKETLESS METER MULTISPACE,UPPER EDWARD ST,SPRING HILL,2,"CLEARWAY 7AM-9AM,4PM-7PM MON-FRI TOWAWAY",MON-FRI,9AM-4PM,"Zone 1, 15 min free",6.85,,Up Edward St between Leichhardt St & Astor Tce in Spring Hill,3,0,,153.024532,-27.463274,4000286,,530,"{""coordinates"": [153.02453199999997, -27.463274000000016], ""type"": ""Point""}","-27.463274000000016, 153.02453199999997",3
4666,TICKETLESS METER MULTISPACE,ASTOR TCE,SPRING HILL,2,NONE,MON-FRI,8AM-5PM,"Zone 1, 15 min free",6.85,,Astor Tce between Portman Lane & Henry St in Spring Hill,2,0,,153.026239,-27.463346,4000303,,531,"{""coordinates"": [153.026239, -27.463345999999994], ""type"": ""Point""}","-27.463345999999994, 153.026239",2
4667,PAY BY MOBILE APP ONLY,WHARF ST,SPRING HILL,3,NO STOPPING 4PM-6PM MON-FRI,MON-FRI,7AM-4PM,"Zone 1, 15 min free",6.85,,Wharf St between Astor Tce & Leichhardt St in Spring Hill,10,0,,153.0271,-27.462532,4000305,,532,"{""coordinates"": [153.0271, -27.462532000000007], ""type"": ""Point""}","-27.462532000000007, 153.0271",10
4668,TICKETLESS METER MULTISPACE,WHARF ST,SPRING HILL,2,CLEARWAY 7AM-9AM MON-FRI TOWAWAY,MON-FRI,9AM-5:30PM,"Zone 1, 15 min free",6.85,,Wharf St between Leichhardt St & Turbot St in Spring Hill,7,0,,153.027251,-27.462491,4000306,,533,"{""coordinates"": [153.02725099999998, -27.462491], ""type"": ""Point""}","-27.462491, 153.02725099999998",7
4669,TICKETLESS METER MULTISPACE,TWINE ST,SPRING HILL,12,NONE,MON-FRI,7AM-7PM,"Zone 1, 15 min free",4.5,,Twine St between Wickham Tce & End in Spring Hill,8,0,,153.021279,-27.463147,4000279,18.25,534,"{""coordinates"": [153.021279, -27.463146999999996], ""type"": ""Point""}","-27.463146999999996, 153.021279",8
4671,TICKETLESS METER MULTISPACE,ST PAULS TCE,SPRING HILL,4,"CLEARWAY 7AM-9AM,4PM-6PM MON-FRI TOWAWAY",MON-FRI,9AM-4PM,"Zone 1, 15 min free",4.5,,St Pauls Tce between Warren St & Gloucester St in Spring Hill,5,0,,153.028507,-27.459289,4000314,,535,"{""coordinates"": [153.02850699999996, -27.45928900000001], ""type"": ""Point""}","-27.45928900000001, 153.02850699999996",5
4672,TICKETLESS METER MULTISPACE,GLOUCESTER ST,SPRING HILL,12,NONE,MON-FRI,7AM-7PM,"Zone 1, 15 min free",4.5,,Gloucester St between St Pauls Tce & Thornbury St in Spring Hill,4,0,,153.028705,-27.460049,4000313,18.25,536,"{""coordinates"": [153.028705, -27.460049000000012], ""type"": ""Point""}","-27.460049000000012, 153.028705",4
4673,TICKETLESS METER MULTISPACE,BOWEN ST,SPRING HILL,3,NONE,MON-FRI,8AM-5PM,"Zone 1, 15 min free",6.85,,Bowen St between Carrol Lane & Boundary St in Spring Hill,4,0,,153.027518,-27.4617,4000307,,537,"{""coordinates"": [153.027518, -27.4617], ""type"": ""Point""}","-27.4617, 153.027518",4
4674,PAY BY MOBILE APP ONLY,THORNBURY ST,SPRING HILL,12,NONE,MON-FRI,7AM-7PM,"Zone 1, 15 min free",4.5,,Thornbury St between End & Warren St in Spring Hill,6,0,,153.029516,-27.459647,4000312,18.25,538,"{""coordinates"": [153.029516, -27.459647], ""type"": ""Point""}","-27.459647, 153.029516",6
4675,TICKETLESS METER MULTISPACE,THORNBURY ST,SPRING HILL,12,NONE,MON-FRI,7AM-7PM,"Zone 1, 15 min free",4.5,,Thornbury St between Warren St & Gloucester St in Spring Hill,6,0,,153.029838,-27.459467,4000312,18.25,539,"{""coordinates"": [153.029838, -27.459467], ""type"": ""Point""}","-27.459467, 153.029838",6
4676,TICKETLESS METER MULTISPACE,THORNBURY ST,SPRING HILL,12,NONE,MON-FRI,7AM-7PM,"Zone 1, 15 min free",4.5,,Thornbury St between Warren St & Gloucester St in Spring Hill,7,0,,153.029223,-27.46009,4000312,18.25,540,"{""coordinates"": [153.029223, -27.460089999999997], ""type"": ""Point""}","-27.460089999999997, 153.029223",7
4677,PAY BY MOBILE APP ONLY,PHILLIPS ST,SPRING HILL,12,NONE,MON-FRI,7AM-7PM,"Zone 1, 15 min free",4.5,,Phillips St between Boundary St & Gloucester St in Spring Hill,6,0,,153.028035,-27.460841,4000313,18.25,541,"{""coordinates"": [153.02803499999996, -27.460841000000013], ""type"": ""Point""}","-27.460841000000013, 153.02803499999996",6
4678,TICKETLESS METER MULTISPACE,MEIN ST,SPRING HILL,3,NONE,MON-FRI,8AM-5PM,"Zone 1, 15 min free",6.85,,Mein St between Boundary St & Bowen St in Spring Hill,6,0,,153.028726,-27.461917,4000307,,542,"{""coordinates"": [153.028726, -27.461917000000017], ""type"": ""Point""}","-27.461917000000017, 153.028726",6
4679,PAY BY MOBILE APP ONLY,HARTLEY ST,SPRING HILL,12,NONE,MON-FRI,7AM-7PM,"Zone 1, 15 min free",4.5,,Hartley St between Gloucester St & Boundary St in Spring Hill,7,0,,153.029532,-27.461234,4000309,18.25,543,"{""coordinates"": [153.029532, -27.46123399999999], ""type"": ""Point""}","-27.46123399999999, 153.029532",7
4680,TICKETLESS METER MULTISPACE,SCHOOL ST,SPRING HILL,12,NONE,MON-FRI,7AM-7PM,"Zone 1, 15 min free",4.5,,School St between Boundary St & Warren St in Spring Hill,14,0,,153.030424,-27.461051,4000311,18.25,544,"{""coordinates"": [153.030424, -27.461051000000005], ""type"": ""Point""}","-27.461051000000005, 153.030424",14
4681,TICKETLESS METER MULTISPACE,SCHOOL ST,SPRING HILL,12,NONE,MON-FRI,7AM-7PM,"Zone 1, 15 min free",4.5,,School St between Turbot St and Warren St in Spring Hill,8,0,,153.030382,-27.460231,4000311,18.25,545,"{""coordinates"": [153.030382, -27.460230999999993], ""type"": ""Point""}","-27.460230999999993, 153.030382",8
4682,TICKETLESS METER MULTISPACE,BARRY PDE,FORTITUDE VALLEY,3,NONE,MON-FRI,8AM-5PM,"Zone 1, 15 min free",6.85,,Barry Pde between Wickham St & Warren St in Fortitude Valley,7,0,,153.030802,-27.460719,4000437,,546,"{""coordinates"": [153.030802, -27.460719000000015], ""type"": ""Point""}","-27.460719000000015, 153.030802",7
4685,TICKETLESS METER MULTISPACE,WARREN ST,FORTITUDE VALLEY,12,NONE,MON-FRI,7AM-7PM,"Zone 1, 15 min free",4.5,,Warren St between St Pauls Tce & Barry Pde in Fortitude Valley,9,0,,153.029575,-27.458937,4000344,18.25,547,"{""coordinates"": [153.029575, -27.45893699999999], ""type"": ""Point""}","-27.45893699999999, 153.029575",9
4686,TICKETLESS METER MULTISPACE,BARRY PDE,FORTITUDE VALLEY,3,NONE,MON-FRI,8AM-5PM,"Zone 1, 15 min free",6.85,,Barry Pde between Gotha St & Warren St in Fortitude Valley,17,0,,153.030968,-27.460038,4000437,,548,"{""coordinates"": [153.030968, -27.460037999999994], ""type"": ""Point""}","-27.460037999999994, 153.030968",17
4687,TICKETLESS METER MULTISPACE,GOTHA ST,FORTITUDE VALLEY,12,NONE,MON-FRI,7AM-7PM,"Zone 1, 15 min free",4.5,,Gotha St between Barry Pde & St Pauls Tce in Fortitude Valley,8,0,,153.030134,-27.458575,4000341,18.25,549,"{""coordinates"": [153.030134, -27.45857500000001], ""type"": ""Point""}","-27.45857500000001, 153.030134",8
4688,TICKETLESS METER MULTISPACE,GOTHA ST,FORTITUDE VALLEY,3,NO STOPPING 7AM-9AM MON-FRI,MON-FRI,9AM-7PM,"Zone 1, 15 min free",6.85,,Gotha St between Barry Pde & Wickham St in Fortitude Valley,5,0,,153.031103,-27.45915,4000438,,550,"{""coordinates"": [153.031103, -27.459149999999994], ""type"": ""Point""}","-27.459149999999994, 153.031103",5
4689,TICKETLESS METER MULTISPACE,AGNES ST,FORTITUDE VALLEY,3,NONE,MON-FRI,7AM-7PM,"Zone 1, 15 min free",6.85,,Agnes St between Gipps St & Gotha St in Fortitude Valley,10,0,,153.030413,-27.458336,4000851,,551,"{""coordinates"": [153.03041300000004, -27.458336000000006], ""type"": ""Point""}","-27.458336000000006, 153.03041300000004",10
4690,TICKETLESS METER MULTISPACE,AGNES ST,FORTITUDE VALLEY,12,NONE,MON-FRI,7AM-7PM,"Zone 1, 15 min free",4.5,,Agnes St between Gotha St & Gipps St in Fortitude Valley,15,0,,153.030543,-27.458023,4000341,18.25,552,"{""coordinates"": [153.030543, -27.458023000000015], ""type"": ""Point""}","-27.458023000000015, 153.030543",15
4692,TICKETLESS METER MULTISPACE,LITTLE ST,FORTITUDE VALLEY,1,NONE,MON-FRI,7AM-7PM,"Zone 1, 15 min free",6.85,,Little St between End & End in Fortitude Valley,7,0,,153.031882,-27.458732,4000440,,553,"{""coordinates"": [153.03188199999997, -27.45873200000002], ""type"": ""Point""}","-27.45873200000002, 153.03188199999997",7
4693,TICKETLESS METER MULTISPACE,ALFRED ST,FORTITUDE VALLEY,3,NONE,MON-FRI,8AM-5PM,"Zone 1, 15 min free",6.85,,Alfred St between Yeovil St & Gipps St in Fortitude Valley,2,0,,153.031738,-27.457272,4000351,,554,"{""coordinates"": [153.031738, -27.457272], ""type"": ""Point""}","-27.457272, 153.031738",2
4694,TICKETLESS METER MULTISPACE,ALFRED ST,FORTITUDE VALLEY,1,NONE,MON-FRI,8AM-5PM,"Zone 1, 15 min free",6.85,,Alfred St between Yeovil St & Gipps St in Fortitude Valley,7,0,,153.031766,-27.457104,4000844,,555,"{""coordinates"": [153.031766, -27.457103999999994], ""type"": ""Point""}","-27.457103999999994, 153.031766",7
4696,TICKETLESS METER MULTISPACE,WEDD ST,SPRING HILL,12,NONE,MON-FRI,7AM-7PM,"Zone 1, 15 min free",4.5,,Wedd St between Fortescue St & End in Spring Hill,6,0,,153.023068,-27.459689,4000281,18.25,556,"{""coordinates"": [153.023068, -27.45968900000001], ""type"": ""Point""}","-27.45968900000001, 153.023068",6
4697,PAY BY MOBILE APP ONLY,WEDD ST,SPRING HILL,3,NONE,MON-FRI,8AM-5PM,"Zone 1, 15 min free",6.85,,Wedd St between End & Fortescue St in Spring Hill,9,0,,153.023239,-27.459609,4000282,,557,"{""coordinates"": [153.023239, -27.459609000000004], ""type"": ""Point""}","-27.459609000000004, 153.023239",9
4698,PAY BY MOBILE APP ONLY,LILLEY ST,SPRING HILL,12,NONE,MON-FRI,7AM-7PM,"Zone 1, 15 min free",4.5,,Lilley St between Birley St & Wickham Tce in Spring Hill,9,0,,153.021565,-27.463782,4000274,18.25,558,"{""coordinates"": [153.021565, -27.463781999999988], ""type"": ""Point""}","-27.463781999999988, 153.021565",9
4699,PAY BY MOBILE APP ONLY,RANWELL LANE,FORTITUDE VALLEY,3,NONE,7 DAYS,"7AM-7PM,7PM-10PM(MON-FRI),7AM-7PM(SAT,SUN)","Zone 1, 15 min free",6.85,3.7,"Ranwell Lane, Fortitude Valley between Gipps St & end",8,0,,153.03228,-27.45782,4000883,,559,"{""coordinates"": [153.03228, -27.45782], ""type"": ""Point""}","-27.45782, 153.03228",8
4700,TICKETLESS METER MULTISPACE,BIRLEY ST,SPRING HILL,3,NONE,MON-FRI,7AM-7PM,"Zone 1, 15 min free",6.85,,Birley St between Wickham Tce & Penton La in Spring Hill,4,0,,153.021659,-27.464861,4000829,,560,"{""coordinates"": [153.021659, -27.464861000000006], ""type"": ""Point""}","-27.464861000000006, 153.021659",4
4701,TICKETLESS METER MULTISPACE,UPPER EDWARD ST,SPRING HILL,2,"CLEARWAY 7AM-9AM,4PM-7PM MON-FRI TOWAWAY",MON-FRI,9AM-4PM,"Zone 1, 15 min free",6.85,,Up Edward St between Leichhardt St & Astor Tce in Spring Hill,2,0,,153.024718,-27.4642,4000286,,561,"{""coordinates"": [153.024718, -27.464200000000012], ""type"": ""Point""}","-27.464200000000012, 153.024718",2
4702,TICKETLESS METER MULTISPACE,UPPER EDWARD ST,SPRING HILL,2,"CLEARWAY 7AM-9AM,4PM-7PM MON-FRI TOWAWAY",MON-FRI,9AM-4PM,"Zone 1, 15 min free",6.85,,Up Edward St between Leichhardt St & Astor Tce in Spring Hill,2,0,,153.02484,-27.464127,4000286,,562,"{""coordinates"": [153.02484, -27.464127000000005], ""type"": ""Point""}","-27.464127000000005, 153.02484",2
4710,TICKETLESS METER MULTISPACE,HERSTON RD,HERSTON,12,NONE,MON-FRI,7AM-7PM,"Zone 2, 15 min free",3.45,,Herston Road between Gilchrist Ave & L'Estrange Tce in Kelvin Grove,10,0,,153.022118,-27.448976,4000415,16.75,563,"{""coordinates"": [153.022118, -27.448975999999995], ""type"": ""Point""}","-27.448975999999995, 153.022118",10
4712,TICKETLESS METER MULTISPACE,HERSTON RD,HERSTON,12,NONE,MON-FRI,7AM-7PM,"Zone 2, 15 min free",3.45,,Herston Road between Gilchrist Ave & L'Estrange Tce in Kelvin Grove,12,0,,153.019311,-27.448631,4000415,16.75,564,"{""coordinates"": [153.019311, -27.448631000000002], ""type"": ""Point""}","-27.448631000000002, 153.019311",12
4715,PAY BY MOBILE APP ONLY,LESTRANGE TCE,KELVIN GROVE,3,NONE,MON-FRI,7AM-7PM,"Zone 2, 15 min free",4.95,,L'Estrange Tce between Herston Road & Lorimer Tce in Kelvin Grove,16,0,,153.014218,-27.448531,4000414,,565,"{""coordinates"": [153.014218, -27.448531000000017], ""type"": ""Point""}","-27.448531000000017, 153.014218",16
4716,TICKETLESS METER MULTISPACE,LESTRANGE TCE,KELVIN GROVE,12,NONE,MON-FRI,7AM-7PM,"Zone 2, 15 min free",3.45,,L'Estrange Tce between Kelvin Grove Rd & Lorimer Tce in Kelvin Grove,10,0,,153.012903,-27.448749,4000413,16.75,566,"{""coordinates"": [153.012903, -27.448749000000014], ""type"": ""Point""}","-27.448749000000014, 153.012903",10
4718,TICKETLESS METER MULTISPACE,HERSTON RD,HERSTON,12,NONE,MON-FRI,7AM-7PM,"Zone 2, 15 min free",3.45,,Herston Road between Hetherington & Wyndham St in Kelvin Grove,5,0,,153.021921,-27.448814,4000415,16.75,567,"{""coordinates"": [153.02192100000002, -27.448813999999988], ""type"": ""Point""}","-27.448813999999988, 153.02192100000002",5
4720,TICKETLESS METER MULTISPACE,VICTORIA PARK RD,KELVIN GROVE,12,NONE,MON-FRI,7AM-7PM,"Zone 2, 15 min free",3.45,,Victoria Park Rd between L'Estrange Tce & ICB in Kelvin Grove,18,0,,153.016226,-27.452882,4000402,16.75,568,"{""coordinates"": [153.016226, -27.452881999999992], ""type"": ""Point""}","-27.452881999999992, 153.016226",18
4725,PAY BY MOBILE APP ONLY,VICTORIA PARK RD,KELVIN GROVE,12,NONE,MON-FRI,7AM-7PM,"Zone 2, 15 min free",3.45,,Victoria Park Rd between Normanby Tce & Rochester Tce in Kelvin Grove,35,0,,153.016501,-27.455824,4000400,16.75,569,"{""coordinates"": [153.016501, -27.455823999999996], ""type"": ""Point""}","-27.455823999999996, 153.016501",35
4726,TICKETLESS METER MULTISPACE,VICTORIA PARK RD,KELVIN GROVE,4,NONE,MON-FRI,7AM-7PM,"Zone 2, 15 min free",3.45,,Victoria Park Rd between Maidstone St & Carraway St in Kelvin Grove,8,0,,153.016057,-27.454582,4000401,,570,"{""coordinates"": [153.016057, -27.454582], ""type"": ""Point""}","-27.454582, 153.016057",8
4727,TICKETLESS METER MULTISPACE,VICTORIA PARK RD,KELVIN GROVE,4,NONE,MON-FRI,7AM-7PM,"Zone 2, 15 min free",3.45,,Victoria Park Rd between Maidstone St & Carraway St in Kelvin Grove,14,0,,153.015995,-27.453594,4000401,,571,"{""coordinates"": [153.015995, -27.45359400000001], ""type"": ""Point""}","-27.45359400000001, 153.015995",14
4728,PAY BY MOBILE APP ONLY,VICTORIA PARK RD,KELVIN GROVE,3,NONE,MON-FRI,7AM-7PM,"Zone 2, 15 min free",4.95,,Victoria Park Rd between Blamey St & Musk Ave in Kelvin Grove,4,0,,153.016183,-27.452605,4000910,,572,"{""coordinates"": [153.01618299999998, -27.452605000000016], ""type"": ""Point""}","-27.452605000000016, 153.01618299999998",4
4730,PAY BY MOBILE APP ONLY,MUSK AVE,KELVIN GROVE,3,NONE,MON-FRI,7AM-7PM,"Zone 2, 15 min free",4.95,,Musk Ave between Victoria Park Rd & Blamey St in Kelvin Grove,11,0,,153.014252,-27.452857,4000423,,573,"{""coordinates"": [153.014252, -27.452857000000023], ""type"": ""Point""}","-27.452857000000023, 153.014252",11
4731,TICKETLESS METER MULTISPACE,BLAMEY ST,KELVIN GROVE,4,NONE,MON-FRI,8AM-5PM,"Zone 2, 15 min free",3.45,,Blameyst between Musk Ave & Victoria Park Rd in Kelvin Grove,15,0,,153.015378,-27.45316,4000406,,574,"{""coordinates"": [153.015378, -27.453159999999997], ""type"": ""Point""}","-27.453159999999997, 153.015378",15
4732,TICKETLESS METER MULTISPACE,BLAMEY ST,KELVIN GROVE,4,NONE,MON-FRI,8AM-5PM,"Zone 2, 15 min free",3.45,,Blameyst between Musk Ave & Victoria Park Rd in Kelvin Grove,6,0,,153.015711,-27.453113,4000406,,575,"{""coordinates"": [153.015711, -27.45311299999999], ""type"": ""Point""}","-27.45311299999999, 153.015711",6
4733,TICKETLESS METER MULTISPACE,RAMSGATE ST,KELVIN GROVE,3,NONE,MON-FRI,7AM-7PM,"Zone 2, 15 min free",4.95,,Ramsgate St between Blameyst & Carraway St in Kelvin Grove,7,0,,153.015196,-27.453956,4000408,,576,"{""coordinates"": [153.015196, -27.453956000000016], ""type"": ""Point""}","-27.453956000000016, 153.015196",7
4734,TICKETLESS METER MULTISPACE,CARRAWAY ST,KELVIN GROVE,12,NONE,MON-FRI,7AM-7PM,"Zone 2, 15 min free",3.45,,Carraway St between Ramsgate St & Victoria Park Rd in Kelvin Grove,8,0,,153.015595,-27.454318,4000409,16.75,577,"{""coordinates"": [153.015595, -27.454317999999997], ""type"": ""Point""}","-27.454317999999997, 153.015595",8
4735,TICKETLESS METER MULTISPACE,CARRAWAY ST,KELVIN GROVE,4,NONE,MON-FRI,7AM-7PM,"Zone 2, 15 min free",3.45,,Carraway St between Ramsgate St & Musk Ave in Kelvin Grove,11,0,,153.014542,-27.454329,4000410,,578,"{""coordinates"": [153.014542, -27.454329000000016], ""type"": ""Point""}","-27.454329000000016, 153.014542",11
4736,TICKETLESS METER MULTISPACE,MUSK AVE,KELVIN GROVE,12,NONE,MON-FRI,7AM-7PM,"Zone 2, 15 min free",3.45,,Musk Ave between Carraway St & Gona Pde in Kelvin Grove,3,0,,153.013855,-27.45505,4000412,16.75,579,"{""coordinates"": [153.013855, -27.45504999999999], ""type"": ""Point""}","-27.45504999999999, 153.013855",3
4737,PAY BY MOBILE APP ONLY,MUSK AVE,KELVIN GROVE,3,NONE,MON-FRI,7AM-7PM,"Zone 2, 15 min free",4.95,,Musk Ave between Kelvin Grove Rd & Blameyst in Kelvin Grove,13,0,,153.01378,-27.454604,4000411,,580,"{""coordinates"": [153.01378000000003, -27.454604000000007], ""type"": ""Point""}","-27.454604000000007, 153.01378000000003",13
4738,PAY BY MOBILE APP ONLY,BLAMEY ST,KELVIN GROVE,3,NONE,MON-FRI,7AM-7PM,"Zone 2, 15 min free",4.95,,Blameyst between Ramsgate St & Musk Ave in Kelvin Grove,4,0,,153.014662,-27.453443,4000911,,581,"{""coordinates"": [153.01466199999996, -27.453442999999996], ""type"": ""Point""}","-27.453442999999996, 153.01466199999996",4
4740,TICKETLESS METER MULTISPACE,BLAMEY ST,KELVIN GROVE,12,NONE,MON-FRI,7AM-7PM,"Zone 2, 15 min free",3.45,,Blameyst between Musk Ave & Kelvin Grove Rd in Kelvin Grove,7,0,,153.013723,-27.453294,4000405,16.75,582,"{""coordinates"": [153.013723, -27.45329400000002], ""type"": ""Point""}","-27.45329400000002, 153.013723",7
4741,TICKETLESS METER MULTISPACE,MUSK AVE,KELVIN GROVE,4,NONE,MON-FRI,7AM-7PM,"Zone 2, 15 min free",3.45,,Musk Ave between Robinson Pl & Victoria Park Rd in Kelvin Grove,19,0,,153.014888,-27.452215,4000404,,583,"{""coordinates"": [153.014888, -27.452215000000002], ""type"": ""Point""}","-27.452215000000002, 153.014888",19
4742,TICKETLESS METER MULTISPACE,VICTORIA PARK RD,KELVIN GROVE,12,NONE,MON-FRI,7AM-7PM,"Zone 2, 15 min free",3.45,,Musk Ave between Robinson Pl & Victoria Park Rd in Kelvin Grove,35,0,,153.013791,-27.450937,4000402,16.75,584,"{""coordinates"": [153.013791, -27.450936999999985], ""type"": ""Point""}","-27.450936999999985, 153.013791",35
4800,PAY BY MOBILE APP ONLY,PATRICK LANE,AUCHENFLOWER,4,NONE,MON-FRI,8AM-5PM,"Zone 2, 15 min free",3.45,,Patrick Lane between Dixon St & Land St in Auchenflower,8,0,,152.996475,-27.479299,4000224,,585,"{""coordinates"": [152.996475, -27.479298999999997], ""type"": ""Point""}","-27.479298999999997, 152.996475",8
4801,PAY BY MOBILE APP ONLY,DIXON ST,AUCHENFLOWER,4,NONE,MON-FRI,8AM-5PM,"Zone 2, 15 min free",3.45,,Dixon St between Auchenflower Tce & Park Lane in Auchenflower,5,0,,152.995605,-27.477854,4000201,,586,"{""coordinates"": [152.995605, -27.477854000000008], ""type"": ""Point""}","-27.477854000000008, 152.995605",5
4802,PAY BY MOBILE APP ONLY,DIXON ST,AUCHENFLOWER,2,NONE,MON-FRI,8AM-5PM,"Zone 2, 15 min free",4.95,,Dixon St between Park Lane & Milton Rd in Auchenflower,3,0,,152.99516,-27.477385,4000198,,587,"{""coordinates"": [152.99516, -27.477385000000012], ""type"": ""Point""}","-27.477385000000012, 152.99516",3
4803,PAY BY MOBILE APP ONLY,DIXON ST,AUCHENFLOWER,2,NONE,MON-FRI,8AM-5PM,"Zone 2, 15 min free",4.95,,Dixon St between Park Lane & Milton Rd in Auchenflower,23,0,,152.994406,-27.4766,4000203,,588,"{""coordinates"": [152.994406, -27.476600000000012], ""type"": ""Point""}","-27.476600000000012, 152.994406",23
4804,PAY BY MOBILE APP ONLY,DIXON ST,AUCHENFLOWER,12,NONE,MON-FRI,7AM-7PM,"Zone 2, 15 min free",3.45,,Dixon St between Milton Rd & Auchenflower Tce in Auchenflower,21,0,,152.994876,-27.476907,4000202,16.75,589,"{""coordinates"": [152.994876, -27.476907000000004], ""type"": ""Point""}","-27.476907000000004, 152.994876",21
4805,PAY BY MOBILE APP ONLY,DIXON ST,AUCHENFLOWER,12,NONE,MON-FRI,7AM-7PM,"Zone 2, 15 min free",3.45,,Dixon St between Milton Rd & Auchenflower Tce in Auchenflower,13,0,,152.995534,-27.477581,4000202,16.75,590,"{""coordinates"": [152.995534, -27.477580999999997], ""type"": ""Point""}","-27.477580999999997, 152.995534",13
4806,PAY BY MOBILE APP ONLY,MCILWRAITH ST,AUCHENFLOWER,12,NONE,MON-FRI,7AM-7PM,"Zone 2, 15 min free",3.45,,Mcilwraith St between Auchenflower Tce & Harriett St in Auchenflower,8,0,,152.996102,-27.47693,4000204,16.75,591,"{""coordinates"": [152.996102, -27.476929999999992], ""type"": ""Point""}","-27.476929999999992, 152.996102",8
4807,TICKETLESS METER MULTISPACE,MCILWRAITH ST,AUCHENFLOWER,2,NONE,MON-FRI,8AM-5PM,"Zone 2, 15 min free",4.95,,Mcilwraith St between Auchenflower Tce & Harriett St in Auchenflower,9,0,,152.995423,-27.476242,4000205,,592,"{""coordinates"": [152.995423, -27.476241999999996], ""type"": ""Point""}","-27.476241999999996, 152.995423",9
4808,TICKETLESS METER MULTISPACE,MCILWRAITH ST,AUCHENFLOWER,12,NONE,MON-FRI,7AM-7PM,"Zone 2, 15 min free",3.45,,Mcilwraith St between Harriett St & Auchenflower Tce in Auchenflower,13,0,,152.995764,-27.476456,4000204,16.75,593,"{""coordinates"": [152.99576399999998, -27.476456000000002], ""type"": ""Point""}","-27.476456000000002, 152.99576399999998",13
4809,TICKETLESS METER MULTISPACE,RIDLEY ST,AUCHENFLOWER,12,NONE,MON-FRI,7AM-7PM,"Zone 2, 15 min free",3.45,,Ridley St between Auchenflower Tce & Harriett St in Auchenflower,9,0,,152.996272,-27.475762,4000211,16.75,594,"{""coordinates"": [152.996272, -27.475762000000007], ""type"": ""Point""}","-27.475762000000007, 152.996272",9
4810,TICKETLESS METER MULTISPACE,RIDLEY ST,AUCHENFLOWER,2,NONE,MON-FRI,7AM-7PM,"Zone 2, 15 min free",4.95,,Ridley St between Milton Rd & Eagle Tce in Auchenflower,7,0,,152.995998,-27.475256,4000210,,595,"{""coordinates"": [152.995998, -27.475256000000016], ""type"": ""Point""}","-27.475256000000016, 152.995998",7
4812,TICKETLESS METER MULTISPACE,GRIMES ST,AUCHENFLOWER,12,NONE,MON-FRI,7AM-7PM,"Zone 2, 15 min free",3.45,,Grimes St between Eagle Tce & Milton Rd in Auchenflower,12,0,,152.996777,-27.4749,4000212,16.75,596,"{""coordinates"": [152.996777, -27.47490000000001], ""type"": ""Point""}","-27.47490000000001, 152.996777",12
4813,PAY BY MOBILE APP ONLY,GRIMES ST,AUCHENFLOWER,2,NONE,MON-FRI,7AM-7PM,"Zone 2, 15 min free",4.95,,Grimes St between Milton Rd & Eagle Tce in Auchenflower,12,0,,152.996898,-27.474764,4000213,,597,"{""coordinates"": [152.996898, -27.474764000000004], ""type"": ""Point""}","-27.474764000000004, 152.996898",12
4816,Hybrid,CHASELY ST,AUCHENFLOWER,3,NONE,MON-FRI,7AM-7PM,"Zone 2, 15 min free",4.95,,Chasely St between Coronation Dr & Lang Pde in Auchenflower,27,0,,152.998376,-27.477403,4000214,,598,"{""coordinates"": [152.998376, -27.477403000000006], ""type"": ""Point""}","-27.477403000000006, 152.998376",27
4817,Hybrid,CHASELY ST,AUCHENFLOWER,3,NONE,MON-FRI,7AM-7PM,"Zone 2, 15 min free",4.95,,Chasely St between Coronation Dr & Lang Pde in Auchenflower,31,0,,152.998106,-27.477128,4000214,,599,"{""coordinates"": [152.998106, -27.477127999999986], ""type"": ""Point""}","-27.477127999999986, 152.998106",31
4821,PAY BY MOBILE APP ONLY,LANG PDE,AUCHENFLOWER,3,NONE,MON-FRI,7AM-7PM,"Zone 2, 15 min free",4.95,,Lang Pde between End & Cue St in Auchenflower,9,0,,152.997718,-27.47564,4000221,,600,"{""coordinates"": [152.99771799999996, -27.475640000000006], ""type"": ""Point""}","-27.475640000000006, 152.99771799999996",9
4822,TICKETLESS METER MULTISPACE,RIDLEY ST,AUCHENFLOWER,4,NONE,MON-FRI,7AM-7PM,"Zone 2, 15 min free",3.45,,Ridley St between Burt St & Harriett St in Auchenflower,8,0,,152.995554,-27.474999,4000209,,601,"{""coordinates"": [152.995554, -27.474999000000018], ""type"": ""Point""}","-27.474999000000018, 152.995554",8
4823,PAY BY MOBILE APP ONLY,LANG PDE,AUCHENFLOWER,3,NONE,MON-FRI,7AM-7PM,"Zone 2, 15 min free",4.95,,Lang Pde between Coronation Dr & Dunmore Tce in Auchenflower,5,0,,153.002383,-27.47489,4000216,,602,"{""coordinates"": [153.002383, -27.47488999999999], ""type"": ""Point""}","-27.47488999999999, 153.002383",5
4824,PAY BY MOBILE APP ONLY,DUNMORE TCE,AUCHENFLOWER,3,NONE,MON-FRI,7AM-7PM,"Zone 2, 15 min free",4.95,,Dunmore Tce between Lang Pde & Chasely St in Auchenflower,11,0,,153.00194,-27.474932,4000215,,603,"{""coordinates"": [153.00194, -27.474932000000006], ""type"": ""Point""}","-27.474932000000006, 153.00194",11
4825,PAY BY MOBILE APP ONLY,DUNMORE TCE,AUCHENFLOWER,3,NONE,MON-FRI,7AM-7PM,"Zone 2, 15 min free",4.95,,Dunmore Tce between Lang Pde & Chasely St in Auchenflower,8,0,,153.001345,-27.475511,4000215,,604,"{""coordinates"": [153.001345, -27.475511000000004], ""type"": ""Point""}","-27.475511000000004, 153.001345",8
4826,PAY BY MOBILE APP ONLY,DUNMORE TCE,AUCHENFLOWER,3,NONE,MON-FRI,7AM-7PM,"Zone 2, 15 min free",4.95,,Dunmore Tce between Lang Pde & Chasely St in Auchenflower,6,0,,153.000735,-27.476083,4000215,,605,"{""coordinates"": [153.000735, -27.476083000000003], ""type"": ""Point""}","-27.476083000000003, 153.000735",6
4827,PAY BY MOBILE APP ONLY,DUNMORE TCE,AUCHENFLOWER,3,NONE,MON-FRI,7AM-7PM,"Zone 2, 15 min free",4.95,,Dunmore Tce between Lang Pde & Chasely St in Auchenflower,9,0,,153.000227,-27.476584,4000215,,606,"{""coordinates"": [153.00022700000002, -27.476584], ""type"": ""Point""}","-27.476584, 153.00022700000002",9
4828,TICKETLESS METER MULTISPACE,DUNMORE TCE,AUCHENFLOWER,3,NONE,MON-FRI,7AM-7PM,"Zone 2, 15 min free",4.95,,Dunmore Tce between Lang Pde & Chasely St in Auchenflower,14,0,,152.999414,-27.477429,4000215,,607,"{""coordinates"": [152.99941399999997, -27.477429000000008], ""type"": ""Point""}","-27.477429000000008, 152.99941399999997",14
4829,TICKETLESS METER MULTISPACE,FORTITUDE ST,AUCHENFLOWER,3,NONE,MON-FRI,7AM-7PM,"Zone 2, 15 min free",4.95,,Fortitude St between Dunmore Tce & Lang Pde in Auchenflower,6,0,,153.000077,-27.476376,4000218,,608,"{""coordinates"": [153.000077, -27.476376000000016], ""type"": ""Point""}","-27.476376000000016, 153.000077",6
4830,PAY BY MOBILE APP ONLY,FORTITUDE ST,AUCHENFLOWER,3,NONE,MON-FRI,7AM-7PM,"Zone 2, 15 min free",4.95,,Fortitude St between Dunmore Tce & Lang Pde in Auchenflower,12,0,,152.999552,-27.475827,4000218,,609,"{""coordinates"": [152.999552, -27.47582700000001], ""type"": ""Point""}","-27.47582700000001, 152.999552",12
4831,Hybrid,FORTITUDE ST,AUCHENFLOWER,3,NONE,MON-FRI,7AM-7PM,"Zone 2, 15 min free",4.95,,Fortitude St between Lang Pde & Dunmore Tce in Auchenflower,19,0,,152.999258,-27.475314,4000218,,610,"{""coordinates"": [152.999258, -27.475314000000015], ""type"": ""Point""}","-27.475314000000015, 152.999258",19
4833,PAY BY MOBILE APP ONLY,KINGSFORD ST,AUCHENFLOWER,3,NONE,MON-FRI,7AM-7PM,"Zone 2, 15 min free",4.95,,Kingsford St between Dunmore Tce & Lang Pde in Auchenflower,8,0,,152.999981,-27.474854,4000219,,611,"{""coordinates"": [152.999981, -27.474854000000004], ""type"": ""Point""}","-27.474854000000004, 152.999981",8
4834,PAY BY MOBILE APP ONLY,KINGSFORD ST,AUCHENFLOWER,3,NONE,MON-FRI,7AM-7PM,"Zone 2, 15 min free",4.95,,Kingsford St between Lang Pde & Dunmore Tce in Auchenflower,15,0,,153.000408,-27.475168,4000219,,612,"{""coordinates"": [153.000408, -27.475167999999996], ""type"": ""Point""}","-27.475167999999996, 153.000408",15
4835,PAY BY MOBILE APP ONLY,LANG PDE,AUCHENFLOWER,3,NONE,MON-FRI,7AM-7PM,"Zone 2, 15 min free",4.95,,Lang Pde between Dunmore Tce & Kingsford St in Auchenflower,9,0,,153.000506,-27.47442,4000220,,613,"{""coordinates"": [153.000506, -27.474420000000016], ""type"": ""Point""}","-27.474420000000016, 153.000506",9
4836,PAY BY MOBILE APP ONLY,LANG PDE,AUCHENFLOWER,3,NONE,MON-FRI,7AM-7PM,"Zone 2, 15 min free",4.95,,Lang Pde between Kingsford St & Fortitude St in Auchenflower,7,0,,152.999374,-27.474929,4000220,,614,"{""coordinates"": [152.99937399999996, -27.474928999999996], ""type"": ""Point""}","-27.474928999999996, 152.99937399999996",7
4837,TICKETLESS METER MULTISPACE,LIMA ST,AUCHENFLOWER,3,NONE,MON-FRI,7AM-7PM,"Zone 2, 15 min free",4.95,,Lima St between Lang Pde & Dunmore Tce in Auchenflower,20,0,,152.999313,-27.476787,4000217,,615,"{""coordinates"": [152.999313, -27.476787000000012], ""type"": ""Point""}","-27.476787000000012, 152.999313",20
4838,PAY BY MOBILE APP ONLY,LIMA ST,AUCHENFLOWER,3,NONE,MON-FRI,7AM-7PM,"Zone 2, 15 min free",4.95,,Lima St between Lang Pde & Dunmore Tce in Auchenflower,13,0,,152.998626,-27.476076,4000217,,616,"{""coordinates"": [152.998626, -27.476076000000027], ""type"": ""Point""}","-27.476076000000027, 152.998626",13
4839,Hybrid,LIMA ST,AUCHENFLOWER,3,NONE,MON-FRI,7AM-7PM,"Zone 2, 15 min free",4.95,,Lima St between Dunmore Tce & Lang Pde in Auchenflower,17,0,,152.998344,-27.47597,4000217,,617,"{""coordinates"": [152.998344, -27.475970000000014], ""type"": ""Point""}","-27.475970000000014, 152.998344",17
4844,TICKETLESS METER MULTISPACE,HARRIETT ST,AUCHENFLOWER,12,NONE,MON-FRI,7AM-7PM,"Zone 2, 15 min free",3.45,,Harriet St between Dowling and Ridley St in Auchenflower,10,0,,152.995294,-27.475859,4000206,16.75,618,"{""coordinates"": [152.99529399999997, -27.475859000000007], ""type"": ""Point""}","-27.475859000000007, 152.99529399999997",10
4845,TICKETLESS METER MULTISPACE,BURT ST,AUCHENFLOWER,2,NONE,MON-FRI,8AM-5PM,"Zone 2, 15 min free",4.95,,Burt St between Dowling St & Ridley St in Auchenflower,13,0,,152.994541,-27.475312,4000207,,619,"{""coordinates"": [152.994541, -27.475312000000006], ""type"": ""Point""}","-27.475312000000006, 152.994541",13
4846,TICKETLESS METER MULTISPACE,BURT ST,AUCHENFLOWER,12,NONE,MON-FRI,7AM-7PM,"Zone 2, 15 min free",3.45,,Burt St between Dowling St & Ridley St in Auchenflower,9,0,,152.994962,-27.474991,4000208,16.75,620,"{""coordinates"": [152.994962, -27.474990999999985], ""type"": ""Point""}","-27.474990999999985, 152.994962",9
4848,Hybrid,DUNMORE TCE,AUCHENFLOWER,3,NONE,MON-FRI,7AM-7PM,"Zone 2, 15 min free",4.95,,Dunmore Tce between Fortitude St & Kingsford St in Auchenflower,12,0,,153.000821,-27.475781,4000215,,621,"{""coordinates"": [153.000821, -27.475781000000005], ""type"": ""Point""}","-27.475781000000005, 153.000821",12
4849,PAY BY MOBILE APP ONLY,DUNMORE TCE,AUCHENFLOWER,3,NONE,MON-FRI,7AM-7PM,"Zone 2, 15 min free",4.95,,Dunmore Tce between Kingsford St & Lang Pde in Auchenflower,20,0,,153.001408,-27.475273,4000215,,622,"{""coordinates"": [153.001408, -27.475273000000005], ""type"": ""Point""}","-27.475273000000005, 153.001408",20
4850,PAY BY MOBILE APP ONLY,LANG PDE,MILTON,3,NONE,MON-FRI,7AM-7PM,"Zone 2, 15 min free",4.95,,Lang Pde between Dunmore Tce & Kingsford St in Milton,11,0,,153.001894,-27.474247,4000232,,623,"{""coordinates"": [153.001894, -27.474246999999995], ""type"": ""Point""}","-27.474246999999995, 153.001894",11
4853,PAY BY MOBILE APP ONLY,ROSS ST,NEWSTEAD,3,NONE,MON-FRI,7AM-7PM,"Zone 1, 15 min free",6.85,,Ross St between Durong St & Edmund St in Newstead,9,0,,153.042897,-27.443001,4000399,,624,"{""coordinates"": [153.042897, -27.443001000000006], ""type"": ""Point""}","-27.443001000000006, 153.042897",9
4854,TICKETLESS METER MULTISPACE,COWLISHAW ST,BOWEN HILLS,12,NONE,MON-FRI,7AM-7PM,"Zone 1, 15 min free",4.5,,Cowlishaw St between Down St & Montepelier Rd in Bowen Hills,6,0,,153.038588,-27.447921,4000519,18.25,625,"{""coordinates"": [153.038588, -27.447920999999994], ""type"": ""Point""}","-27.447920999999994, 153.038588",6
4855,TICKETLESS METER MULTISPACE,EDMONDSTONE RD,BOWEN HILLS,12,NONE,MON-FRI,7AM-7PM,"Zone 1, 15 min free",4.5,,Edmonstone Rd between Thompson St & Wickham Grove in Bowen Hills,3,0,,153.040913,-27.442645,4000494,18.25,626,"{""coordinates"": [153.04091299999996, -27.442645], ""type"": ""Point""}","-27.442645, 153.04091299999996",3
4856,TICKETLESS METER MULTISPACE,MURRAY ST,BOWEN HILLS,12,NONE,MON-FRI,7AM-7PM,"Zone 1, 15 min free",4.5,,Murray St between End & Thompson St in Bowen Hills,10,0,,153.040397,-27.441443,4000492,18.25,627,"{""coordinates"": [153.040397, -27.441443000000003], ""type"": ""Point""}","-27.441443000000003, 153.040397",10
4857,TICKETLESS METER MULTISPACE,MURRAY ST,BOWEN HILLS,12,NONE,MON-FRI,7AM-7PM,"Zone 1, 15 min free",4.5,,Murray St between Thompson St & End in Bowen Hills,7,0,,153.040566,-27.441627,4000492,18.25,628,"{""coordinates"": [153.040566, -27.441626999999993], ""type"": ""Point""}","-27.441626999999993, 153.040566",7
4858,PAY BY MOBILE APP ONLY,DURONG ST,NEWSTEAD,4,NONE,MON-FRI,7AM-7PM,"Zone 1, 15 min free",4.5,,Durong St Between Ross St & Breakfast Ck Rd in Newstead,4,0,,153.043955,-27.441737,4000592,,629,"{""coordinates"": [153.043955, -27.441736999999996], ""type"": ""Point""}","-27.441736999999996, 153.043955",4
4859,TICKETLESS METER MULTISPACE,WICKHAM GR,NEWSTEAD,12,NONE,MON-FRI,7AM-7PM,"Zone 1, 15 min free",4.5,,Wickham Grove between Ross St & Edmonstone Rd in Bowen Hills,11,0,,153.042123,-27.443007,4000561,18.25,630,"{""coordinates"": [153.042123, -27.443007000000005], ""type"": ""Point""}","-27.443007000000005, 153.042123",11
4296,PAY BY MOBILE APP ONLY,DOUGLAS ST,MILTON,3,NONE,MON-FRI,8AM-4PM,"Zone 2, 15 min free",4.95,,Douglas St between Dorsey St & Park Rd in Milton,24,0,,153.003587,-27.471661,4000236,,631,"{""coordinates"": [153.003587, -27.471660999999997], ""type"": ""Point""}","-27.471660999999997, 153.003587",24
4297,PAY BY MOBILE APP ONLY,DOUGLAS ST,MILTON,12,NONE,MON-FRI,7AM-7PM,"Zone 2, 15 min free",3.45,,Douglas St between Dorsey St & Park Rd in Milton,12,0,,153.002817,-27.471906,4000235,16.75,632,"{""coordinates"": [153.00281700000002, -27.471906], ""type"": ""Point""}","-27.471906, 153.00281700000002",12
4299,TICKETLESS METER MULTISPACE,GRAHAM ST,MILTON,12,NONE,MON-FRI,7AM-7PM,"Zone 2, 15 min free",3.45,,Graham St between Coronation Dr & Gardner Cl in Milton,18,0,,153.004247,-27.473028,4000237,16.75,633,"{""coordinates"": [153.004247, -27.473027999999985], ""type"": ""Point""}","-27.473027999999985, 153.004247",18
4301,PAY BY MOBILE APP ONLY,LANG PDE,MILTON,12,NONE,MON-FRI,7AM-7PM,"Zone 2, 15 min free",3.45,,Lang Pde between Roy St & Coronation Dr in Milton,13,0,,153.001677,-27.474082,4000231,16.75,634,"{""coordinates"": [153.001677, -27.474082000000003], ""type"": ""Point""}","-27.474082000000003, 153.001677",13
4302,PAY BY MOBILE APP ONLY,LANG PDE,AUCHENFLOWER,12,NONE,MON-FRI,7AM-7PM,"Zone 2, 15 min free",3.45,,Lang Pde between Cue St & Roy St in Auchenflower,18,0,,153.000282,-27.474378,4000222,16.75,635,"{""coordinates"": [153.000282, -27.474378000000005], ""type"": ""Point""}","-27.474378000000005, 153.000282",18
4303,PAY BY MOBILE APP ONLY,LANG PDE,AUCHENFLOWER,12,NONE,MON-FRI,7AM-7PM,"Zone 2, 15 min free",3.45,,Lang Pde between Cue St & Roy St in Auchenflower,17,0,,152.999442,-27.474752,4000222,16.75,636,"{""coordinates"": [152.999442, -27.474752000000006], ""type"": ""Point""}","-27.474752000000006, 152.999442",17
4305,PAY BY MOBILE APP ONLY,ROY ST,AUCHENFLOWER,12,NONE,MON-FRI,7AM-7PM,"Zone 2, 15 min free",3.45,,Roy St between Lang Pde & End in Auchenflower,12,0,,153.000502,-27.473824,4000230,16.75,637,"{""coordinates"": [153.000502, -27.473824], ""type"": ""Point""}","-27.473824, 153.000502",12
4306,PAY BY MOBILE APP ONLY,ROY ST,MILTON,12,NONE,MON-FRI,7AM-7PM,"Zone 2, 15 min free",3.45,,Roy St between End & Kilroe St in Milton,9,0,,153.000424,-27.4736,4000230,16.75,638,"{""coordinates"": [153.000424, -27.47360000000001], ""type"": ""Point""}","-27.47360000000001, 153.000424",9
4307,PAY BY MOBILE APP ONLY,KILROE ST,MILTON,12,NONE,MON-FRI,7AM-7PM,"Zone 2, 15 min free",3.45,,Kilroe St between Douglas St & Roy St in Milton,8,0,,153.001044,-27.473305,4000233,16.75,639,"{""coordinates"": [153.001044, -27.47330500000001], ""type"": ""Point""}","-27.47330500000001, 153.001044",8
4308,PAY BY MOBILE APP ONLY,KILROE ST,MILTON,12,NONE,MON-FRI,7AM-7PM,"Zone 2, 15 min free",3.45,,Kilroe St between Roy St & Camford St in Milton,8,0,,153.001,-27.473186,4000233,16.75,640,"{""coordinates"": [153.00099999999998, -27.473186], ""type"": ""Point""}","-27.473186, 153.00099999999998",8
4309,PAY BY MOBILE APP ONLY,CAMFORD ST,MILTON,12,NONE,MON-FRI,7AM-7PM,"Zone 2, 15 min free",3.45,,Camford St between Kilroe St & Eagle Tce in Milton,8,0,,153.001112,-27.472547,4000234,16.75,641,"{""coordinates"": [153.001112, -27.47254699999999], ""type"": ""Point""}","-27.47254699999999, 153.001112",8
4310,PAY BY MOBILE APP ONLY,CAMFORD ST,MILTON,12,NONE,MON-FRI,7AM-7PM,"Zone 2, 15 min free",3.45,,Camford St between Eagle Tce & Kilroe St in Milton,7,0,,153.001228,-27.472455,4000234,16.75,642,"{""coordinates"": [153.001228, -27.472455000000007], ""type"": ""Point""}","-27.472455000000007, 153.001228",7
4311,PAY BY MOBILE APP ONLY,CAMFORD ST,AUCHENFLOWER,12,NONE,MON-FRI,7AM-7PM,"Zone 2, 15 min free",3.45,,Camford St between Eagle Tce to Kilroe Street in Auchenflower,5,0,,153.000479,-27.471893,4000223,16.75,643,"{""coordinates"": [153.000479, -27.471893], ""type"": ""Point""}","-27.471893, 153.000479",5
4312,PAY BY MOBILE APP ONLY,EAGLE TCE,AUCHENFLOWER,12,NONE,MON-FRI,7AM-7PM,"Zone 2, 15 min free",3.45,,Eagle Tce between Milton Rd & Camford St in Auchenflower,15,0,,153.000044,-27.47141,4000223,16.75,644,"{""coordinates"": [153.000044, -27.47141], ""type"": ""Point""}","-27.47141, 153.000044",15
4313,PAY BY MOBILE APP ONLY,EAGLE TCE,AUCHENFLOWER,12,NONE,MON-FRI,7AM-7PM,"Zone 2, 15 min free",3.45,,Eagle Tce between Camford St & rail bridge in Auchenflower,26,0,,153.000056,-27.472581,4000223,16.75,645,"{""coordinates"": [153.00005599999997, -27.472581000000023], ""type"": ""Point""}","-27.472581000000023, 153.00005599999997",26
4314,Hybrid,MANNING ST,MILTON,3,NONE,MON-FRI,8AM-4PM,"Zone 1, 15 min free",6.85,,Manning St between Railway Tce & Mcdougall St in Milton,40,0,,153.005862,-27.471039,4000240,,646,"{""coordinates"": [153.005862, -27.471039000000008], ""type"": ""Point""}","-27.471039000000008, 153.005862",40
4315,TICKETLESS METER MULTISPACE,PATEN ST,MILTON,12,NONE,MON-FRI,7AM-7PM,"Zone 2, 15 min free",3.45,,Paten St between Milton Rd & Heussler Tce in Milton,7,0,,153.006627,-27.467601,4000243,16.75,647,"{""coordinates"": [153.006627, -27.467601000000002], ""type"": ""Point""}","-27.467601000000002, 153.006627",7
4316,PAY BY MOBILE APP ONLY,RAILWAY TCE,MILTON,3,NONE,MON-FRI,8AM-4PM,"Zone 1, 15 min free",6.85,,Railway Tce between Manning St & Park Rd in Milton,19,0,,153.005663,-27.469414,4000239,,648,"{""coordinates"": [153.005663, -27.469413999999993], ""type"": ""Point""}","-27.469413999999993, 153.005663",19
4319,Hybrid,RAILWAY TCE,MILTON,3,NONE,MON-FRI,8AM-4PM,"Zone 1, 15 min free",6.85,,Railway Tce between Cribb St & Crombie St in Milton,9,0,,153.007343,-27.468878,4000239,,649,"{""coordinates"": [153.00734299999996, -27.46887800000001], ""type"": ""Point""}","-27.46887800000001, 153.00734299999996",9
4322,PAY BY MOBILE APP ONLY,BLACK ST,MILTON,12,NONE,MON-FRI,7AM-7PM,"Zone 2, 15 min free",3.45,,Black St between Finchley St & Castlemaine St in Milton,9,0,,153.00794,-27.466642,4000248,16.75,650,"{""coordinates"": [153.00794, -27.466642], ""type"": ""Point""}","-27.466642, 153.00794",9
4323,PAY BY MOBILE APP ONLY,CASTLEMAINE ST,MILTON,12,NONE,MON-FRI,7AM-7PM,"Zone 2, 15 min free",3.45,,Castlemaine St between Black St & Cordova St in Milton,8,0,,153.008378,-27.466215,4000247,16.75,651,"{""coordinates"": [153.008378, -27.46621499999999], ""type"": ""Point""}","-27.46621499999999, 153.008378",8
4324,TICKETLESS METER MULTISPACE,PARKVIEW ST,MILTON,12,NONE,MON-FRI,7AM-7PM,"Zone 2, 15 min free",3.45,,Parkview St between Cordova St & Heussler Tce in Milton,7,0,,153.007508,-27.465195,4000246,16.75,652,"{""coordinates"": [153.007508, -27.465195000000005], ""type"": ""Point""}","-27.465195000000005, 153.007508",7
4325,TICKETLESS METER MULTISPACE,MAYNEVIEW ST,MILTON,12,NONE,MON-FRI,7AM-7PM,"Zone 2, 15 min free",3.45,,Mayneview St between Cordova St & Heussler Tce in Milton,6,0,,153.006641,-27.465562,4000245,16.75,653,"{""coordinates"": [153.006641, -27.465562000000006], ""type"": ""Point""}","-27.465562000000006, 153.006641",6
4326,TICKETLESS METER MULTISPACE,HEUSSLER TCE,MILTON,12,NONE,MON-FRI,7AM-7PM,"Zone 2, 15 min free",3.45,,Heussler Tce between Mayneview St & Finchley St in Milton,8,0,,153.006006,-27.465046,4000244,16.75,654,"{""coordinates"": [153.006006, -27.465046], ""type"": ""Point""}","-27.465046, 153.006006",8
4327,TICKETLESS METER MULTISPACE,FINCHLEY ST,MILTON,12,NONE,MON-FRI,7AM-7PM,"Zone 2, 15 min free",3.45,,Finchley St between Heussler Tce & Black St in Milton,9,0,,153.005818,-27.465655,4000250,16.75,655,"{""coordinates"": [153.00581799999998, -27.465655000000016], ""type"": ""Point""}","-27.465655000000016, 153.00581799999998",9
4328,TICKETLESS METER MULTISPACE,FINCHLEY ST,MILTON,12,NONE,MON-FRI,7AM-7PM,"Zone 2, 15 min free",3.45,,Finchley St between Black St & Heussler Tce in Milton,5,0,,153.006143,-27.466763,4000250,16.75,656,"{""coordinates"": [153.00614300000004, -27.46676300000002], ""type"": ""Point""}","-27.46676300000002, 153.00614300000004",5
4329,TICKETLESS METER MULTISPACE,FINCHLEY ST,MILTON,12,NONE,MON-FRI,7AM-7PM,"Zone 2, 15 min free",3.45,,Finchley St between Heussler Tce & Black St in Milton,7,0,,153.006249,-27.466721,4000250,16.75,657,"{""coordinates"": [153.006249, -27.466721000000007], ""type"": ""Point""}","-27.466721000000007, 153.006249",7
4330,PAY BY MOBILE APP ONLY,BLACK ST,MILTON,12,NONE,MON-FRI,7AM-7PM,"Zone 2, 15 min free",3.45,,Black St between Granzella St & Paten St in Milton,5,0,,153.006876,-27.467045,4000248,16.75,658,"{""coordinates"": [153.00687599999998, -27.467045000000017], ""type"": ""Point""}","-27.467045000000017, 153.00687599999998",5
4331,PAY BY MOBILE APP ONLY,PATEN ST,MILTON,12,NONE,MON-FRI,7AM-7PM,"Zone 2, 15 min free",3.45,,Paten St between Black St & Milton Rd in Milton,9,0,,153.006743,-27.467497,4000243,16.75,659,"{""coordinates"": [153.006743, -27.467496999999998], ""type"": ""Point""}","-27.467496999999998, 153.006743",9
4332,TICKETLESS METER MULTISPACE,JAMES ST,FORTITUDE VALLEY,4,NONE,MON-FRI,7AM-7PM,"Zone 1, 15 min free",4.5,,James St between Arthur St & Harcourt St in Fortitude Valley,4,0,,153.041607,-27.457991,4000349,,660,"{""coordinates"": [153.041607, -27.457990999999993], ""type"": ""Point""}","-27.457990999999993, 153.041607",4
4334,TICKETLESS METER MULTISPACE,ARTHUR ST,TENERIFFE,4,NONE,MON-FRI,8AM-5PM,"Zone 1, 15 min free",4.5,,Arthur St between Commercial Rd & Chester St in Teneriffe,9,0,,153.044678,-27.45422,4000523,,661,"{""coordinates"": [153.044678, -27.454219999999992], ""type"": ""Point""}","-27.454219999999992, 153.044678",9
4335,TICKETLESS METER MULTISPACE,ARTHUR ST,TENERIFFE,12,NONE,MON-FRI,7AM-7PM,"Zone 1, 15 min free",4.5,,Arthur St between Commercial Rd & Chester St in Teneriffe,13,0,,153.044014,-27.454887,4000524,18.25,662,"{""coordinates"": [153.044014, -27.454887000000006], ""type"": ""Point""}","-27.454887000000006, 153.044014",13
4337,TICKETLESS METER MULTISPACE,ARTHUR ST,FORTITUDE VALLEY,4,NONE,MON-FRI,7AM-7PM,"Zone 1, 15 min free",4.5,,Arthur St between Chester St & James St in Fortitude Valley,4,0,,153.041451,-27.457491,4000392,,663,"{""coordinates"": [153.041451, -27.457490999999997], ""type"": ""Point""}","-27.457490999999997, 153.041451",4
4338,TICKETLESS METER MULTISPACE,ARTHUR ST,FORTITUDE VALLEY,4,NONE,MON-FRI,7AM-7PM,"Zone 1, 15 min free",4.5,,Arthur St between James St & Brunswick St in Fortitude Valley,6,0,,153.040802,-27.458161,4000392,,664,"{""coordinates"": [153.040802, -27.458161], ""type"": ""Point""}","-27.458161, 153.040802",6
4339,TICKETLESS METER MULTISPACE,ARTHUR ST,FORTITUDE VALLEY,12,NONE,MON-FRI,7AM-7PM,"Zone 1, 15 min free",4.5,,Arthur St between James St & Brunswick St in Fortitude Valley,6,0,,153.039992,-27.458965,4000391,18.25,665,"{""coordinates"": [153.039992, -27.458965], ""type"": ""Point""}","-27.458965, 153.039992",6
4340,TICKETLESS METER MULTISPACE,MALT ST,FORTITUDE VALLEY,12,NONE,MON-FRI,7AM-7PM,"Zone 1, 15 min free",4.5,,Malt St between Brunswick St & Bowen Tce in Fortitude Valley,12,0,,153.037634,-27.461303,4000350,18.25,666,"{""coordinates"": [153.037634, -27.461303000000008], ""type"": ""Point""}","-27.461303000000008, 153.037634",12
4341,TICKETLESS METER MULTISPACE,BOWEN TCE,FORTITUDE VALLEY,4,NONE,MON-FRI,8AM-5PM,"Zone 1, 15 min free",4.5,,Bowen St between Martin St & Malt St in Fortitude Valley,4,0,,153.036885,-27.461826,4000389,,667,"{""coordinates"": [153.03688500000004, -27.46182599999999], ""type"": ""Point""}","-27.46182599999999, 153.03688500000004",4
4342,TICKETLESS METER MULTISPACE,MALT ST,FORTITUDE VALLEY,4,NONE,MON-FRI,8AM-5PM,"Zone 1, 15 min free",4.5,,Malt St between Bowen Tce & Brunswick St in Fortitude Valley,6,0,,153.037424,-27.461324,4000352,,668,"{""coordinates"": [153.03742400000002, -27.46132399999999], ""type"": ""Point""}","-27.46132399999999, 153.03742400000002",6
4343,TICKETLESS METER MULTISPACE,ARTHUR ST,FORTITUDE VALLEY,3,NONE,MON-FRI,8AM-5PM,"Zone 1, 15 min free",6.85,,Arthur St between Brunswick St & James St in Fortitude Valley,6,0,,153.038738,-27.46004,4000852,,669,"{""coordinates"": [153.038738, -27.460040000000003], ""type"": ""Point""}","-27.460040000000003, 153.038738",6
4344,TICKETLESS METER MULTISPACE,ARTHUR ST,FORTITUDE VALLEY,12,NONE,MON-FRI,7AM-7PM,"Zone 1, 15 min free",4.5,,Arthur St between Brunswick St & James St in Fortitude Valley,9,0,,153.039282,-27.459485,4000391,18.25,670,"{""coordinates"": [153.039282, -27.459485000000022], ""type"": ""Point""}","-27.459485000000022, 153.039282",9
4345,TICKETLESS METER MULTISPACE,ARTHUR ST,FORTITUDE VALLEY,4,NONE,MON-FRI,7AM-7PM,"Zone 1, 15 min free",4.5,,Arthur St between Brunswick St & James St in Fortitude Valley,7,0,,153.040859,-27.457903,4000392,,671,"{""coordinates"": [153.040859, -27.457903000000027], ""type"": ""Point""}","-27.457903000000027, 153.040859",7
4346,TICKETLESS METER MULTISPACE,ARTHUR ST,FORTITUDE VALLEY,1,NONE,MON-FRI,7AM-7PM,"Zone 1, 15 min free",6.85,,Arthur St between James St & Chester St in Fortitude Valley,7,0,,153.041415,-27.457317,4000396,,672,"{""coordinates"": [153.04141499999997, -27.457316999999996], ""type"": ""Point""}","-27.457316999999996, 153.04141499999997",7
4347,TICKETLESS METER MULTISPACE,ARTHUR ST,FORTITUDE VALLEY,12,NONE,MON-FRI,7AM-7PM,"Zone 1, 15 min free",4.5,,Arthur St between James St & Chester St in Fortitude Valley,10,0,,153.041905,-27.456824,4000397,18.25,673,"{""coordinates"": [153.041905, -27.456824000000008], ""type"": ""Point""}","-27.456824000000008, 153.041905",10
4348,TICKETLESS METER MULTISPACE,ARTHUR ST,TENERIFFE,12,NONE,MON-FRI,7AM-7PM,"Zone 1, 15 min free",4.5,,Arthur St between Chester St & Commercial Rd in Teneriffe,18,0,,153.043223,-27.455484,4000524,18.25,674,"{""coordinates"": [153.043223, -27.455484000000002], ""type"": ""Point""}","-27.455484000000002, 153.043223",18
4349,PAY BY MOBILE APP ONLY,ARTHUR ST,TENERIFFE,3,NONE,MON-FRI,8AM-5PM,"Zone 1, 15 min free",6.85,,Arthur St between Chester St & Commercial Rd in Teneriffe,14,0,,153.044034,-27.454661,4000508,,675,"{""coordinates"": [153.04403400000004, -27.454661000000005], ""type"": ""Point""}","-27.454661000000005, 153.04403400000004",14
4350,TICKETLESS METER MULTISPACE,WICKHAM ST,FORTITUDE VALLEY,3,"CLEARWAY 7AM-9AM,4PM-7PM MON-FRI TOWAWAY",7 DAYS,"9AM-4PM,7PM-10PM(MON-FRI),7AM-7PM(SAT,SUN)","Zone 1, 15 min free",6.85,3.7,Wickham St between Brunswick St & Alden St in Fortitude Valley,8,0,,153.034719,-27.456312,4000361,,676,"{""coordinates"": [153.034719, -27.456311999999993], ""type"": ""Point""}","-27.456311999999993, 153.034719",8
4351,TICKETLESS METER MULTISPACE,WICKHAM ST,FORTITUDE VALLEY,3,"CLEARWAY 7AM-9AM,4PM-7PM M-F T'AWAY,TAXI S&S",MON-FRI,"9AM-4PM,7PM-10PM (MON-FRI)","Zone 1, 15 min free",6.85,3.7,Wickham St between Alden St & Constance St in Fortitude Valley,3,0,,153.035001,-27.456015,4000421,,677,"{""coordinates"": [153.035001, -27.456015000000015], ""type"": ""Point""}","-27.456015000000015, 153.035001",3
4352,TICKETLESS METER MULTISPACE,WICKHAM ST,FORTITUDE VALLEY,3,"CLEARWAY 7AM-9AM,4PM-7PM MON-FRI TOWAWAY",7 DAYS,"9AM-4PM,7PM-10PM(MON-FRI),7AM-7PM(SAT,SUN)","Zone 1, 15 min free",6.85,3.7,Wickham St between Alden St & Constance St in Fortitude Valley,6,0,,153.035308,-27.455697,4000361,,678,"{""coordinates"": [153.03530800000001, -27.455697000000004], ""type"": ""Point""}","-27.455697000000004, 153.03530800000001",6
4353,TICKETLESS METER MULTISPACE,WICKHAM ST,FORTITUDE VALLEY,3,"CLEARWAY 7AM-9AM,4PM-7PM MON-FRI TOWAWAY",7 DAYS,"9AM-4PM,7PM-10PM(MON-FRI),7AM-7PM(SAT,SUN)","Zone 1, 15 min free",6.85,3.7,Wickham St between Constance St & Bridge St in Fortitude Valley,8,0,,153.035965,-27.455066,4000362,,679,"{""coordinates"": [153.035965, -27.455066000000002], ""type"": ""Point""}","-27.455066000000002, 153.035965",8
4354,TICKETLESS METER MULTISPACE,WICKHAM ST,FORTITUDE VALLEY,3,"CLEARWAY 7AM-9AM,4PM-7PM MON-FRI TOWAWAY",7 DAYS,"9AM-4PM,7PM-10PM(MON-FRI),7AM-7PM(SAT,SUN)","Zone 1, 15 min free",6.85,3.7,Wickham St between Warner St & Ballow St in Fortitude Valley,4,0,,153.034806,-27.456415,4000361,,680,"{""coordinates"": [153.034806, -27.456414999999993], ""type"": ""Point""}","-27.456414999999993, 153.034806",4
4355,TICKETLESS METER MULTISPACE,WICKHAM ST,FORTITUDE VALLEY,3,"CLEARWAY 7AM-9AM,4PM-7PM MON-FRI TOWAWAY",7 DAYS,"9AM-4PM,7PM-10PM(MON-FRI),7AM-7PM(SAT,SUN)","Zone 1, 15 min free",6.85,3.7,Wickham St between Ballow St & Constance St in Fortitude Valley,9,0,,153.035252,-27.455945,4000361,,681,"{""coordinates"": [153.035252, -27.455944999999993], ""type"": ""Point""}","-27.455944999999993, 153.035252",9
4356,TICKETLESS METER MULTISPACE,WICKHAM ST,FORTITUDE VALLEY,3,"CLEARWAY 7AM-9AM,4PM-7PM MON-FRI TOWAWAY",7 DAYS,"9AM-4PM,7PM-10PM(MON-FRI),7AM-7PM(SAT,SUN)","Zone 1, 15 min free",6.85,3.7,Wickham St between Constance St & Bridge St in Fortitude Valley,6,0,,153.036046,-27.455179,4000362,,682,"{""coordinates"": [153.036046, -27.45517899999999], ""type"": ""Point""}","-27.45517899999999, 153.036046",6
4357,TICKETLESS METER MULTISPACE,WICKHAM ST,FORTITUDE VALLEY,3,"CLEARWAY 7AM-9AM,4PM-7PM MON-FRI TOWAWAY",7 DAYS,"9AM-4PM,7PM-10PM(MON-FRI),7AM-7PM(SAT,SUN)","Zone 1, 15 min free",6.85,3.7,Wickham St between Bridge St & East St in Fortitude Valley,5,0,,153.036498,-27.454721,4000362,,683,"{""coordinates"": [153.036498, -27.454721000000013], ""type"": ""Point""}","-27.454721000000013, 153.036498",5
4358,TICKETLESS METER MULTISPACE,WICKHAM ST,FORTITUDE VALLEY,12,NONE,MON-FRI,7AM-7PM,"Zone 1, 15 min free",4.5,,Wickham St between East St & Church St in Fortitude Valley,6,0,,153.037109,-27.454224,4000363,18.25,684,"{""coordinates"": [153.037109, -27.454224000000007], ""type"": ""Point""}","-27.454224000000007, 153.037109",6
4359,TICKETLESS METER MULTISPACE,WICKHAM ST,FORTITUDE VALLEY,12,NONE,MON-FRI,7AM-7PM,"Zone 1, 15 min free",4.5,,Wickham St between Church St & Brookes St in Fortitude Valley,7,0,,153.037667,-27.453742,4000364,18.25,685,"{""coordinates"": [153.03766699999997, -27.45374200000001], ""type"": ""Point""}","-27.45374200000001, 153.03766699999997",7
4360,TICKETLESS METER MULTISPACE,WICKHAM ST,FORTITUDE VALLEY,4,"CLEARWAY 7AM-9AM,4PM-7PM MON-FRI TOWAWAY",MON-FRI,9AM-4PM,"Zone 1, 15 min free",4.5,,Wickham St between Brookes St & Murri Way in Fortitude Valley,8,0,,153.038211,-27.453143,4000365,,686,"{""coordinates"": [153.03821100000002, -27.453143000000008], ""type"": ""Point""}","-27.453143000000008, 153.03821100000002",8
4361,TICKETLESS METER MULTISPACE,WICKHAM ST,FORTITUDE VALLEY,4,"CLEARWAY 7AM-9AM,4PM-7PM MON-FRI TOWAWAY",MON-FRI,9AM-4PM,"Zone 1, 15 min free",4.5,,Wickham St between Brookes St & Murri Way in Fortitude Valley,11,0,,153.038562,-27.452798,4000365,,687,"{""coordinates"": [153.038562, -27.452798000000016], ""type"": ""Point""}","-27.452798000000016, 153.038562",11
4362,TICKETLESS METER MULTISPACE,CONSTANCE ST,FORTITUDE VALLEY,3,"NO STOPPING 7AM-9AM,4PM-6PM MON-FRI",7 DAYS,"9AM-4PM,6PM-10PM(MON-FRI),7AM-7PM(SAT,SUN)","Zone 1, 15 min free",6.85,3.7,Constance St between Wickham St & Ann St in Fortitude Valley,10,0,,153.035973,-27.455644,4000849,,688,"{""coordinates"": [153.035973, -27.455644], ""type"": ""Point""}","-27.455644, 153.035973",10
4363,PAY BY MOBILE APP ONLY,McLACHLAN ST,FORTITUDE VALLEY,3,LOADING ZONE 7AM-7PM MON-FRI & 7AM-12noon SAT,7 DAYS,"7PM-10PM MON-FRI,12noon-7PM SAT & 7AM-7PM SUN","Zone 1, 15 min free",,3.7,"McLaclan St between Brunswick St & Morgan St, Fortitude Valley",10,0,,153.0368,-27.45791,4000886,,689,"{""coordinates"": [153.03679999999997, -27.457910000000002], ""type"": ""Point""}","-27.457910000000002, 153.03679999999997",10
4364,PAY BY MOBILE APP ONLY,BRIDGE ST,FORTITUDE VALLEY,3,NONE,7 DAYS,"7AM-7PM,7PM-10PM(MON-FRI),7AM-7PM(SAT,SUN)","Zone 1, 15 min free",6.85,3.7,Bridge St between Ann St & Wickham St in Fortitude Valley,19,0,,153.03649,-27.455174,4000885,,690,"{""coordinates"": [153.03649, -27.455173999999996], ""type"": ""Point""}","-27.455173999999996, 153.03649",19
4367,PAY BY MOBILE APP ONLY,EAST ST,FORTITUDE VALLEY,3,NONE,7 DAYS,"7AM-7PM,7PM-10PM(MON-FRI),7AM-7PM(SAT,SUN)","Zone 1, 15 min free",6.85,3.7,East Street between Wickham St and end in Fortitude Valley,6,0,,153.036276,-27.454275,4000884,,691,"{""coordinates"": [153.036276, -27.454275000000006], ""type"": ""Point""}","-27.454275000000006, 153.036276",6
4368,TICKETLESS METER MULTISPACE,EAST ST,FORTITUDE VALLEY,4,NONE,7 DAYS,"7AM-7PM,7PM-10PM(MON-FRI),7AM-7PM(SAT,SUN)","Zone 1, 15 min free",4.5,2.55,East St between Ann St & Wickham St in Fortitude Valley,16,0,,153.037164,-27.454971,4000369,,692,"{""coordinates"": [153.037164, -27.454971000000008], ""type"": ""Point""}","-27.454971000000008, 153.037164",16
4369,TICKETLESS METER MULTISPACE,CHURCH ST,FORTITUDE VALLEY,12,NONE,MON-FRI,7AM-7PM,"Zone 1, 15 min free",4.5,,Church St between Wickham St & Ann St in Fortitude Valley,10,0,,153.037514,-27.454026,4000367,18.25,693,"{""coordinates"": [153.037514, -27.454026000000013], ""type"": ""Point""}","-27.454026000000013, 153.037514",10
4370,TICKETLESS METER MULTISPACE,CHURCH ST,FORTITUDE VALLEY,3,NONE,MON-FRI,7AM-7PM,"Zone 1, 15 min free",6.85,,Church St between Wickham St & Ann St in Fortitude Valley,8,0,,153.038006,-27.454422,4000846,,694,"{""coordinates"": [153.038006, -27.454422], ""type"": ""Point""}","-27.454422, 153.038006",8
4371,TICKETLESS METER MULTISPACE,CHURCH ST,FORTITUDE VALLEY,3,NONE,MON-FRI,7AM-7PM,"Zone 1, 15 min free",6.85,,Church St between Wickham St & Ann St in Fortitude Valley,4,0,,153.038273,-27.454753,4000846,,695,"{""coordinates"": [153.038273, -27.45475300000001], ""type"": ""Point""}","-27.45475300000001, 153.038273",4
4372,TICKETLESS METER MULTISPACE,BROOKES ST,FORTITUDE VALLEY,7,"NO STOPPING 7AM-9AM,4PM-6PM MON-FRI",MON-FRI,9AM-4PM,"Zone 1, 15 min free",4.5,,Brookes St between Ann St & Wickham St in Fortitude Valley,11,0,,153.038416,-27.453968,4000366,18.25,696,"{""coordinates"": [153.038416, -27.453968000000014], ""type"": ""Point""}","-27.453968000000014, 153.038416",11
4373,TICKETLESS METER MULTISPACE,MARSHALL ST,FORTITUDE VALLEY,3,NONE,7 DAYS,"7AM-7PM,7PM-10PM(MON-FRI),7AM-7PM(SAT,SUN)","Zone 1, 15 min free",6.85,3.7,Marshall St between Mclachlan St & Ann St in Fortitude Valley,13,0,,153.034637,-27.459544,4000441,,697,"{""coordinates"": [153.034637, -27.459544], ""type"": ""Point""}","-27.459544, 153.034637",13
4374,Hybrid,IVORY ST,FORTITUDE VALLEY,3,NONE,7 DAYS,"7AM-7PM,7PM-10PM(MON-FRI),7AM-7PM(SAT,SUN)","Zone 1, 15 min free",6.85,3.7,Ivory St between Brunswick St & Harrison Lane in Fortitude Valley & McLachlan Lane,9,0,,153.035922,-27.460005,4000386,,698,"{""coordinates"": [153.035922, -27.460004999999992], ""type"": ""Point""}","-27.460004999999992, 153.035922",9
4375,TICKETLESS METER MULTISPACE,BOWEN TCE,FORTITUDE VALLEY,12,NONE,MON-FRI,7AM-7PM,"Zone 1, 15 min free",4.5,,Bowen Tce between Martin St & Malt St in Fortitude Valley,6,0,,153.036081,-27.461633,4000388,18.25,699,"{""coordinates"": [153.03608099999997, -27.461632999999992], ""type"": ""Point""}","-27.461632999999992, 153.03608099999997",6
4376,TICKETLESS METER MULTISPACE,McLACHLAN ST,FORTITUDE VALLEY,3,NONE,7 DAYS,"7AM-7PM,7PM-10PM(MON-FRI),7AM-7PM(SAT,SUN)","Zone 1, 15 min free",6.85,3.7,"Mclachlan St between Brunswick St & Winn St, Winn St between McLachlan & Ann in Fortitude Valley",13,0,,153.036296,-27.458404,4000385,,700,"{""coordinates"": [153.036296, -27.458404000000023], ""type"": ""Point""}","-27.458404000000023, 153.036296",13
4377,TICKETLESS METER MULTISPACE,McLACHLAN ST,FORTITUDE VALLEY,3,NONE,7 DAYS,"7AM-7PM,7PM-10PM(MON-FRI),7AM-7PM(SAT,SUN)","Zone 1, 15 min free",6.85,3.7,Mclachlan St between Winn St & Morgan St in Fortitude Valley,4,0,,153.037059,-27.457607,4000385,,701,"{""coordinates"": [153.037059, -27.457607], ""type"": ""Point""}","-27.457607, 153.037059",4
4379,TICKETLESS METER MULTISPACE,McLACHLAN ST,FORTITUDE VALLEY,3,"NO STOPPING 7AM-9AM,4PM-6PM MON-FRI",7 DAYS,"9AM-4PM,6PM-10PM(MON-FRI),7AM-7PM(SAT,SUN)","Zone 1, 15 min free",6.85,3.7,Mclachlan St between Connor St & James St in Fortitude Valley,14,0,,153.038483,-27.456163,4000849,,702,"{""coordinates"": [153.038483, -27.456163000000014], ""type"": ""Point""}","-27.456163000000014, 153.038483",14
4380,TICKETLESS METER MULTISPACE,McLACHLAN ST,FORTITUDE VALLEY,3,NONE,7 DAYS,"7AM-7PM,7PM-10PM(MON-FRI),7AM-7PM(SAT,SUN)","Zone 1, 15 min free",6.85,3.7,Mclachlan St between Brunswick St & Morgan St in Fortitude Valley,6,0,,153.036061,-27.458829,4000385,,703,"{""coordinates"": [153.036061, -27.458828999999998], ""type"": ""Point""}","-27.458828999999998, 153.036061",6
4381,TICKETLESS METER MULTISPACE,McLACHLAN ST,FORTITUDE VALLEY,3,NONE,7 DAYS,"7AM-7PM,7PM-10PM(MON-FRI),7AM-7PM(SAT,SUN)","Zone 1, 15 min free",6.85,3.7,Mclachlan St between Brunswick St & Morgan St in Fortitude Valley,5,0,,153.03665,-27.458239,4000385,,704,"{""coordinates"": [153.03665, -27.458239000000006], ""type"": ""Point""}","-27.458239000000006, 153.03665",5
4382,TICKETLESS METER MULTISPACE,McLACHLAN ST,FORTITUDE VALLEY,3,NONE,7 DAYS,"7AM-7PM,7PM-10PM(MON-FRI),7AM-7PM(SAT,SUN)","Zone 1, 15 min free",6.85,3.7,Mclachlan St between Brunswick St & Morgan St in Fortitude Valley,7,0,,153.037208,-27.45767,4000385,,705,"{""coordinates"": [153.037208, -27.457669999999993], ""type"": ""Point""}","-27.457669999999993, 153.037208",7
4383,TICKETLESS METER MULTISPACE,McLACHLAN ST,FORTITUDE VALLEY,3,NONE,7 DAYS,"7AM-7PM,7PM-10PM(MON-FRI),7AM-7PM(SAT,SUN)","Zone 1, 15 min free",6.85,3.7,Mclachlan St between Morgan St & Connor St in Fortitude Valley,6,0,,153.037879,-27.457002,4000385,,706,"{""coordinates"": [153.037879, -27.457002000000024], ""type"": ""Point""}","-27.457002000000024, 153.037879",6
4384,TICKETLESS METER MULTISPACE,McLACHLAN ST,FORTITUDE VALLEY,3,NONE,7 DAYS,"7AM-7PM,7PM-10PM(MON-FRI),7AM-7PM(SAT,SUN)","Zone 1, 15 min free",6.85,3.7,Mclachlan St between Connor St & James St in Fortitude Valley,6,0,,153.038233,-27.456643,4000879,,707,"{""coordinates"": [153.038233, -27.456643000000003], ""type"": ""Point""}","-27.456643000000003, 153.038233",6
4385,TICKETLESS METER MULTISPACE,ROBERTSON ST,FORTITUDE VALLEY,12,NONE,MON-FRI,7AM-7PM,"Zone 1, 15 min free",4.5,,Robertson St between Brunswick St & James St in Fortitude Valley,10,0,,153.03804,-27.459247,4000359,18.25,708,"{""coordinates"": [153.03804, -27.459246999999994], ""type"": ""Point""}","-27.459246999999994, 153.03804",10
4386,TICKETLESS METER MULTISPACE,ROBERTSON ST,FORTITUDE VALLEY,12,NONE,MON-FRI,7AM-7PM,"Zone 1, 15 min free",4.5,,Robertson St between Brunswick St & James St in Fortitude Valley,6,0,,153.038761,-27.458491,4000359,18.25,709,"{""coordinates"": [153.038761, -27.45849100000001], ""type"": ""Point""}","-27.45849100000001, 153.038761",6
4387,TICKETLESS METER MULTISPACE,ROBERTSON ST,FORTITUDE VALLEY,4,NONE,7 DAYS,"7AM-7PM,7PM-10PM(MON-FRI),7AM-7PM(SAT,SUN)","Zone 1, 15 min free",4.5,2.55,Robertson St between Brunswick St & James St in Fortitude Valley,5,0,,153.039596,-27.457672,4000382,,710,"{""coordinates"": [153.03959599999996, -27.457672000000002], ""type"": ""Point""}","-27.457672000000002, 153.03959599999996",5
4388,PAY BY MOBILE APP ONLY,ROBERTSON ST,FORTITUDE VALLEY,3,NONE,7 DAYS,"7AM-7PM,7PM-10PM(MON-FRI),7AM-7PM(SAT,SUN)","Zone 1, 15 min free",6.85,3.7,Robertson St between Brunswick St & James St in Fortitude Valley,8,0,,153.040043,-27.457229,4000368,,711,"{""coordinates"": [153.040043, -27.457229000000005], ""type"": ""Point""}","-27.457229000000005, 153.040043",8
4389,TICKETLESS METER MULTISPACE,JAMES ST,FORTITUDE VALLEY,2,NONE,MON-FRI,7AM-7PM,"Zone 1, 15 min free",6.85,,James St between Arthur St & Robertson St in Fortitude Valley,4,0,,153.040691,-27.457442,4000347,,712,"{""coordinates"": [153.040691, -27.457442000000007], ""type"": ""Point""}","-27.457442000000007, 153.040691",4
4390,TICKETLESS METER MULTISPACE,JAMES ST,FORTITUDE VALLEY,2,NONE,7 DAYS,"7AM-7PM,7PM-10PM(MON-FRI),7AM-7PM(SAT,SUN)","Zone 1, 15 min free",6.85,3.7,James St between Robertson St & Mclachlan St in Fortitude Valley,9,0,,153.03986,-27.456776,4000346,,713,"{""coordinates"": [153.03986000000003, -27.456776000000023], ""type"": ""Point""}","-27.456776000000023, 153.03986000000003",9
4391,PAY BY MOBILE APP ONLY,WATER ST,FORTITUDE VALLEY,3,NONE,MON-FRI,7AM-7PM,"Zone 1, 15 min free",6.85,,Trinity Street and Water St between Trinity St & Anderson St in Fortitude Valley,8,0,,153.03181,-27.45354,4000895,,714,"{""coordinates"": [153.03181, -27.45354], ""type"": ""Point""}","-27.45354, 153.03181",8
4392,TICKETLESS METER MULTISPACE,JAMES ST,FORTITUDE VALLEY,1,NONE,7 DAYS,"7AM-7PM,7PM-10PM(MON-FRI),7AM-7PM(SAT,SUN)","Zone 1, 15 min free",6.85,3.7,James St between Ann St & Doggett St in Fortitude Valley,8,0,,153.03963,-27.456451,4000345,,715,"{""coordinates"": [153.03963, -27.45645100000001], ""type"": ""Point""}","-27.45645100000001, 153.03963",8
4393,TICKETLESS METER MULTISPACE,JAMES ST,FORTITUDE VALLEY,1,NONE,7 DAYS,"7AM-7PM,7PM-10PM(MON-FRI),7AM-7PM(SAT,SUN)","Zone 1, 15 min free",6.85,3.7,James St between Ann St & Doggett St in Fortitude Valley,2,0,,153.040126,-27.456821,4000345,,716,"{""coordinates"": [153.04012600000001, -27.456820999999994], ""type"": ""Point""}","-27.456820999999994, 153.04012600000001",2
4394,TICKETLESS METER MULTISPACE,JAMES ST,FORTITUDE VALLEY,4,NONE,MON-FRI,7AM-7PM,"Zone 1, 15 min free",4.5,,James St between Doggett St & Arthur St in Fortitude Valley,4,0,,153.040617,-27.457228,4000392,,717,"{""coordinates"": [153.040617, -27.457228], ""type"": ""Point""}","-27.457228, 153.040617",4
4395,TICKETLESS METER MULTISPACE,DOGGETT ST,FORTITUDE VALLEY,3,NONE,7 DAYS,"7AM-7PM,7PM-10PM(MON-FRI),7AM-7PM(SAT,SUN)","Zone 1, 15 min free",6.85,3.7,James St between Doggett St & Arthur St in Fortitude Valley,9,0,,153.040696,-27.456676,4000381,,718,"{""coordinates"": [153.04069599999997, -27.45667600000001], ""type"": ""Point""}","-27.45667600000001, 153.04069599999997",9
4397,TICKETLESS METER MULTISPACE,WANDOO ST,FORTITUDE VALLEY,3,NONE,7 DAYS,"7AM-7PM,7PM-10PM(MON-FRI),7AM-7PM(SAT,SUN)","Zone 1, 15 min free",6.85,3.7,Wandoo St between Doggett St & Ann St in Fortitude Valley,10,0,,153.040357,-27.455792,4000379,,719,"{""coordinates"": [153.040357, -27.455792], ""type"": ""Point""}","-27.455792, 153.040357",10
4399,Hybrid,WANDOO ST,FORTITUDE VALLEY,3,NONE,7 DAYS,"7AM-7PM,7PM-10PM(MON-FRI),7AM-7PM(SAT,SUN)","Zone 1, 15 min free",6.85,3.7,Wandoo St between Ann St & Doggett St in Fortitude Valley,15,0,,153.039902,-27.455279,4000378,,720,"{""coordinates"": [153.039902, -27.455279000000004], ""type"": ""Point""}","-27.455279000000004, 153.039902",15
4400,TICKETLESS METER MULTISPACE,WANDOO ST,FORTITUDE VALLEY,3,NONE,7 DAYS,"7AM-7PM,7PM-10PM(MON-FRI),7AM-7PM(SAT,SUN)","Zone 1, 15 min free",6.85,3.7,Wandoo St between Fortitude St & Doggett St in Fortitude Valley,7,0,,153.040789,-27.455977,4000378,,721,"{""coordinates"": [153.04078899999996, -27.45597700000002], ""type"": ""Point""}","-27.45597700000002, 153.04078899999996",7
4401,TICKETLESS METER MULTISPACE,DOGGETT ST,FORTITUDE VALLEY,3,NONE,7 DAYS,"7AM-7PM,7PM-10PM(MON-FRI),7AM-7PM(SAT,SUN)","Zone 1, 15 min free",6.85,3.7,Doggett St between Wandoo St & James St in Fortitude Valley,9,0,,153.040969,-27.45659,4000381,,722,"{""coordinates"": [153.04096900000002, -27.45659], ""type"": ""Point""}","-27.45659, 153.04096900000002",9
4402,TICKETLESS METER MULTISPACE,DOGGETT ST,FORTITUDE VALLEY,3,NONE,7 DAYS,"7AM-7PM,7PM-10PM(MON-FRI),7AM-7PM(SAT,SUN)","Zone 1, 15 min free",6.85,3.7,Doggett St between Wandoo St & Chester St in Fortitude Valley,7,0,,153.04155,-27.455922,4000380,,723,"{""coordinates"": [153.04155, -27.455922000000005], ""type"": ""Point""}","-27.455922000000005, 153.04155",7
4403,TICKETLESS METER MULTISPACE,MORSE ST,NEWSTEAD,4,NONE,MON-FRI,7AM-7PM,"Zone 1, 15 min free",4.5,,Morse St between End & Chester St in Newstead,10,0,,153.04116,-27.454814,4000585,,724,"{""coordinates"": [153.04116, -27.454814], ""type"": ""Point""}","-27.454814, 153.04116",10
4404,TICKETLESS METER MULTISPACE,CHESTER ST,NEWSTEAD,3,NONE,MON-FRI,7AM-7PM,"Zone 1, 15 min free",6.85,,Chester St between Morse St & Ella St in Newstead,6,0,,153.041033,-27.454484,4000583,,725,"{""coordinates"": [153.041033, -27.45448400000002], ""type"": ""Point""}","-27.45448400000002, 153.041033",6
4405,TICKETLESS METER MULTISPACE,ELLA ST,NEWSTEAD,3,NONE,MON-FRI,7AM-7PM,"Zone 1, 15 min free",6.85,,Ella St between Chester St & End in Newstead,6,0,,153.040411,-27.45429,4000583,,726,"{""coordinates"": [153.040411, -27.454290000000015], ""type"": ""Point""}","-27.454290000000015, 153.040411",6
4406,TICKETLESS METER MULTISPACE,CHESTER ST,NEWSTEAD,4,NONE,MON-FRI,7AM-7PM,"Zone 1, 15 min free",4.5,,Chester St between Ella St & Ann St in Newstead,6,0,,153.04045,-27.454001,4000587,,727,"{""coordinates"": [153.04045, -27.454001000000016], ""type"": ""Point""}","-27.454001000000016, 153.04045",6
4407,TICKETLESS METER MULTISPACE,LEOPOLD ST,NEWSTEAD,12,NONE,MON-FRI,7AM-7PM,"Zone 1, 15 min free",4.5,,Leopold St between Chester St & Commercial Rd in Newstead,5,0,,153.041076,-27.45402,4000579,18.25,728,"{""coordinates"": [153.041076, -27.454020000000014], ""type"": ""Point""}","-27.454020000000014, 153.041076",5
4408,TICKETLESS METER MULTISPACE,LEOPOLD ST,NEWSTEAD,12,NONE,MON-FRI,7AM-7PM,"Zone 1, 15 min free",4.5,,Leopold St between Chester St & Commercial Rd in Newstead,7,0,,153.04157,-27.453384,4000579,18.25,729,"{""coordinates"": [153.04157000000004, -27.453383999999993], ""type"": ""Point""}","-27.453383999999993, 153.04157000000004",7
4409,TICKETLESS METER MULTISPACE,PROE ST,NEWSTEAD,3,NONE,MON-FRI,7AM-7PM,"Zone 1, 15 min free",6.85,,Proe St between Leopold St & Doggett St in Newstead,11,0,,153.04163,-27.453609,4000580,,730,"{""coordinates"": [153.04163, -27.453608999999993], ""type"": ""Point""}","-27.453608999999993, 153.04163",11
4410,TICKETLESS METER MULTISPACE,PROE ST,NEWSTEAD,12,NONE,MON-FRI,7AM-7PM,"Zone 1, 15 min free",4.5,,Proe St between Leopold St & Doggett St in Newstead,7,0,,153.042414,-27.45414,4000581,18.25,731,"{""coordinates"": [153.042414, -27.454140000000006], ""type"": ""Point""}","-27.454140000000006, 153.042414",7
4411,TICKETLESS METER MULTISPACE,PROE ST,NEWSTEAD,3,NONE,MON-FRI,7AM-7PM,"Zone 1, 15 min free",6.85,,Proe St between Doggett St & Leopold St in Newstead,6,0,,153.042464,-27.454343,4000841,,732,"{""coordinates"": [153.04246400000002, -27.454342999999994], ""type"": ""Point""}","-27.454342999999994, 153.04246400000002",6
4412,TICKETLESS METER MULTISPACE,COMMERCIAL RD,NEWSTEAD,12,NONE,MON-FRI,7AM-7PM,"Zone 1, 15 min free",4.5,,Commercial Rd between Doggett St & Leopold St in Newstead,8,0,,153.042126,-27.453203,4000577,18.25,733,"{""coordinates"": [153.042126, -27.45320299999999], ""type"": ""Point""}","-27.45320299999999, 153.042126",8
4413,TICKETLESS METER MULTISPACE,DOGGETT ST,TENERIFFE,3,NONE,MON-FRI,7AM-7PM,"Zone 1, 15 min free",6.85,,Doggett St between Commercial Rd & Chester St in Teneriffe,9,0,,153.042721,-27.454534,4000842,,734,"{""coordinates"": [153.042721, -27.454534000000013], ""type"": ""Point""}","-27.454534000000013, 153.042721",9
4414,TICKETLESS METER MULTISPACE,CHESTER ST,TENERIFFE,2,NONE,MON-FRI,7AM-7PM,"Zone 1, 15 min free",6.85,,Chester St between Arthur St & Doggett St in Teneriffe,9,0,,153.042156,-27.455436,4000526,,735,"{""coordinates"": [153.042156, -27.455436000000017], ""type"": ""Point""}","-27.455436000000017, 153.042156",9
5341,TICKETLESS METER MULTISPACE,GREY ST,SOUTH BRISBANE,2,NONE,7 DAYS,"7AM-7PM,7PM-10PM(MON-FRI),7AM-7PM(SAT,SUN)","Zone 1, 15 min free",6.85,3.7,Grey St between Ernest St & Tribune St in South Brisbane,1,0,,153.022346,-27.47958,4000131,,736,"{""coordinates"": [153.022346, -27.479580000000013], ""type"": ""Point""}","-27.479580000000013, 153.022346",1
5342,TICKETLESS METER MULTISPACE,GREY ST,SOUTH BRISBANE,2,NONE,7 DAYS,"7AM-7PM,7PM-10PM(MON-FRI),7AM-7PM(SAT,SUN)","Zone 1, 15 min free",6.85,3.7,Grey St between Ernest St & Tribune St in South Brisbane,8,0,,153.022575,-27.47996,4000131,,737,"{""coordinates"": [153.02257499999996, -27.479959999999988], ""type"": ""Point""}","-27.479959999999988, 153.02257499999996",8
5343,TICKETLESS METER MULTISPACE,GREY ST,SOUTH BRISBANE,2,NONE,7 DAYS,"7AM-7PM,7PM-10PM(MON-FRI),7AM-7PM(SAT,SUN)","Zone 1, 15 min free",6.85,3.7,Grey St between Tribune St & Vulture St in South Brisbane,8,0,,153.023596,-27.481428,4000132,,738,"{""coordinates"": [153.023596, -27.481427999999994], ""type"": ""Point""}","-27.481427999999994, 153.023596",8
5344,TICKETLESS METER MULTISPACE,LITTLE STANLEY ST,SOUTH BRISBANE,2,NONE,7 DAYS,"7AM-7PM,7PM-10PM(MON-FRI),7AM-7PM(SAT,SUN)","Zone 1, 15 min free",6.85,3.7,Little Stanley St between Tribune St & Ernest St in South Brisbane,4,0,,153.023143,-27.480145,4000129,,739,"{""coordinates"": [153.02314300000003, -27.480145000000007], ""type"": ""Point""}","-27.480145000000007, 153.02314300000003",4
5345,TICKETLESS METER MULTISPACE,LITTLE STANLEY ST,SOUTH BRISBANE,1,NONE,7 DAYS,"7AM-7PM,7PM-10PM(MON-FRI),7AM-7PM(SAT,SUN)","Zone 1, 15 min free",6.85,3.7,Little Stanley St between Tribune St & Vulture St in South Brisbane,5,0,,153.022685,-27.479505,4000128,,740,"{""coordinates"": [153.02268500000002, -27.479504999999996], ""type"": ""Point""}","-27.479504999999996, 153.02268500000002",5
5346,TICKETLESS METER MULTISPACE,LITTLE STANLEY ST,SOUTH BRISBANE,1,NONE,7 DAYS,"7AM-7PM,7PM-10PM(MON-FRI),7AM-7PM(SAT,SUN)","Zone 1, 15 min free",6.85,3.7,Little Stanley St between Ernest St & Glenelg St in South Brisbane,3,0,,153.021915,-27.478384,4000127,,741,"{""coordinates"": [153.021915, -27.478384000000016], ""type"": ""Point""}","-27.478384000000016, 153.021915",3
5347,TICKETLESS METER MULTISPACE,LITTLE STANLEY ST,SOUTH BRISBANE,2,NONE,7 DAYS,"7AM-7PM,7PM-10PM(MON-FRI),7AM-7PM(SAT,SUN)","Zone 1, 15 min free",6.85,3.7,Little Stanley St between Ernest St & Glenelg St in South Brisbane,4,0,,153.021512,-27.477763,4000126,,742,"{""coordinates"": [153.021512, -27.477763000000003], ""type"": ""Point""}","-27.477763000000003, 153.021512",4
5348,TICKETLESS METER MULTISPACE,LITTLE STANLEY ST,SOUTH BRISBANE,2,NONE,7 DAYS,"7AM-7PM,7PM-10PM(MON-FRI),7AM-7PM(SAT,SUN)","Zone 1, 15 min free",6.85,3.7,Little Stanley St between Tribune St & Ernest St in South Brisbane,9,0,,153.022932,-27.479846,4000129,,743,"{""coordinates"": [153.02293199999997, -27.479846], ""type"": ""Point""}","-27.479846, 153.02293199999997",9
5349,TICKETLESS METER MULTISPACE,GREY ST,SOUTH BRISBANE,2,LOADING ZONE 7AM-7PM MON-FRI,SAT-SUN,7AM-7PM,"Zone 1, 15 min free",6.85,3.7,Grey St between Tribune St & Ernest St in South Brisbane,5,0,,153.022117,-27.479577,4000134,,744,"{""coordinates"": [153.022117, -27.479577000000003], ""type"": ""Point""}","-27.479577000000003, 153.022117",5
5350,TICKETLESS METER MULTISPACE,MERIVALE ST,SOUTH BRISBANE,4,NONE,MON-FRI,9AM-6PM,"Zone 1, 15 min free",4.5,,Merivale St between Peel St & Melbourne St in South Brisbane,8,0,,153.015451,-27.473669,4000621,,745,"{""coordinates"": [153.015451, -27.473669], ""type"": ""Point""}","-27.473669, 153.015451",8
5352,PAY BY MOBILE APP ONLY,CORDELIA ST,SOUTH BRISBANE,3,NONE,MON-FRI,7AM-7PM,"Zone 1, 15 min free",6.85,,Cordelia St between Melbourne St & Peel St in South Brisbane,10,0,,153.01486,-27.474481,4000656,,746,"{""coordinates"": [153.01486, -27.474481000000004], ""type"": ""Point""}","-27.474481000000004, 153.01486",10
5353,PAY BY MOBILE APP ONLY,RUSSELL ST,SOUTH BRISBANE,2,NONE,7 DAYS,"7AM-7PM,7PM-10PM(MON-FRI),7AM-7PM(SAT,SUN)","Zone 1, 15 min free",6.85,3.7,Russell St between Cordelia St & Merivale St in South Brisbane,4,0,,153.017139,-27.476932,4000625,,747,"{""coordinates"": [153.017139, -27.476932], ""type"": ""Point""}","-27.476932, 153.017139",4
5354,PAY BY MOBILE APP ONLY,RUSSELL ST,SOUTH BRISBANE,2,NONE,7 DAYS,"7AM-7PM,7PM-10PM(MON-FRI),7AM-7PM(SAT,SUN)","Zone 1, 15 min free",6.85,3.7,Russell St between Merivale St & Cordelia St in South Brisbane,4,0,,153.01732,-27.477043,4000625,,748,"{""coordinates"": [153.01732, -27.47704300000001], ""type"": ""Point""}","-27.47704300000001, 153.01732",4
5355,TICKETLESS METER MULTISPACE,CORDELIA ST,SOUTH BRISBANE,3,NONE,7 DAYS,"7AM-7PM,7PM-10PM(MON-FRI),7AM-7PM(SAT,SUN)","Zone 1, 15 min free",6.85,3.7,Cordelia St between Russell St & Melbourne St in South Brisbane,5,0,,153.016474,-27.477062,4000626,,749,"{""coordinates"": [153.016474, -27.477062000000007], ""type"": ""Point""}","-27.477062000000007, 153.016474",5
5356,TICKETLESS METER MULTISPACE,RUSSELL ST,SOUTH BRISBANE,4,NONE,7 DAYS,"7AM-7PM,7PM-10PM(MON-FRI),7AM-7PM(SAT,SUN)","Zone 1, 15 min free",4.5,2.55,Russell St between Manning St & Cordelia St in South Brisbane,8,0,,153.01599,-27.477569,4000628,,750,"{""coordinates"": [153.01599, -27.477569], ""type"": ""Point""}","-27.477569, 153.01599",8
5357,TICKETLESS METER MULTISPACE,RUSSELL ST,SOUTH BRISBANE,12,NONE,MON-FRI,7AM-7PM,"Zone 1, 15 min free",4.5,,Russell St between Edmonstone St & Manning St in South Brisbane,12,0,,153.015207,-27.477994,4000633,18.25,751,"{""coordinates"": [153.015207, -27.477994000000002], ""type"": ""Point""}","-27.477994000000002, 153.015207",12
5360,TICKETLESS METER MULTISPACE,RUSSELL ST,SOUTH BRISBANE,4,NONE,MON-FRI,7AM-7PM,"Zone 1, 15 min free",4.5,,Russell St between Edmonstone St & Browning St in South Brisbane,4,0,,153.014259,-27.478707,4000654,,752,"{""coordinates"": [153.01425900000004, -27.47870700000002], ""type"": ""Point""}","-27.47870700000002, 153.01425900000004",4
5361,TICKETLESS METER MULTISPACE,BROWNING ST,SOUTH BRISBANE,4,NONE,MON-FRI,8AM-5PM,"Zone 1, 15 min free",4.5,,Browning St between Besant St & Russell St in South Brisbane,5,0,,153.014257,-27.479577,4000634,,753,"{""coordinates"": [153.014257, -27.479577000000003], ""type"": ""Point""}","-27.479577000000003, 153.014257",5
5362,TICKETLESS METER MULTISPACE,BROWNING ST,SOUTH BRISBANE,4,NONE,MON-FRI,8AM-5PM,"Zone 1, 15 min free",4.5,,Browning St between Besant St & Russell St in South Brisbane,6,0,,153.014715,-27.480244,4000634,,754,"{""coordinates"": [153.014715, -27.480243999999992], ""type"": ""Point""}","-27.480243999999992, 153.014715",6
5363,TICKETLESS METER MULTISPACE,BROWNING ST,SOUTH BRISBANE,12,NONE,MON-FRI,7AM-7PM,"Zone 1, 15 min free",4.5,,Browning St between Vulture St & Besant St in South Brisbane,5,0,,153.015365,-27.481185,4000637,18.25,755,"{""coordinates"": [153.015365, -27.481185], ""type"": ""Point""}","-27.481185, 153.015365",5
5364,TICKETLESS METER MULTISPACE,BROWNING ST,SOUTH BRISBANE,3,NONE,MON-FRI,7AM-7PM,"Zone 1, 15 min free",6.85,,Browning St between Melbourne St & Russell St in South Brisbane,9,0,,153.013537,-27.478292,4000652,,756,"{""coordinates"": [153.01353699999999, -27.47829200000001], ""type"": ""Point""}","-27.47829200000001, 153.01353699999999",9
5365,TICKETLESS METER MULTISPACE,BROWNING ST,SOUTH BRISBANE,3,NONE,MON-FRI,7AM-7PM,"Zone 1, 15 min free",6.85,,Browning St between Russell St & Melbourne St in South Brisbane,7,0,,153.013352,-27.478254,4000652,,757,"{""coordinates"": [153.01335199999997, -27.478254000000014], ""type"": ""Point""}","-27.478254000000014, 153.01335199999997",7
5366,TICKETLESS METER MULTISPACE,MANNING ST,SOUTH BRISBANE,4,NONE,MON-FRI,8AM-5PM,"Zone 1, 15 min free",4.5,,Manning St between Russell St & Melbourne St in South Brisbane,11,0,,153.015623,-27.477712,4000629,,758,"{""coordinates"": [153.01562300000003, -27.477712000000007], ""type"": ""Point""}","-27.477712000000007, 153.01562300000003",11
5368,TICKETLESS METER MULTISPACE,LITTLE STANLEY ST,SOUTH BRISBANE,1,NONE,7 DAYS,"7AM-7PM,7PM-10PM(MON-FRI),7AM-7PM(SAT,SUN)","Zone 1, 15 min free",6.85,3.7,Little Stanley St between Ernest St & Glenelg St in South Brisbane,7,0,,153.02163,-27.477953,4000127,,759,"{""coordinates"": [153.02163, -27.477953000000017], ""type"": ""Point""}","-27.477953000000017, 153.02163",7
5371,TICKETLESS METER MULTISPACE,EDMONDSTONE ST,SOUTH BRISBANE,4,NONE,MON-FRI,10AM-5PM,"Zone 1, 15 min free",4.5,,Edmondstone St between Besant St & Vulture St in South Brisbane,16,0,,153.016229,-27.48028,4000635,,760,"{""coordinates"": [153.016229, -27.480280000000008], ""type"": ""Point""}","-27.480280000000008, 153.016229",16
5375,TICKETLESS METER MULTISPACE,BESANT ST,WEST END,12,NONE,MON-FRI,7AM-7PM,"Zone 1, 15 min free",4.5,,Besant St between O'Connell St & Browning St in West End,7,0,,153.014518,-27.480763,4000659,18.25,761,"{""coordinates"": [153.014518, -27.48076300000001], ""type"": ""Point""}","-27.48076300000001, 153.014518",7
5377,TICKETLESS METER MULTISPACE,BESANT ST,WEST END,4,NONE,MON-FRI,8AM-5PM,"Zone 1, 15 min free",4.5,,Besant St between Browning St & O'Connell St in West End,7,0,,153.014213,-27.481089,4000677,,762,"{""coordinates"": [153.014213, -27.481089], ""type"": ""Point""}","-27.481089, 153.014213",7
5379,PAY BY MOBILE APP ONLY,VULTURE ST,WEST END,3,NONE,MON-FRI,8AM-5PM,"Zone 1, 15 min free",6.85,,Vulture St between Appel St & Franklin St in West End,6,0,,153.014528,-27.481416,4000680,,763,"{""coordinates"": [153.014528, -27.481415999999996], ""type"": ""Point""}","-27.481415999999996, 153.014528",6
5381,TICKETLESS METER MULTISPACE,FRANKLIN ST,HIGHGATE HILL,12,NONE,MON-FRI,7AM-7PM,"Zone 2, 15 min free",3.45,,Franklin St between Vulture St & Brighton Rd in Highgate Hill,16,0,,153.014054,-27.481725,4000708,16.75,764,"{""coordinates"": [153.014054, -27.481724999999997], ""type"": ""Point""}","-27.481724999999997, 153.014054",16
5382,TICKETLESS METER MULTISPACE,SUSSEX ST,WEST END,12,NONE,MON-FRI,7AM-7PM,"Zone 1, 15 min free",4.5,,Sussex St between Vulture St & Brighton Rd in West End,12,0,,153.012841,-27.482695,4000684,18.25,765,"{""coordinates"": [153.01284100000004, -27.48269499999999], ""type"": ""Point""}","-27.48269499999999, 153.01284100000004",12
5383,TICKETLESS METER MULTISPACE,SUSSEX ST,WEST END,4,NONE,MON-FRI,8AM-5PM,"Zone 2, 15 min free",3.45,,Sussex St between Brighton Rd & Vulture St in West End,10,0,,153.012676,-27.482759,4000685,,766,"{""coordinates"": [153.012676, -27.482759000000012], ""type"": ""Point""}","-27.482759000000012, 153.012676",10
5388,TICKETLESS METER MULTISPACE,SEXTON ST,HIGHGATE HILL,4,NONE,MON-FRI,8AM-5PM,"Zone 2, 15 min free",3.45,,Sexton St between Hampstead Rd & Gladstone Rd in Highgate Hill,18,0,,153.017165,-27.482439,4000709,,767,"{""coordinates"": [153.017165, -27.482438999999996], ""type"": ""Point""}","-27.482438999999996, 153.017165",18
5389,TICKETLESS METER MULTISPACE,SEXTON ST,HIGHGATE HILL,4,NONE,MON-FRI,8AM-5PM,"Zone 2, 15 min free",3.45,,Sexton St between Westbourne Lane & Hampstead Rd in Highgate Hill,14,0,,153.017879,-27.48264,4000709,,768,"{""coordinates"": [153.017879, -27.48264], ""type"": ""Point""}","-27.48264, 153.017879",14
5390,TICKETLESS METER MULTISPACE,SEXTON ST,HIGHGATE HILL,3,NONE,MON-FRI,8AM-5PM,"Zone 2, 15 min free",4.95,,Sexton St between Hampstead Rd & Gladstone Rd in Highgate Hill,12,0,,153.019,-27.482716,4000712,,769,"{""coordinates"": [153.019, -27.482715999999996], ""type"": ""Point""}","-27.482715999999996, 153.019",12
5391,TICKETLESS METER MULTISPACE,STEPHENS RD,SOUTH BRISBANE,4,NONE,MON-FRI,8AM-5PM,"Zone 1, 15 min free",4.5,,Stephens Rd between Vulture St & Dorchester St in South Brisbane,3,0,,153.023063,-27.483233,4000643,,770,"{""coordinates"": [153.02306299999998, -27.483233000000006], ""type"": ""Point""}","-27.483233000000006, 153.02306299999998",3
5392,TICKETLESS METER MULTISPACE,STEPHENS RD,SOUTH BRISBANE,4,"LOADING ZONE 7AM-9AM,2PM-4PM SCHOOL DAYS ONLY",MON-FRI,9AM-2PM,"Zone 1, 15 min free",4.5,,Stephens Rd between Dorchester St & Brook St in South Brisbane,9,0,,153.02298,-27.483726,4000596,,771,"{""coordinates"": [153.02298, -27.483725999999994], ""type"": ""Point""}","-27.483725999999994, 153.02298",9
5393,TICKETLESS METER MULTISPACE,CORDELIA ST,SOUTH BRISBANE,12,NONE,MON-FRI,7AM-7PM,"Zone 1, 15 min free",4.5,,Cordelia St between Vulture St & Ernest St in South Brisbane,10,0,,153.019522,-27.481515,4000638,18.25,772,"{""coordinates"": [153.019522, -27.481515000000005], ""type"": ""Point""}","-27.481515000000005, 153.019522",10
5394,TICKETLESS METER MULTISPACE,MERIVALE ST,SOUTH BRISBANE,3,NONE,7 DAYS,"7AM-7PM,7PM-10PM(MON-FRI),7AM-7PM(SAT,SUN)","Zone 1, 15 min free",6.85,3.7,Merivale St between Ernest St & Tribune St in South Brisbane,11,0,,153.020596,-27.480901,4000639,,773,"{""coordinates"": [153.020596, -27.480900999999996], ""type"": ""Point""}","-27.480900999999996, 153.020596",11
5395,TICKETLESS METER MULTISPACE,TRIBUNE ST,SOUTH BRISBANE,2,NONE,7 DAYS,"7AM-7PM,7PM-10PM(MON-FRI),7AM-7PM(SAT,SUN)","Zone 1, 15 min free",6.85,3.7,Tribune St between Merivale St & Vulture St in South Brisbane,4,0,,153.020986,-27.482088,4000641,,774,"{""coordinates"": [153.020986, -27.482088000000008], ""type"": ""Point""}","-27.482088000000008, 153.020986",4
5396,PAY BY MOBILE APP ONLY,TRIBUNE ST,SOUTH BRISBANE,3,NONE,7 DAYS,"7AM-7PM,7PM-10PM(MON-FRI),7AM-7PM(SAT,SUN)","Zone 1, 15 min free",6.85,3.7,Tribune St between Colchestor St & Merivale St in South Brisbane,7,0,,153.022116,-27.481473,4000642,,775,"{""coordinates"": [153.022116, -27.48147300000002], ""type"": ""Point""}","-27.48147300000002, 153.022116",7
5397,TICKETLESS METER MULTISPACE,TRIBUNE ST,SOUTH BRISBANE,2,NONE,7 DAYS,"7AM-7PM,7PM-10PM(MON-FRI),7AM-7PM(SAT,SUN)","Zone 1, 15 min free",6.85,3.7,Tribune St between Merivale St & Colchestor St in South Brisbane,8,0,,153.021711,-27.481542,4000641,,776,"{""coordinates"": [153.021711, -27.48154200000001], ""type"": ""Point""}","-27.48154200000001, 153.021711",8
5398,TICKETLESS METER MULTISPACE,COLCHESTER ST,SOUTH BRISBANE,2,NONE,7 DAYS,"7AM-7PM,7PM-10PM(MON-FRI),7AM-7PM(SAT,SUN)","Zone 1, 15 min free",6.85,3.7,Colchestor St between Tribune St & Ernest St in South Brisbane,24,0,,153.02131,-27.480202,4000640,,777,"{""coordinates"": [153.02131, -27.480202000000006], ""type"": ""Point""}","-27.480202000000006, 153.02131",24
5400,TICKETLESS METER MULTISPACE,GIBBON ST,WOOLLOONGABBA,4,NONE,MON-FRI,7AM-7PM,"Zone 1, 15 min free",4.5,,Gibbon St between Hawthorne St & Stanley St in Woolloongabba,16,0,,153.034962,-27.487364,4000730,,778,"{""coordinates"": [153.034962, -27.487364000000003], ""type"": ""Point""}","-27.487364000000003, 153.034962",16
5401,TICKETLESS METER MULTISPACE,GIBBON ST,WOOLLOONGABBA,4,NONE,MON-FRI,7AM-7PM,"Zone 1, 15 min free",4.5,,Gibbon St between Stanley St & Hawthorne St in Woolloongabba,18,0,,153.035133,-27.487237,4000730,,779,"{""coordinates"": [153.03513299999997, -27.48723700000001], ""type"": ""Point""}","-27.48723700000001, 153.03513299999997",18
5403,TICKETLESS METER MULTISPACE,WILTON ST,WOOLLOONGABBA,4,NONE,MON-FRI,7AM-7PM,"Zone 1, 15 min free",4.5,,Wilton St between End & Ipswich Rd in Woolloongabba,15,0,,153.035102,-27.489488,4000734,,780,"{""coordinates"": [153.035102, -27.489488000000005], ""type"": ""Point""}","-27.489488000000005, 153.035102",15
5404,TICKETLESS METER MULTISPACE,HENRY ST,WOOLLOONGABBA,12,NONE,MON-FRI,7AM-7PM,"Zone 1, 15 min free",4.5,,Henry St between Wilton St & Ipswich Rd in Woolloongabba,13,0,,153.033578,-27.489824,4000735,18.25,781,"{""coordinates"": [153.033578, -27.48982400000001], ""type"": ""Point""}","-27.48982400000001, 153.033578",13
5405,TICKETLESS METER MULTISPACE,HENRY ST,WOOLLOONGABBA,12,NONE,MON-FRI,7AM-7PM,"Zone 1, 15 min free",4.5,,Henry St between Ipswich Rd & Wilton St in Woolloongabba,9,0,,153.03405,-27.490274,4000735,18.25,782,"{""coordinates"": [153.03405, -27.49027400000001], ""type"": ""Point""}","-27.49027400000001, 153.03405",9
5406,TICKETLESS METER MULTISPACE,HENRY ST,WOOLLOONGABBA,12,NONE,MON-FRI,7AM-7PM,"Zone 1, 15 min free",4.5,,Henry St between Wilton St & Ipswich Rd in Woolloongabba,18,0,,153.034059,-27.49089,4000735,18.25,783,"{""coordinates"": [153.03405900000004, -27.490890000000004], ""type"": ""Point""}","-27.490890000000004, 153.03405900000004",18
5408,TICKETLESS METER MULTISPACE,HENRY ST,WOOLLOONGABBA,4,NONE,MON-FRI,7AM-7PM,"Zone 1, 15 min free",4.5,,Henry St between Ipswich Rd & Wilton St in Woolloongabba,6,0,,153.034625,-27.491145,4000726,,784,"{""coordinates"": [153.034625, -27.491145000000017], ""type"": ""Point""}","-27.491145000000017, 153.034625",6
5409,TICKETLESS METER MULTISPACE,TRAFALGAR ST,WOOLLOONGABBA,4,NONE,MON-FRI,7AM-7PM,"Zone 1, 15 min free",4.5,,Trafalgar St between Logan Rd & Wellington Rd in Woolloongabba,10,0,,153.037841,-27.487506,4000742,,785,"{""coordinates"": [153.037841, -27.487506000000007], ""type"": ""Point""}","-27.487506000000007, 153.037841",10
5410,TICKETLESS METER MULTISPACE,TRAFALGAR ST,WOOLLOONGABBA,12,NONE,MON-FRI,7AM-7PM,"Zone 1, 15 min free",4.5,,Trafalgar St between Wellington Rd & Logan Rd in Woolloongabba,10,0,,153.038044,-27.48769,4000741,18.25,786,"{""coordinates"": [153.038044, -27.487689999999994], ""type"": ""Point""}","-27.487689999999994, 153.038044",10
5411,TICKETLESS METER MULTISPACE,TRAFALGAR ST,WOOLLOONGABBA,12,NONE,MON-FRI,7AM-7PM,"Zone 1, 15 min free",4.5,,Trafalgar St between Wellington Rd & Logan Rd in Woolloongabba,3,0,,153.038843,-27.487804,4000741,18.25,787,"{""coordinates"": [153.038843, -27.487804000000015], ""type"": ""Point""}","-27.487804000000015, 153.038843",3
5412,TICKETLESS METER MULTISPACE,LOGAN RD,WOOLLOONGABBA,3,NONE,MON-FRI,7AM-7PM,"Zone 1, 15 min free",6.85,,Logan Rd between Walker St & Jurgens St in Woolloongabba,8,0,,153.037588,-27.488242,4000836,,788,"{""coordinates"": [153.037588, -27.48824199999999], ""type"": ""Point""}","-27.48824199999999, 153.037588",8
5413,TICKETLESS METER MULTISPACE,NILE ST,WOOLLOONGABBA,12,NONE,MON-FRI,7AM-7PM,"Zone 1, 15 min free",4.5,,Nile St between Logan Rd & Wellington Rd in Woolloongabba,10,0,,153.038689,-27.488374,4000740,18.25,789,"{""coordinates"": [153.038689, -27.488374000000004], ""type"": ""Point""}","-27.488374000000004, 153.038689",10
5414,TICKETLESS METER MULTISPACE,NILE ST,WOOLLOONGABBA,4,NONE,MON-FRI,7AM-7PM,"Zone 1, 15 min free",4.5,,Nile St between Wellington Rd & Logan Rd in Woolloongabba,12,0,,153.038264,-27.488452,4000739,,790,"{""coordinates"": [153.038264, -27.488452000000006], ""type"": ""Point""}","-27.488452000000006, 153.038264",12
5415,TICKETLESS METER MULTISPACE,OVEREND ST,EAST BRISBANE,4,NO STOPPING 4PM-7PM MON-FRI,MON-FRI,7AM-4PM,"Zone 1, 15 min free",4.5,,Overend St between Hampton St & Lisburn St in East Brisbane,8,0,,153.040381,-27.488277,4000758,,791,"{""coordinates"": [153.04038100000002, -27.488277], ""type"": ""Point""}","-27.488277, 153.04038100000002",8
5416,TICKETLESS METER MULTISPACE,HAMPTON ST,EAST BRISBANE,12,NONE,MON-FRI,7AM-7PM,"Zone 1, 15 min free",4.5,,Hampton St between Lotus St & Overend St in East Brisbane,11,0,,153.040494,-27.488787,4000759,18.25,792,"{""coordinates"": [153.040494, -27.488787000000006], ""type"": ""Point""}","-27.488787000000006, 153.040494",11
5417,TICKETLESS METER MULTISPACE,HAMPTON ST,EAST BRISBANE,12,NONE,MON-FRI,7AM-7PM,"Zone 1, 15 min free",4.5,,Hampton St between Overend St & Lisburn St in East Brisbane,10,0,,153.040575,-27.489128,4000759,18.25,793,"{""coordinates"": [153.040575, -27.489128000000008], ""type"": ""Point""}","-27.489128000000008, 153.040575",10
5420,TICKETLESS METER MULTISPACE,LISBURN ST,EAST BRISBANE,12,NONE,MON-FRI,7AM-7PM,"Zone 2, 15 min free",3.45,,Lisburn St between Overend St & Hampton St in East Brisbane,18,0,,153.041652,-27.489121,4000761,16.75,794,"{""coordinates"": [153.041652, -27.489121000000004], ""type"": ""Point""}","-27.489121000000004, 153.041652",18
5422,TICKETLESS METER MULTISPACE,MERIVALE ST,SOUTH BRISBANE,4,NONE,MON-FRI,7AM-7PM,"Zone 1, 15 min free",4.5,,Merivale St between Merivale St & Carpark in South Brisbane,20,0,,153.014888,-27.472275,4000602,,795,"{""coordinates"": [153.014888, -27.47227500000001], ""type"": ""Point""}","-27.47227500000001, 153.014888",20
5423,PAY BY MOBILE APP ONLY,LUCINDA & HOLDEN STS,WOOLLOONGABBA,12,NONE,MON-FRI,7AM-7PM,"Zone 1, 15 min free",4.5,,Lucinda St between Holden St & Albion St and Holden St between Deshon St & End in Woolloongabba,14,0,,153.041525,-27.490991,4000743,18.25,796,"{""coordinates"": [153.041525, -27.49099100000002], ""type"": ""Point""}","-27.49099100000002, 153.041525",14
5424,PAY BY MOBILE APP ONLY,MOUNTJOY ST,WOOLLOONGABBA,12,NONE,MON-FRI,7AM-7PM,"Zone 1, 15 min free",4.5,,Mountjoy St between Lucinda St & Deshon St in Woolloongabba,11,0,,153.041951,-27.490925,4000743,18.25,797,"{""coordinates"": [153.04195100000004, -27.490925000000015], ""type"": ""Point""}","-27.490925000000015, 153.04195100000004",11
5425,TICKETLESS METER MULTISPACE,TRAFALGAR ST,WOOLLOONGABBA,4,NONE,MON-FRI,7AM-7PM,"Zone 1, 15 min free",4.5,,Trafalgar St between Jurgens St & Wellington Rd in Woolloongabba,2,0,,153.038894,-27.487662,4000742,,798,"{""coordinates"": [153.038894, -27.48766200000001], ""type"": ""Point""}","-27.48766200000001, 153.038894",2
5427,TICKETLESS METER MULTISPACE,LISBURN ST,EAST BRISBANE,12,NONE,MON-FRI,7AM-7PM,"Zone 2, 15 min free",3.45,,Lisburn St between Overend St & Hampton St in East Brisbane,24,0,,153.041616,-27.48934,4000761,16.75,799,"{""coordinates"": [153.04161599999998, -27.489340000000006], ""type"": ""Point""}","-27.489340000000006, 153.04161599999998",24
5430,TICKETLESS METER MULTISPACE,HAMPTON ST,EAST BRISBANE,12,NONE,MON-FRI,7AM-7PM,"Zone 1, 15 min free",4.5,,Hampton St between Hampton St & Lisburn St in East Brisbane,27,0,,153.0409,-27.489758,4000759,18.25,800,"{""coordinates"": [153.0409, -27.489758000000005], ""type"": ""Point""}","-27.489758000000005, 153.0409",27
5432,TICKETLESS METER MULTISPACE,LOTUS ST,WOOLLOONGABBA,12,NONE,MON-FRI,7AM-7PM,"Zone 1, 15 min free",4.5,,Lotus St between Logan Rd and Hampton St in Woolloongabba,5,0,,153.040058,-27.490286,4000745,18.25,801,"{""coordinates"": [153.040058, -27.490286000000005], ""type"": ""Point""}","-27.490286000000005, 153.040058",5
5450,TICKETLESS METER MULTISPACE,THOMAS ST,WEST END,4,NONE,MON-FRI,8AM-5PM,"Zone 2, 15 min free",3.45,,Thomas St between Corbett St & Vulture St in West End,7,0,,153.011056,-27.481935,4000688,,802,"{""coordinates"": [153.011056, -27.481935000000014], ""type"": ""Point""}","-27.481935000000014, 153.011056",7
5451,TICKETLESS METER MULTISPACE,EDMONDSTONE ST,SOUTH BRISBANE,2,NONE,MON-FRI,7AM-7PM,"Zone 1, 15 min free",6.85,,Edmondstone St between Melbourne St & Boundary St in South Brisbane,4,0,,153.013263,-27.476204,4000598,,803,"{""coordinates"": [153.013263, -27.476204], ""type"": ""Point""}","-27.476204, 153.013263",4
5452,TICKETLESS METER MULTISPACE,EDMONDSTONE ST,SOUTH BRISBANE,2,NONE,MON-FRI,7AM-7PM,"Zone 1, 15 min free",6.85,,Edmondstone St between Boundary St & Melbourne St in South Brisbane,5,0,,153.013341,-27.47607,4000598,,804,"{""coordinates"": [153.013341, -27.476070000000004], ""type"": ""Point""}","-27.476070000000004, 153.013341",5
5453,TICKETLESS METER MULTISPACE,MANNING ST,SOUTH BRISBANE,2,NONE,MON-FRI,8AM-5PM,"Zone 1, 15 min free",6.85,,Manning St between Melbourne St & Boundary St in South Brisbane,11,0,,153.013888,-27.475193,4000618,,805,"{""coordinates"": [153.013888, -27.475192999999994], ""type"": ""Point""}","-27.475192999999994, 153.013888",11
5454,TICKETLESS METER MULTISPACE,MANNING ST,SOUTH BRISBANE,2,NONE,MON-FRI,8AM-5PM,"Zone 1, 15 min free",6.85,,Manning St between Melbourne St & Boundary St in South Brisbane,9,0,,153.013877,-27.47494,4000618,,806,"{""coordinates"": [153.013877, -27.47494000000001], ""type"": ""Point""}","-27.47494000000001, 153.013877",9
5455,PAY BY MOBILE APP ONLY,MELBOURNE ST,SOUTH BRISBANE,3,NIL,MON-FRI,7AM-7PM,"Zone 1, 15 min free",6.85,,Melbourne St between Manning St & Cordelia St in South Brisbane,2,0,,153.0141,-27.47623,4000909,,807,"{""coordinates"": [153.0141, -27.476229999999997], ""type"": ""Point""}","-27.476229999999997, 153.0141",2
5460,PAY BY MOBILE APP ONLY,CORDELIA ST,SOUTH BRISBANE,4,NONE,MON-FRI,7AM-7PM,"Zone 1, 15 min free",4.5,,Cordelia St between Cordelia St & Carpark in South Brisbane,41,0,,153.013342,-27.472354,4000604,,808,"{""coordinates"": [153.013342, -27.472354000000017], ""type"": ""Point""}","-27.472354000000017, 153.013342",41
5601,PAY BY MOBILE APP ONLY,KENT ST,WOOLLOONGABBA,3,NONE,MON-FRI,7AM-7PM,"Zone 3, 15 min free",3.45,,"Kent St End to Cornwall St, Woolloongabba",9,0,,153.029616,-27.499625,4000719,,809,"{""coordinates"": [153.029616, -27.499625000000012], ""type"": ""Point""}","-27.499625000000012, 153.029616",9
5604,TICKETLESS METER MULTISPACE,CORNWALL ST,WOOLLOONGABBA,1,NONE,MON-FRI,7AM-7PM,"Zone 3, 15 min free",3.45,,Cornwall St between Kent St & Ipswich Rd in Woolloongabba,12,0,,153.031749,-27.500454,4000755,,810,"{""coordinates"": [153.031749, -27.50045400000001], ""type"": ""Point""}","-27.50045400000001, 153.031749",12
5605,TICKETLESS METER MULTISPACE,CORNWALL ST,WOOLLOONGABBA,1,NONE,MON-FRI,7AM-7PM,"Zone 3, 15 min free",3.45,,Cornwall St between Kent St & Ipswich Rd in Woolloongabba,5,0,,153.03309,-27.500665,4000755,,811,"{""coordinates"": [153.03309, -27.500665], ""type"": ""Point""}","-27.500665, 153.03309",5
5607,TICKETLESS METER MULTISPACE,CORNWALL ST,ANNERLEY,2,NONE,MON-FRI,7AM-7PM,"Zone 3, 15 min free",3.45,,Cornwall St between Ipswich Rd & Ayr St in Annerley,14,0,,153.033488,-27.500843,4000711,,812,"{""coordinates"": [153.033488, -27.500842999999993], ""type"": ""Point""}","-27.500842999999993, 153.033488",14
5608,TICKETLESS METER MULTISPACE,CORNWALL ST,ANNERLEY,2,NONE,MON-FRI,7AM-7PM,"Zone 3, 15 min free",3.45,,Cornwall St between Ayr St & Rusk St in Annerley,11,0,,153.031411,-27.500561,4000711,,813,"{""coordinates"": [153.031411, -27.500560999999998], ""type"": ""Point""}","-27.500560999999998, 153.031411",11
5609,TICKETLESS METER MULTISPACE,BRISBANE ST,ANNERLEY,2,NONE,MON-FRI,7AM-7PM,"Zone 3, 15 min free",3.45,,Brisbane St between Rusk St & Ayr St in Annerley,19,0,,153.03117,-27.501118,4000710,,814,"{""coordinates"": [153.03117000000003, -27.501118000000012], ""type"": ""Point""}","-27.501118000000012, 153.03117000000003",19
5610,TICKETLESS METER MULTISPACE,BRISBANE ST,ANNERLEY,2,NONE,MON-FRI,7AM-7PM,"Zone 3, 15 min free",3.45,,Brisbane St between Ayr St & Ipswich Rd in Annerley,27,0,,153.032278,-27.501277,4000710,,815,"{""coordinates"": [153.032278, -27.501277000000005], ""type"": ""Point""}","-27.501277000000005, 153.032278",27
5611,TICKETLESS METER MULTISPACE,BRISBANE ST,ANNERLEY,2,NONE,MON-FRI,7AM-7PM,"Zone 3, 15 min free",3.45,,Brisbane St between Ayr St & Ipswich Rd in Annerley,26,0,,153.0337,-27.501471,4000710,,816,"{""coordinates"": [153.0337, -27.50147100000001], ""type"": ""Point""}","-27.50147100000001, 153.0337",26
5612,TICKETLESS METER MULTISPACE,BRISBANE ST,ANNERLEY,2,NONE,MON-FRI,7AM-7PM,"Zone 3, 15 min free",3.45,,Brisbane St between Ipswich Rd & Rusk St in Annerley,7,0,,153.034244,-27.501704,4000710,,817,"{""coordinates"": [153.034244, -27.501704000000014], ""type"": ""Point""}","-27.501704000000014, 153.034244",7
5613,TICKETLESS METER MULTISPACE,BRISBANE ST,ANNERLEY,2,NONE,MON-FRI,7AM-7PM,"Zone 3, 15 min free",3.45,,Brisbane St between Ipswich Rd & Rusk St in Annerley,7,0,,153.033107,-27.501559,4000710,,818,"{""coordinates"": [153.033107, -27.501559], ""type"": ""Point""}","-27.501559, 153.033107",7
5614,TICKETLESS METER MULTISPACE,BRISBANE ST,ANNERLEY,2,NONE,MON-FRI,7AM-7PM,"Zone 3, 15 min free",3.45,,Brisbane St between Ipswich Rd & Rusk St in Annerley,15,0,,153.02987,-27.501078,4000710,,819,"{""coordinates"": [153.02987, -27.501078000000007], ""type"": ""Point""}","-27.501078000000007, 153.02987",15
5618,TICKETLESS METER MULTISPACE,CARL ST,WOOLLOONGABBA,12,NONE,MON-FRI,7AM-7PM,"Zone 2, 15 min free",3.45,,,11,0,,153.037542,-27.50075,4000750,16.75,820,"{""coordinates"": [153.037542, -27.500750000000007], ""type"": ""Point""}","-27.500750000000007, 153.037542",11
5619,TICKETLESS METER MULTISPACE,TOTTENHAM ST,WOOLLOONGABBA,3,NONE,MON-FRI,8AM-5PM,"Zone 2, 15 min free",4.95,,Tottenham St between Carl St & Ipswich Rd in Woolloongabba,12,0,,153.036807,-27.500265,4000753,,821,"{""coordinates"": [153.036807, -27.500265], ""type"": ""Point""}","-27.500265, 153.036807",12
5620,TICKETLESS METER MULTISPACE,TOTTENHAM ST,WOOLLOONGABBA,3,NONE,MON-FRI,8AM-5PM,"Zone 2, 15 min free",4.95,,Tottenham St between Carl St & Ipswich Rd in Woolloongabba,12,0,,153.03596,-27.500136,4000753,,822,"{""coordinates"": [153.03596, -27.500135999999998], ""type"": ""Point""}","-27.500135999999998, 153.03596",12
5622,TICKETLESS METER MULTISPACE,WOLSELEY ST,WOOLLOONGABBA,12,NONE,MON-FRI,7AM-7PM,"Zone 2, 15 min free",3.45,,Wolseley St between Tottenham St & O'Keefe St in Woolloongabba,16,0,,153.036689,-27.498593,4000765,16.75,823,"{""coordinates"": [153.036689, -27.498593000000003], ""type"": ""Point""}","-27.498593000000003, 153.036689",16
5625,TICKETLESS METER MULTISPACE,WOLSELEY ST,WOOLLOONGABBA,4,NONE,MON-FRI,8AM-5PM,"Zone 2, 15 min free",3.45,,Wolseley St between O'Keefe St & Tottenham St in Woolloongabba,14,0,,153.036811,-27.498911,4000754,,824,"{""coordinates"": [153.036811, -27.498911000000014], ""type"": ""Point""}","-27.498911000000014, 153.036811",14
5626,TICKETLESS METER MULTISPACE,WOLSELEY ST,WOOLLOONGABBA,3,NONE,MON-FRI,8AM-5PM,"Zone 2, 15 min free",4.95,,Wolseley St between O'Keefe St & Tottenham St in Woolloongabba,17,0,,153.036616,-27.500064,4000766,,825,"{""coordinates"": [153.036616, -27.50006399999999], ""type"": ""Point""}","-27.50006399999999, 153.036616",17
5627,TICKETLESS METER MULTISPACE,CARL ST,WOOLLOONGABBA,12,NONE,MON-FRI,7AM-7PM,"Zone 2, 15 min free",3.45,,,12,0,,153.037653,-27.500138,4000750,16.75,826,"{""coordinates"": [153.03765300000003, -27.500138000000003], ""type"": ""Point""}","-27.500138000000003, 153.03765300000003",12
5628,TICKETLESS METER MULTISPACE,CARL ST,WOOLLOONGABBA,4,NONE,MON-FRI,8AM-5PM,"Zone 2, 15 min free",3.45,,Carl St between Tottenham St & O'Keefe St in Woolloongabba,8,0,,153.03785,-27.499016,4000751,,827,"{""coordinates"": [153.03785, -27.499016000000022], ""type"": ""Point""}","-27.499016000000022, 153.03785",8
5630,TICKETLESS METER MULTISPACE,CARL ST,WOOLLOONGABBA,4,NONE,MON-FRI,8AM-5PM,"Zone 2, 15 min free",3.45,,Carl St between O'Keefe St & Cornwall St in Woolloongabba,21,0,,153.03823,-27.497766,4000751,,828,"{""coordinates"": [153.03823, -27.497766000000016], ""type"": ""Point""}","-27.497766000000016, 153.03823",21
5631,TICKETLESS METER MULTISPACE,CARL ST,WOOLLOONGABBA,12,NONE,MON-FRI,7AM-7PM,"Zone 2, 15 min free",3.45,,,21,0,,153.037959,-27.499387,4000750,16.75,829,"{""coordinates"": [153.037959, -27.499387000000013], ""type"": ""Point""}","-27.499387000000013, 153.037959",21
5632,TICKETLESS METER MULTISPACE,REGENT ST,WOOLLOONGABBA,12,NONE,MON-FRI,7AM-7PM,"Zone 2, 15 min free",3.45,,Regent St between Cornwall St & End in Woolloongabba,19,0,,153.038656,-27.50134,4000752,16.75,830,"{""coordinates"": [153.038656, -27.50134], ""type"": ""Point""}","-27.50134, 153.038656",19
5634,TICKETLESS METER MULTISPACE,REGENT ST,WOOLLOONGABBA,12,NONE,MON-FRI,7AM-7PM,"Zone 2, 15 min free",3.45,,Regent St between End & Cornwall St in Woolloongabba,52,0,,153.039071,-27.499964,4000752,16.75,831,"{""coordinates"": [153.03907100000004, -27.499964000000006], ""type"": ""Point""}","-27.499964000000006, 153.03907100000004",52
5635,TICKETLESS METER MULTISPACE,HARROGATE ST,WOOLLOONGABBA,12,NONE,MON-FRI,7AM-7PM,"Zone 2, 15 min free",3.45,,Harrogate St between End & Ipswich Rd in Woolloongabba,15,0,,153.035525,-27.495936,4000749,16.75,832,"{""coordinates"": [153.035525, -27.495936000000004], ""type"": ""Point""}","-27.495936000000004, 153.035525",15
5637,PAY BY MOBILE APP ONLY,HARROGATE ST,WOOLLOONGABBA,12,NONE,MON-FRI,7AM-7PM,"Zone 2, 15 min free",3.45,,Harrogate St between Ipswich Rd & Bourne St in Woolloongabba,34,0,,153.03649,-27.495967,4000749,16.75,833,"{""coordinates"": [153.03649, -27.495967], ""type"": ""Point""}","-27.495967, 153.03649",34
5639,TICKETLESS METER MULTISPACE,MORRISSEY ST,WOOLLOONGABBA,12,NONE,MON-FRI,7AM-7PM,"Zone 2, 15 min free",3.45,,Reis St between Morressy St & End in Woolloongabba,5,0,,153.035526,-27.494643,4000748,16.75,834,"{""coordinates"": [153.035526, -27.494643000000007], ""type"": ""Point""}","-27.494643000000007, 153.035526",5
5700,TICKETLESS METER MULTISPACE,CORDELIA ST,SOUTH BRISBANE,12,NONE,MON-FRI,7AM-7PM,"Zone 1, 15 min free",4.5,,Cordelia St between Peel St & Boundary St in South Brisbane,6,0,,153.01392,-27.4733,4000617,18.25,835,"{""coordinates"": [153.01392, -27.473300000000016], ""type"": ""Point""}","-27.473300000000016, 153.01392",6
5701,TICKETLESS METER MULTISPACE,BOUNDARY ST,SOUTH BRISBANE,4,NONE,MON-FRI,8AM-5PM,"Zone 1, 15 min free",4.5,,Boundary St between Brereton St & Peel St in South Brisbane,7,0,,153.01312,-27.47505,4000657,,836,"{""coordinates"": [153.01312, -27.47504999999999], ""type"": ""Point""}","-27.47504999999999, 153.01312",7
5702,TICKETLESS METER MULTISPACE,BOUNDARY ST,SOUTH BRISBANE,12,NONE,MON-FRI,7AM-7PM,"Zone 1, 15 min free",4.5,,Boundary St between Brereton St & Montague Rd in South Brisbane,17,0,,153.01341,-27.47352,4000616,18.25,837,"{""coordinates"": [153.01341, -27.473520000000022], ""type"": ""Point""}","-27.473520000000022, 153.01341",17
5703,TICKETLESS METER MULTISPACE,BOUNDARY ST,SOUTH BRISBANE,12,NONE,MON-FRI,7AM-7PM,"Zone 1, 15 min free",4.5,,Boundary St between Manning St & Edmondstone St in South Brisbane,6,0,,153.01324,-27.47495,4000620,18.25,838,"{""coordinates"": [153.01324, -27.47495], ""type"": ""Point""}","-27.47495, 153.01324",6
5704,PAY BY MOBILE APP ONLY,CORDELIA ST,SOUTH BRISBANE,3,"NO STOPPING 7AM-9AM,4PM-6PM MON-FRI TOWAWAY",MON-FRI,9AM-4PM,"Zone 1, 15 min free",6.85,,Cordelia St between Melbourne St & Peel St in South Brisbane,11,0,,153.015166,-27.475132,4000619,,839,"{""coordinates"": [153.015166, -27.47513200000001], ""type"": ""Point""}","-27.47513200000001, 153.015166",11
5705,PAY BY MOBILE APP ONLY,PEEL ST,SOUTH BRISBANE,3,NONE,MON-FRI,7AM-7PM,"Zone 1, 15 min free",6.85,,Peel St between Boundary St & Cordelia St in South Brisbane,2,0,,153.01366,-27.47417,4000853,,840,"{""coordinates"": [153.01366, -27.474170000000022], ""type"": ""Point""}","-27.474170000000022, 153.01366",2
5118,TICKETLESS METER MULTISPACE,NORFOLK RD,SOUTH BRISBANE,12,NONE,MON-FRI,7AM-7PM,"Zone 1, 15 min free",4.5,,Norfolk Rd between Boundary St & Montague Rd in South Brisbane,14,0,,153.010929,-27.475052,4000613,18.25,841,"{""coordinates"": [153.010929, -27.475051999999998], ""type"": ""Point""}","-27.475051999999998, 153.010929",14
5120,PAY BY MOBILE APP ONLY,BRERETON ST,SOUTH BRISBANE,12,NONE,MON-FRI,7AM-7PM,"Zone 1, 15 min free",4.5,,Brereton St between Boundary St & Montague Rd in South Brisbane,8,0,,153.011742,-27.47462,4000611,18.25,842,"{""coordinates"": [153.011742, -27.474619999999994], ""type"": ""Point""}","-27.474619999999994, 153.011742",8
5121,TICKETLESS METER MULTISPACE,BRERETON ST,SOUTH BRISBANE,4,NONE,MON-FRI,8AM-5PM,"Zone 1, 15 min free",4.5,,Brereton St between Boundary St & Montague Rd in South Brisbane,13,0,,153.012587,-27.475386,4000615,,843,"{""coordinates"": [153.012587, -27.475385999999993], ""type"": ""Point""}","-27.475385999999993, 153.012587",13
5122,TICKETLESS METER MULTISPACE,BRERETON ST,SOUTH BRISBANE,4,NONE,MON-FRI,8AM-5PM,"Zone 1, 15 min free",4.5,,Brereton St between Montague Rd & Boundary St in South Brisbane,7,0,,153.012528,-27.475141,4000615,,844,"{""coordinates"": [153.012528, -27.475140999999994], ""type"": ""Point""}","-27.475140999999994, 153.012528",7
5126,PAY BY MOBILE APP ONLY,HOPE ST,SOUTH BRISBANE,12,NONE,MON-FRI,7AM-7PM,"Zone 1, 15 min free",4.5,,Hope St between Montague Rd & Peel St in South Brisbane,6,0,,153.015445,-27.471486,4000601,18.25,845,"{""coordinates"": [153.01544500000003, -27.471485999999995], ""type"": ""Point""}","-27.471485999999995, 153.01544500000003",6
5127,TICKETLESS METER MULTISPACE,HOPE ST,SOUTH BRISBANE,12,NONE,MON-FRI,7AM-7PM,"Zone 1, 15 min free",4.5,,Hope St between Montague Rd & Peel St in South Brisbane,3,0,,153.016137,-27.472467,4000601,18.25,846,"{""coordinates"": [153.016137, -27.472467000000005], ""type"": ""Point""}","-27.472467000000005, 153.016137",3
5128,TICKETLESS METER MULTISPACE,HOPE ST,SOUTH BRISBANE,3,NONE,MON-FRI,7AM-7PM,"Zone 1, 15 min free",6.85,,Hope St between Montague Rd & Peel St in South Brisbane,9,0,,153.016637,-27.473463,4000847,,847,"{""coordinates"": [153.016637, -27.473463], ""type"": ""Point""}","-27.473463, 153.016637",9
5129,TICKETLESS METER MULTISPACE,MONTAGUE RD,WEST END,4,NONE,MON-FRI,7AM-7PM,"Zone 1, 15 min free",4.5,,Montague Rd between Skinner St & Vulture St in West End,2,0,,153.004128,-27.482068,4000702,,848,"{""coordinates"": [153.004128, -27.482068000000005], ""type"": ""Point""}","-27.482068000000005, 153.004128",2
5130,TICKETLESS METER MULTISPACE,CLARENCE ST,SOUTH BRISBANE,12,NONE,MON-FRI,7AM-7PM,"Zone 1, 15 min free",4.5,,Clarence St between Stephens Rd & Annerley Rd in South Brisbane,6,0,,153.025862,-27.487379,4000644,18.25,849,"{""coordinates"": [153.025862, -27.48737900000001], ""type"": ""Point""}","-27.48737900000001, 153.025862",6
5131,TICKETLESS METER MULTISPACE,CLARENCE ST,SOUTH BRISBANE,12,NONE,MON-FRI,7AM-7PM,"Zone 1, 15 min free",4.5,,Clarence St between Stephens Rd & Annerley Rd in South Brisbane,18,0,,153.027291,-27.487503,4000644,18.25,850,"{""coordinates"": [153.027291, -27.487502999999993], ""type"": ""Point""}","-27.487502999999993, 153.027291",18
5132,TICKETLESS METER MULTISPACE,CLARENCE ST,SOUTH BRISBANE,12,NONE,MON-FRI,7AM-7PM,"Zone 1, 15 min free",4.5,,Clarence St between Stephens Rd & Annerley Rd in South Brisbane,4,0,,153.028225,-27.487645,4000644,18.25,851,"{""coordinates"": [153.028225, -27.487645000000022], ""type"": ""Point""}","-27.487645000000022, 153.028225",4
5133,TICKETLESS METER MULTISPACE,CROWN ST,SOUTH BRISBANE,12,NONE,MON-FRI,7AM-7PM,"Zone 1, 15 min free",4.5,,Crown St between Stephens Rd & Annerley Rd in South Brisbane,4,0,,153.027042,-27.488156,4000645,18.25,852,"{""coordinates"": [153.027042, -27.488156000000007], ""type"": ""Point""}","-27.488156000000007, 153.027042",4
5134,TICKETLESS METER MULTISPACE,CROWN ST,SOUTH BRISBANE,12,NONE,MON-FRI,7AM-7PM,"Zone 1, 15 min free",4.5,,Crown St between Annerley Rd & Stephens Rd in South Brisbane,6,0,,153.02643,-27.488154,4000645,18.25,853,"{""coordinates"": [153.02643, -27.488153999999998], ""type"": ""Point""}","-27.488153999999998, 153.02643",6
5135,TICKETLESS METER MULTISPACE,STEPHENS RD,SOUTH BRISBANE,12,NONE,MON-FRI,7AM-7PM,"Zone 1, 15 min free",4.5,,Stephens Rd between Gloucester St and Annerley Rd in South Brisbane,4,0,,153.026362,-27.488937,4000646,18.25,854,"{""coordinates"": [153.026362, -27.48893699999999], ""type"": ""Point""}","-27.48893699999999, 153.026362",4
5136,TICKETLESS METER MULTISPACE,GLOUCESTER ST,SOUTH BRISBANE,4,NONE,MON-FRI,8AM-5PM,"Zone 1, 15 min free",4.5,,Gloucester St between Annerley Rd & Stephens Rd in South Brisbane,6,0,,153.027417,-27.489035,4000837,,855,"{""coordinates"": [153.02741700000004, -27.489035000000023], ""type"": ""Point""}","-27.489035000000023, 153.02741700000004",6
5137,PAY BY MOBILE APP ONLY,MERIVALE ST,SOUTH BRISBANE,3,CLEARWAY 7AM-9AM & 4PM-7PM MON-FRI TOWAWAY,MON-FRI,9AM-4PM,"Zone 1, 15 min free",6.85,,Merivale St between Russell St & Glenelg St in South Brisbane,2,0,,153.018457,-27.478005,4000854,,856,"{""coordinates"": [153.018457, -27.478004999999996], ""type"": ""Point""}","-27.478004999999996, 153.018457",2
5138,PAY BY MOBILE APP ONLY,CROWN ST,SOUTH BRISBANE,3,NONE,MON-FRI,8AM-5PM,"Zone 1, 15 min free",6.85,,Crown St between Stephens Rd & Annerley Rd in South Brisbane,5,0,,153.027952,-27.488292,4000838,,857,"{""coordinates"": [153.027952, -27.48829200000001], ""type"": ""Point""}","-27.48829200000001, 153.027952",5
5139,TICKETLESS METER MULTISPACE,WATER ST,SOUTH BRISBANE,3,NO STOPPING 4PM-7PM MON-FRI,MON-FRI,7AM-4PM,"Zone 1, 15 min free",6.85,,Water St between End & Allen St in Woolloongabba,9,0,,153.029495,-27.484532,4000655,,858,"{""coordinates"": [153.029495, -27.484532], ""type"": ""Point""}","-27.484532, 153.029495",9
5140,TICKETLESS METER MULTISPACE,VULTURE ST,SOUTH BRISBANE,3,CLEARWAY 4PM-7PM MON-FRI TOWAWAY,MON-FRI,7AM-4PM,"Zone 1, 15 min free",6.85,,Vulture St between Stanley St & Allen St in Woolloongabba,5,0,,153.029324,-27.483634,4000651,,859,"{""coordinates"": [153.029324, -27.483634000000013], ""type"": ""Point""}","-27.483634000000013, 153.029324",5
5141,TICKETLESS METER MULTISPACE,VULTURE ST,SOUTH BRISBANE,3,CLEARWAY 4PM-7PM MON-FRI TOWAWAY,MON-FRI,7AM-4PM,"Zone 1, 15 min free",6.85,,Vulture St between Christie St & Leopard St in Woolloongabba,10,0,,153.028823,-27.483427,4000651,,860,"{""coordinates"": [153.028823, -27.48342700000001], ""type"": ""Point""}","-27.48342700000001, 153.028823",10
5142,TICKETLESS METER MULTISPACE,VULTURE ST,SOUTH BRISBANE,3,CLEARWAY 4PM-7PM MON-FRI TOWAWAY,MON-FRI,7AM-4PM,"Zone 1, 15 min free",6.85,,Vulture St between Christie St & Leopard St in Woolloongabba,11,0,,153.027587,-27.483231,4000651,,861,"{""coordinates"": [153.027587, -27.483230999999996], ""type"": ""Point""}","-27.483230999999996, 153.027587",11
5143,TICKETLESS METER MULTISPACE,DOCK ST,SOUTH BRISBANE,4,NONE,7 DAYS,"7AM-7PM,7PM-10PM(MON-FRI),7AM-7PM(SAT,SUN)","Zone 1, 15 min free",4.5,2.55,Dock St between Vulture St & Little Dock St in Woolloongabba,6,0,,153.026606,-27.482634,4000650,,862,"{""coordinates"": [153.02660600000002, -27.482634000000004], ""type"": ""Point""}","-27.482634000000004, 153.02660600000002",6
5144,PAY BY MOBILE APP ONLY,HOPE ST,SOUTH BRISBANE,3,NONE,MON-FRI,7AM-7PM,"Zone 1, 15 min free",6.85,,Hope Street between Montague Rd and Peel St in South Brisbane,11,0,,153.015815,-27.472014,4000847,,863,"{""coordinates"": [153.015815, -27.472013999999994], ""type"": ""Point""}","-27.472013999999994, 153.015815",11
5145,TICKETLESS METER MULTISPACE,DOCK ST,SOUTH BRISBANE,4,NONE,7 DAYS,"7AM-7PM,7PM-10PM(MON-FRI),7AM-7PM(SAT,SUN)","Zone 1, 15 min free",4.5,2.55,Dock St between Vulture St & Little Dock St in Woolloongabba,3,0,,153.026972,-27.482546,4000650,,864,"{""coordinates"": [153.026972, -27.48254600000001], ""type"": ""Point""}","-27.48254600000001, 153.026972",3
5146,TICKETLESS METER MULTISPACE,LOWER RIVER TCE,SOUTH BRISBANE,4,NONE,7 DAYS,"7AM-7PM,7PM-10PM(MON-FRI),7AM-7PM(SAT,SUN)","Zone 1, 15 min free",4.5,2.55,Lower River Tce between Dock St & Ellis St in Woolloongabba,14,0,,153.028741,-27.482231,4000650,,865,"{""coordinates"": [153.02874100000002, -27.482230999999988], ""type"": ""Point""}","-27.482230999999988, 153.02874100000002",14
5147,TICKETLESS METER MULTISPACE,LOWER RIVER TCE,SOUTH BRISBANE,4,NONE,7 DAYS,"7AM-7PM,7PM-10PM(MON-FRI),7AM-7PM(SAT,SUN)","Zone 1, 15 min free",4.5,2.55,Lower River Tce between Stanley St & Ellis St in Woolloongabba,26,0,,153.029252,-27.482301,4000650,,866,"{""coordinates"": [153.029252, -27.48230100000001], ""type"": ""Point""}","-27.48230100000001, 153.029252",26
5148,TICKETLESS METER MULTISPACE,LOWER RIVER TCE,SOUTH BRISBANE,4,NONE,7 DAYS,"7AM-7PM,7PM-10PM(MON-FRI),7AM-7PM(SAT,SUN)","Zone 1, 15 min free",4.5,2.55,Lower River Tce between Stanley St & Ellis St in Woolloongabba,7,0,,153.029137,-27.482448,4000650,,867,"{""coordinates"": [153.029137, -27.482448000000005], ""type"": ""Point""}","-27.482448000000005, 153.029137",7
5149,TICKETLESS METER MULTISPACE,LOWER RIVER TCE,SOUTH BRISBANE,4,NONE,7 DAYS,"7AM-7PM,7PM-10PM(MON-FRI),7AM-7PM(SAT,SUN)","Zone 1, 15 min free",4.5,2.55,Lower River Tce between Stanley St & Ellis St in Woolloongabba,12,0,,153.028262,-27.482264,4000650,,868,"{""coordinates"": [153.028262, -27.482264000000015], ""type"": ""Point""}","-27.482264000000015, 153.028262",12
5150,TICKETLESS METER MULTISPACE,LOGAN RD,WOOLLOONGABBA,3,NONE,MON-FRI,7AM-7PM,"Zone 1, 15 min free",6.85,,Lower River Tce between Stanley St & Ellis St in Woolloongabba,11,0,,153.038111,-27.488694,4000836,,869,"{""coordinates"": [153.038111, -27.488693999999995], ""type"": ""Point""}","-27.488693999999995, 153.038111",11
5159,TICKETLESS METER MULTISPACE,STANLEY ST,WOOLLOONGABBA,2,NONE,MON-FRI,7AM-7PM,"Zone 1, 15 min free",6.85,,Stanley St between Leopard St & Main St in Woolloongabba,3,0,,153.035038,-27.486478,4000731,,870,"{""coordinates"": [153.035038, -27.486477999999988], ""type"": ""Point""}","-27.486477999999988, 153.035038",3
5161,TICKETLESS METER MULTISPACE,GIBBON ST,WOOLLOONGABBA,2,NONE,MON-FRI,7AM-7PM,"Zone 1, 15 min free",6.85,,Stanley St between Ipswich Rd & Gibbon St in Woolloongabba,3,0,,153.035293,-27.486525,4000731,,871,"{""coordinates"": [153.035293, -27.486525000000018], ""type"": ""Point""}","-27.486525000000018, 153.035293",3
5162,TICKETLESS METER MULTISPACE,HUBERT ST,WOOLLOONGABBA,4,NONE,MON-FRI,7AM-7PM,"Zone 1, 15 min free",4.5,,Hubert St between Hawthorne St & Stanley St in Woolloongabba,11,0,,153.034148,-27.486842,4000729,,872,"{""coordinates"": [153.034148, -27.486842], ""type"": ""Point""}","-27.486842, 153.034148",11
5163,TICKETLESS METER MULTISPACE,IPSWICH RD,WOOLLOONGABBA,2,"CLEARWAY 7AM-9AM,4PM-7PM MON-FRI TOWAWAY",MON-FRI,9AM-4PM,"Zone 1, 15 min free",6.85,,Ipswich Rd between Stanley St & Balaclava St in Woolloongabba,14,0,,153.03609,-27.487403,4000733,,873,"{""coordinates"": [153.03609, -27.487403000000004], ""type"": ""Point""}","-27.487403000000004, 153.03609",14
5164,TICKETLESS METER MULTISPACE,JURGENS ST,WOOLLOONGABBA,12,NONE,MON-FRI,7AM-7PM,"Zone 1, 15 min free",4.5,,Jurgens St between Balaclava St & Logan Rd in Woolloongabba,6,0,,153.036818,-27.488479,4000736,18.25,874,"{""coordinates"": [153.036818, -27.488479000000012], ""type"": ""Point""}","-27.488479000000012, 153.036818",6
5165,TICKETLESS METER MULTISPACE,LOGAN RD,WOOLLOONGABBA,12,NONE,MON-FRI,7AM-7PM,"Zone 1, 15 min free",4.5,,Logan Rd between Nile St & Wellington Rd in Woolloongabba,15,0,,153.038311,-27.489031,4000738,18.25,875,"{""coordinates"": [153.03831099999996, -27.489031000000004], ""type"": ""Point""}","-27.489031000000004, 153.03831099999996",15
5166,PAY BY MOBILE APP ONLY,LOGAN RD,WOOLLOONGABBA,3,NONE,MON-FRI,7AM-7PM,"Zone 2, 15 min free",4.95,,Logan Rd between Lotus St and Deshon St in Woolloongabba,4,0,,153.040362,-27.490906,4000746,,876,"{""coordinates"": [153.040362, -27.490906000000013], ""type"": ""Point""}","-27.490906000000013, 153.040362",4
5167,PAY BY MOBILE APP ONLY,LOGAN RD,WOOLLOONGABBA,3,NO STOPPING 7AM-9AM MON-FRI,MON-FRI,9AM-7PM,"Zone 1, 15 min free",6.85,,Logan Rd between Qualtrough St & Balaclava St in Woolloongabba,13,0,,153.039999,-27.490831,4000744,,877,"{""coordinates"": [153.039999, -27.490830999999996], ""type"": ""Point""}","-27.490830999999996, 153.039999",13
5169,TICKETLESS METER MULTISPACE,LOGAN RD,WOOLLOONGABBA,12,NONE,MON-FRI,7AM-7PM,"Zone 1, 15 min free",4.5,,Logan Rd between Balaclava St & Walker St in Woolloongabba,11,0,,153.038479,-27.489686,4000738,18.25,878,"{""coordinates"": [153.038479, -27.489686], ""type"": ""Point""}","-27.489686, 153.038479",11
5170,TICKETLESS METER MULTISPACE,LOGAN RD,WOOLLOONGABBA,3,NONE,MON-FRI,7AM-7PM,"Zone 1, 15 min free",6.85,,Logan Rd between Walker St & Jurgens St in Woolloongabba,24,0,,153.037946,-27.488831,4000836,,879,"{""coordinates"": [153.037946, -27.488831000000005], ""type"": ""Point""}","-27.488831000000005, 153.037946",24
5171,TICKETLESS METER MULTISPACE,JURGENS ST,WOOLLOONGABBA,12,NONE,MON-FRI,7AM-7PM,"Zone 1, 15 min free",4.5,,Jurgens St between Balaclava St & Logan Rd in Woolloongabba,8,0,,153.036613,-27.48922,4000736,18.25,880,"{""coordinates"": [153.036613, -27.48921999999999], ""type"": ""Point""}","-27.48921999999999, 153.036613",8
5172,TICKETLESS METER MULTISPACE,WALKER ST,WOOLLOONGABBA,12,NONE,MON-FRI,7AM-7PM,"Zone 1, 15 min free",4.5,,Walker St between Jurgens St & Logan Rd in Woolloongabba,11,0,,153.037542,-27.489479,4000737,18.25,881,"{""coordinates"": [153.037542, -27.489478999999996], ""type"": ""Point""}","-27.489478999999996, 153.037542",11
5173,TICKETLESS METER MULTISPACE,GRAHAM ST,SOUTH BRISBANE,4,"LOADING ZONE 7AM-9AM,2PM-4PM SCHOOL DAYS ONLY",MON-FRI,9AM-2PM,"Zone 1, 15 min free",4.5,,Graham St between End & Vulture St in Woolloongabba,10,0,,153.025408,-27.484073,4000649,,882,"{""coordinates"": [153.02540799999997, -27.48407299999999], ""type"": ""Point""}","-27.48407299999999, 153.02540799999997",10
5176,TICKETLESS METER MULTISPACE,GRAHAM ST,SOUTH BRISBANE,12,NONE,MON-FRI,7AM-7PM,"Zone 1, 15 min free",4.5,,Graham St between Raymond Tce & End in Woolloongabba,4,0,,153.025496,-27.484359,4000648,18.25,883,"{""coordinates"": [153.025496, -27.484359000000005], ""type"": ""Point""}","-27.484359000000005, 153.025496",4
5179,TICKETLESS METER MULTISPACE,HEASLOP ST,WOOLLOONGABBA,2,NONE,MON-FRI,8AM-5PM,"Zone 1, 15 min free",6.85,,Heaslop St between Merton Rd & Annerley Rd in Woolloongabba,9,0,,153.028756,-27.488703,4000826,,884,"{""coordinates"": [153.028756, -27.488703000000005], ""type"": ""Point""}","-27.488703000000005, 153.028756",9
5180,TICKETLESS METER MULTISPACE,HEASLOP ST,WOOLLOONGABBA,4,NONE,MON-FRI,8AM-5PM,"Zone 1, 15 min free",4.5,,Heaslop St between Merton Rd & Annerley Rd in Woolloongabba,7,0,,153.029886,-27.488894,4000725,,885,"{""coordinates"": [153.029886, -27.488894], ""type"": ""Point""}","-27.488894, 153.029886",7
5181,TICKETLESS METER MULTISPACE,HEASLOP ST,WOOLLOONGABBA,4,NONE,MON-FRI,8AM-5PM,"Zone 1, 15 min free",4.5,,Heaslop St between Annerley Rd & Merton Rd in Woolloongabba,9,0,,153.029554,-27.488751,4000725,,886,"{""coordinates"": [153.029554, -27.488750999999993], ""type"": ""Point""}","-27.488750999999993, 153.029554",9
5182,TICKETLESS METER MULTISPACE,CATHERINE ST,WOOLLOONGABBA,4,NONE,MON-FRI,8AM-5PM,"Zone 1, 15 min free",4.5,,Catherine St between Merton Rd & Annerley Rd in Woolloongabba,10,0,,153.029417,-27.488003,4000724,,887,"{""coordinates"": [153.029417, -27.48800300000001], ""type"": ""Point""}","-27.48800300000001, 153.029417",10
5184,TICKETLESS METER MULTISPACE,CATHERINE ST,WOOLLOONGABBA,4,NONE,MON-FRI,8AM-5PM,"Zone 1, 15 min free",4.5,,Catherine St between Annerley Rd & Merton Rd in Woolloongabba,10,0,,153.029699,-27.487946,4000724,,888,"{""coordinates"": [153.029699, -27.487946000000015], ""type"": ""Point""}","-27.487946000000015, 153.029699",10
5185,TICKETLESS METER MULTISPACE,MERTON RD,WOOLLOONGABBA,4,NONE,MON-FRI,8AM-5PM,"Zone 1, 15 min free",4.5,,Merton Rd between Catherine St & Stanley St in Woolloongabba,13,0,,153.03046,-27.486865,4000723,,889,"{""coordinates"": [153.03046000000003, -27.48686499999999], ""type"": ""Point""}","-27.48686499999999, 153.03046000000003",13
5188,TICKETLESS METER MULTISPACE,MERTON RD,WOOLLOONGABBA,4,NONE,MON-FRI,8AM-5PM,"Zone 1, 15 min free",4.5,,Merton Rd between Stanley St & Hawthorne St in Woolloongabba,10,0,,153.03061,-27.486944,4000723,,890,"{""coordinates"": [153.03061, -27.486944000000022], ""type"": ""Point""}","-27.486944000000022, 153.03061",10
5189,TICKETLESS METER MULTISPACE,HAWTHORNE ST,WOOLLOONGABBA,12,NONE,MON-FRI,7AM-7PM,"Zone 1, 15 min free",4.5,,Hawthorne St between Merton St & Trinity Lane in Woolloongabba,16,0,,153.030828,-27.487775,4000727,18.25,891,"{""coordinates"": [153.030828, -27.487775], ""type"": ""Point""}","-27.487775, 153.030828",16
5190,TICKETLESS METER MULTISPACE,HAWTHORNE ST,WOOLLOONGABBA,12,NONE,MON-FRI,7AM-7PM,"Zone 1, 15 min free",4.5,,Hawthorne St between Trinity Lane & Reid St in Woolloongabba,9,0,,153.03202,-27.48796,4000727,18.25,892,"{""coordinates"": [153.03202, -27.487959999999994], ""type"": ""Point""}","-27.487959999999994, 153.03202",9
5191,TICKETLESS METER MULTISPACE,HAWTHORNE ST,WOOLLOONGABBA,12,NONE,MON-FRI,7AM-7PM,"Zone 1, 15 min free",4.5,,Hawthorne St between Reid St & Hubert St in Woolloongabba,15,0,,153.033186,-27.488104,4000727,18.25,893,"{""coordinates"": [153.033186, -27.488104000000003], ""type"": ""Point""}","-27.488104000000003, 153.033186",15
5192,TICKETLESS METER MULTISPACE,HAWTHORNE ST,WOOLLOONGABBA,4,NONE,MON-FRI,7AM-7PM,"Zone 1, 15 min free",4.5,,Hawthorne St between Hubert St & Gibbon St in Woolloongabba,16,0,,153.033986,-27.488237,4000729,,894,"{""coordinates"": [153.033986, -27.488236999999994], ""type"": ""Point""}","-27.488236999999994, 153.033986",16
5193,TICKETLESS METER MULTISPACE,HAWTHORNE ST,WOOLLOONGABBA,12,NONE,MON-FRI,7AM-7PM,"Zone 1, 15 min free",4.5,,Hawthorne St between Hubert St & Reid St in Woolloongabba,27,0,,153.033172,-27.488253,4000727,18.25,895,"{""coordinates"": [153.033172, -27.488253000000007], ""type"": ""Point""}","-27.488253000000007, 153.033172",27
5194,TICKETLESS METER MULTISPACE,HAWTHORNE ST,WOOLLOONGABBA,12,NONE,MON-FRI,7AM-7PM,"Zone 1, 15 min free",4.5,,Hawthorne St between Fleurs St & Merton Rd in Woolloongabba,11,0,,153.032239,-27.488126,4000727,18.25,896,"{""coordinates"": [153.03223899999998, -27.48812599999999], ""type"": ""Point""}","-27.48812599999999, 153.03223899999998",11
5196,TICKETLESS METER MULTISPACE,TRINITY LN,WOOLLOONGABBA,4,NONE,MON-FRI,8AM-5PM,"Zone 1, 15 min free",4.5,,Trinity Lane between Hawthorne St & Stanley St in Woolloongabba,14,0,,153.031073,-27.487063,4000722,,897,"{""coordinates"": [153.031073, -27.48706300000001], ""type"": ""Point""}","-27.48706300000001, 153.031073",14
5197,TICKETLESS METER MULTISPACE,REID ST,WOOLLOONGABBA,12,NONE,MON-FRI,7AM-7PM,"Zone 1, 15 min free",4.5,,Reid St between Hawthorne St & Stanley St in Woolloongabba,9,0,,153.033051,-27.487251,4000728,18.25,898,"{""coordinates"": [153.033051, -27.48725099999999], ""type"": ""Point""}","-27.48725099999999, 153.033051",9
5198,TICKETLESS METER MULTISPACE,REID ST,WOOLLOONGABBA,12,NONE,MON-FRI,7AM-7PM,"Zone 1, 15 min free",4.5,,Reid St between Stanley St & Hawthorne St in Woolloongabba,15,0,,153.033216,-27.486849,4000728,18.25,899,"{""coordinates"": [153.03321600000004, -27.486849000000003], ""type"": ""Point""}","-27.486849000000003, 153.03321600000004",15
5199,TICKETLESS METER MULTISPACE,HUBERT ST,WOOLLOONGABBA,4,NONE,MON-FRI,7AM-7PM,"Zone 1, 15 min free",4.5,,Hubert St between Hawthorne St & Stanley St in Woolloongabba,11,0,,153.034118,-27.487432,4000729,,900,"{""coordinates"": [153.034118, -27.48743199999999], ""type"": ""Point""}","-27.48743199999999, 153.034118",11
5200,TICKETLESS METER MULTISPACE,MERTON RD,WOOLLOONGABBA,4,NONE,MON-FRI,7AM-7PM,"Zone 1, 15 min free",4.5,,Merton Rd between Stanley St & End in Woolloongabba,21,0,,153.03094,-27.485582,4000721,,901,"{""coordinates"": [153.03094, -27.485582000000004], ""type"": ""Point""}","-27.485582000000004, 153.03094",21
5201,TICKETLESS METER MULTISPACE,HOLMAN ST,KANGAROO POINT,4,NONE,MON-FRI,8AM-5PM,"Zone 1, 15 min free",4.5,,Holman St between End & End in Kangaroo Point,16,0,,153.034903,-27.465739,4000817,,902,"{""coordinates"": [153.034903, -27.465738999999992], ""type"": ""Point""}","-27.465738999999992, 153.034903",16
5202,TICKETLESS METER MULTISPACE,ANNIE ST,KANGAROO POINT,4,JAZZ CLUB AUTHORISED VEHICLES EXCEPTED 5:30PM-12AM,MON-FRI,8AM-5:30PM,"Zone 1, 15 min free",4.5,,Annie St between End & Holman St in Kangaroo Point,16,0,,153.034361,-27.466415,4000815,,903,"{""coordinates"": [153.034361, -27.46641500000002], ""type"": ""Point""}","-27.46641500000002, 153.034361",16
5203,TICKETLESS METER MULTISPACE,HOLMAN ST,KANGAROO POINT,4,NONE,MON-FRI,8AM-5PM,"Zone 1, 15 min free",4.5,,Holman St between Main St & End in Kangaroo Point,19,0,,153.035992,-27.465781,4000817,,904,"{""coordinates"": [153.035992, -27.465781000000007], ""type"": ""Point""}","-27.465781000000007, 153.035992",19
5205,TICKETLESS METER MULTISPACE,HOLMAN ST,KANGAROO POINT,12,NONE,MON-FRI,7AM-7PM,"Zone 1, 15 min free",4.5,,Holman St between Main St & End in Kangaroo Point,4,0,,153.034961,-27.465893,4000816,18.25,905,"{""coordinates"": [153.034961, -27.46589299999999], ""type"": ""Point""}","-27.46589299999999, 153.034961",4
5206,TICKETLESS METER MULTISPACE,MAIN ST,KANGAROO POINT,12,NONE,MON-FRI,7AM-7PM,"Zone 1, 15 min free",4.5,,Main St between Holman St & Cnr Of Main St And Holman St in Kangaroo Point,12,0,,153.035415,-27.465909,4000816,18.25,906,"{""coordinates"": [153.035415, -27.465909000000003], ""type"": ""Point""}","-27.465909000000003, 153.035415",12
5208,TICKETLESS METER MULTISPACE,MAIN ST,KANGAROO POINT,4,NONE,MON-FRI,8AM-5PM,"Zone 1, 15 min free",4.5,,Main St between Holman St & Wharf St in Kangaroo Point,6,0,,153.035441,-27.466691,4000811,,907,"{""coordinates"": [153.03544100000002, -27.46669099999999], ""type"": ""Point""}","-27.46669099999999, 153.03544100000002",6
5209,TICKETLESS METER MULTISPACE,MAIN ST,KANGAROO POINT,4,NONE,MON-FRI,8AM-5PM,"Zone 1, 15 min free",4.5,,Main St between Holman St & Wharf St in Kangaroo Point,8,0,,153.035442,-27.467366,4000811,,908,"{""coordinates"": [153.035442, -27.467366000000013], ""type"": ""Point""}","-27.467366000000013, 153.035442",8
5210,TICKETLESS METER MULTISPACE,MAIN ST,KANGAROO POINT,3,NONE,MON-FRI,8AM-5PM,"Zone 1, 15 min free",6.85,,Main St between Wharf St & Baldon St in Kangaroo Point,2,0,,153.035467,-27.468452,4000810,,909,"{""coordinates"": [153.03546699999998, -27.468452000000006], ""type"": ""Point""}","-27.468452000000006, 153.03546699999998",2
5211,TICKETLESS METER MULTISPACE,MAIN ST,KANGAROO POINT,3,NONE,MON-FRI,8AM-5PM,"Zone 1, 15 min free",6.85,,Main St between Baldon St & Rotherham St in Kangaroo Point,5,0,,153.035483,-27.468706,4000810,,910,"{""coordinates"": [153.03548299999997, -27.46870600000002], ""type"": ""Point""}","-27.46870600000002, 153.03548299999997",5
5213,TICKETLESS METER MULTISPACE,MAIN ST,KANGAROO POINT,12,NONE,MON-FRI,7AM-7PM,"Zone 1, 15 min free",4.5,,Main St between Rotherham St & Scott St in Kangaroo Point,4,0,,153.035513,-27.469712,4000806,18.25,911,"{""coordinates"": [153.035513, -27.469712], ""type"": ""Point""}","-27.469712, 153.035513",4
5214,TICKETLESS METER MULTISPACE,MAIN ST,KANGAROO POINT,4,NONE,MON-FRI,8AM-5PM,"Zone 1, 15 min free",4.5,,Main St between Scott St & Bright St in Kangaroo Point,8,0,,153.035358,-27.469875,4000805,,912,"{""coordinates"": [153.035358, -27.46987500000001], ""type"": ""Point""}","-27.46987500000001, 153.035358",8
5215,TICKETLESS METER MULTISPACE,MAIN ST,KANGAROO POINT,4,NONE,MON-FRI,8AM-5PM,"Zone 1, 15 min free",4.5,,Main St between Scott St & Bright St in Kangaroo Point,7,0,,153.03533,-27.469071,4000805,,913,"{""coordinates"": [153.03533, -27.46907100000001], ""type"": ""Point""}","-27.46907100000001, 153.03533",7
5216,TICKETLESS METER MULTISPACE,MAIN ST,KANGAROO POINT,4,NONE,MON-FRI,8AM-5PM,"Zone 1, 15 min free",4.5,,Main St between Bright St & Mackenzie St in Kangaroo Point,13,0,,153.03531,-27.46802,4000811,,914,"{""coordinates"": [153.03531, -27.468020000000003], ""type"": ""Point""}","-27.468020000000003, 153.03531",13
5217,TICKETLESS METER MULTISPACE,MAIN ST,KANGAROO POINT,12,NONE,MON-FRI,7AM-7PM,"Zone 1, 15 min free",4.5,,Main St between Bright St & Mackenzie St in Kangaroo Point,9,0,,153.035295,-27.467387,4000812,18.25,915,"{""coordinates"": [153.035295, -27.467386999999995], ""type"": ""Point""}","-27.467386999999995, 153.035295",9
5218,TICKETLESS METER MULTISPACE,WICKLOW ST,KANGAROO POINT,12,NONE,MON-FRI,7AM-7PM,"Zone 1, 15 min free",4.5,,Main St between Mackenzie St & Wicklow St in Kangaroo Point,9,0,,153.035154,-27.46674,4000814,18.25,916,"{""coordinates"": [153.035154, -27.466740000000005], ""type"": ""Point""}","-27.466740000000005, 153.035154",9
5219,TICKETLESS METER MULTISPACE,WICKLOW ST,KANGAROO POINT,4,NONE,MON-FRI,8AM-5PM,"Zone 1, 15 min free",4.5,,Wicklow St between Annie St & Main St in Kangaroo Point,8,0,,153.034751,-27.466656,4000813,,917,"{""coordinates"": [153.034751, -27.466656000000004], ""type"": ""Point""}","-27.466656000000004, 153.034751",8
5220,TICKETLESS METER MULTISPACE,ANNIE ST,KANGAROO POINT,12,NONE,MON-FRI,7AM-7PM,"Zone 1, 15 min free",4.5,,Wicklow St between Annie St & Main St in Kangaroo Point,4,0,,153.034383,-27.466906,4000814,18.25,918,"{""coordinates"": [153.03438299999996, -27.466906], ""type"": ""Point""}","-27.466906, 153.03438299999996",4
5221,TICKETLESS METER MULTISPACE,MACKENZIE ST,KANGAROO POINT,4,NONE,MON-FRI,8AM-5PM,"Zone 1, 15 min free",4.5,,Mackenzie St between Annie St & Main St in Kangaroo Point,9,0,,153.035001,-27.467057,4000813,,919,"{""coordinates"": [153.035001, -27.46705700000001], ""type"": ""Point""}","-27.46705700000001, 153.035001",9
5223,PAY BY MOBILE APP ONLY,MACDONALD ST,KANGAROO POINT,4,NONE,MON-FRI,8AM-5PM,"Zone 1, 15 min free",4.5,,Macdonald St between Mackenzie St & Bright St in Kangaroo Point,15,0,,153.034289,-27.468298,4000809,,920,"{""coordinates"": [153.034289, -27.468298000000008], ""type"": ""Point""}","-27.468298000000008, 153.034289",15
5224,TICKETLESS METER MULTISPACE,BRIGHT ST,KANGAROO POINT,4,NONE,MON-FRI,8AM-5PM,"Zone 1, 15 min free",4.5,,Bright St between Macdonald St & Main St in Kangaroo Point,12,0,,153.034689,-27.468765,4000809,,921,"{""coordinates"": [153.03468900000001, -27.468764999999998], ""type"": ""Point""}","-27.468764999999998, 153.03468900000001",12
5225,TICKETLESS METER MULTISPACE,BRIGHT ST,KANGAROO POINT,12,NONE,MON-FRI,7AM-7PM,"Zone 1, 15 min free",4.5,,Bright St between Main St & Hamilton St in Kangaroo Point,6,0,,153.035052,-27.468865,4000818,18.25,922,"{""coordinates"": [153.035052, -27.46886500000001], ""type"": ""Point""}","-27.46886500000001, 153.035052",6
5226,TICKETLESS METER MULTISPACE,HAMILTON ST,KANGAROO POINT,4,NONE,MON-FRI,8AM-5PM,"Zone 1, 15 min free",4.5,,Hamilton St between End & Bright St in Kangaroo Point,15,0,,153.034431,-27.469607,4000808,,923,"{""coordinates"": [153.034431, -27.469606999999993], ""type"": ""Point""}","-27.469606999999993, 153.034431",15
5229,TICKETLESS METER MULTISPACE,WHARF ST,KANGAROO POINT,3,NONE,MON-FRI,8AM-5PM,"Zone 1, 15 min free",6.85,,Wharf St between Main St & End in Kangaroo Point,7,0,,153.036222,-27.46793,4000823,,924,"{""coordinates"": [153.036222, -27.467930000000003], ""type"": ""Point""}","-27.467930000000003, 153.036222",7
5230,TICKETLESS METER MULTISPACE,WHARF ST,KANGAROO POINT,4,NONE,MON-FRI,8AM-5PM,"Zone 1, 15 min free",4.5,,Wharf St between End & Main St in Kangaroo Point,9,0,,153.036719,-27.46803,4000819,,925,"{""coordinates"": [153.036719, -27.468030000000017], ""type"": ""Point""}","-27.468030000000017, 153.036719",9
5231,TICKETLESS METER MULTISPACE,WHARF ST,KANGAROO POINT,3,NONE,MON-FRI,8AM-5PM,"Zone 1, 15 min free",6.85,,Wharf St between End & Main St in Kangaroo Point,2,0,,153.035718,-27.468045,4000823,,926,"{""coordinates"": [153.035718, -27.468045], ""type"": ""Point""}","-27.468045, 153.035718",2
5232,TICKETLESS METER MULTISPACE,BAILDON ST,KANGAROO POINT,3,NONE,MON-FRI,8AM-5PM,"Zone 1, 15 min free",6.85,,Baildon St between Main St & End in Kangaroo Point,4,0,,153.03612,-27.46852,4000821,,927,"{""coordinates"": [153.03612, -27.468519999999994], ""type"": ""Point""}","-27.468519999999994, 153.03612",4
5233,TICKETLESS METER MULTISPACE,BAILDON ST,KANGAROO POINT,4,NONE,MON-FRI,8AM-5PM,"Zone 1, 15 min free",4.5,,Baildon St between End & Deakin St in Kangaroo Point,4,0,,153.036497,-27.468621,4000822,,928,"{""coordinates"": [153.036497, -27.468621000000013], ""type"": ""Point""}","-27.468621000000013, 153.036497",4
5234,TICKETLESS METER MULTISPACE,DEAKIN ST,KANGAROO POINT,3,NONE,MON-FRI,8AM-5PM,"Zone 1, 15 min free",6.85,,Deakin St between Baldon St & Rotherham St in Kangaroo Point,10,0,,153.036156,-27.46895,4000821,,929,"{""coordinates"": [153.03615599999998, -27.468949999999992], ""type"": ""Point""}","-27.468949999999992, 153.03615599999998",10
5235,TICKETLESS METER MULTISPACE,ROTHERHAM ST,KANGAROO POINT,3,NONE,MON-FRI,8AM-5PM,"Zone 1, 15 min free",6.85,,Rotherham St between Deakin St & Goodwin St in Kangaroo Point,8,0,,153.036762,-27.469118,4000804,,930,"{""coordinates"": [153.036762, -27.469117999999995], ""type"": ""Point""}","-27.469117999999995, 153.036762",8
5236,TICKETLESS METER MULTISPACE,ROTHERHAM ST,KANGAROO POINT,3,NONE,MON-FRI,8AM-5PM,"Zone 1, 15 min free",6.85,,Rotherham St between Goodwin St & Deakin St in Kangaroo Point,5,0,,153.037054,-27.469239,4000804,,931,"{""coordinates"": [153.037054, -27.469239000000016], ""type"": ""Point""}","-27.469239000000016, 153.037054",5
5238,TICKETLESS METER MULTISPACE,GOODWIN ST,KANGAROO POINT,4,NONE,MON-FRI,8AM-5PM,"Zone 1, 15 min free",4.5,,Goodwin St between Rotherham St & Darragh St in Kangaroo Point,21,0,,153.037246,-27.46978,4000803,,932,"{""coordinates"": [153.037246, -27.46977999999999], ""type"": ""Point""}","-27.46977999999999, 153.037246",21
5240,TICKETLESS METER MULTISPACE,DARRAGH ST,KANGAROO POINT,4,NONE,MON-FRI,8AM-5PM,"Zone 1, 15 min free",4.5,,Darragh St between Deakin St & Goodwin St in Kangaroo Point,8,0,,153.036672,-27.470771,4000803,,933,"{""coordinates"": [153.036672, -27.470771000000017], ""type"": ""Point""}","-27.470771000000017, 153.036672",8
5241,TICKETLESS METER MULTISPACE,DEAKIN ST,KANGAROO POINT,12,NONE,MON-FRI,7AM-7PM,"Zone 1, 15 min free",4.5,,Deakin St between Rotherham St & Darragh St in Kangaroo Point,9,0,,153.036113,-27.469697,4000807,18.25,934,"{""coordinates"": [153.036113, -27.469696999999993], ""type"": ""Point""}","-27.469696999999993, 153.036113",9
5243,TICKETLESS METER MULTISPACE,PIXLEY ST,KANGAROO POINT,3,NONE,MON-FRI,8AM-5PM,"Zone 1, 15 min free",6.85,,Pixley St between End & Thornton St in Kangaroo Point,7,0,,153.034781,-27.471848,4000802,,935,"{""coordinates"": [153.034781, -27.471848], ""type"": ""Point""}","-27.471848, 153.034781",7
5244,TICKETLESS METER MULTISPACE,RIVER TCE,KANGAROO POINT,3,NONE,MON-FRI,7AM-7PM,"Zone 2, 15 min free",4.95,,River Tce between Leopard St & Main St in Kangaroo Point,9,0,,153.035065,-27.476897,4000801,,936,"{""coordinates"": [153.03506499999997, -27.47689699999999], ""type"": ""Point""}","-27.47689699999999, 153.03506499999997",9
5245,PAY BY MOBILE APP ONLY,RIVER TCE,KANGAROO POINT,3,NONE,MON-FRI,7AM-7PM,"Zone 2, 15 min free",4.95,,River Tce Between Paton St and Main St Kangaroo Point,40,0,,153.034988,-27.477105,4000801,,937,"{""coordinates"": [153.03498799999997, -27.477105000000023], ""type"": ""Point""}","-27.477105000000023, 153.03498799999997",40
5264,TICKETLESS METER MULTISPACE,LOGAN RD,WOOLLOONGABBA,2,NONE,MON-FRI,7AM-7PM,"Zone 1, 15 min free",6.85,,Logan Rd between Jurgens St & Stanley St in Woolloongabba,22,0,,153.036876,-27.487295,4000732,,938,"{""coordinates"": [153.036876, -27.48729500000001], ""type"": ""Point""}","-27.48729500000001, 153.036876",22
5300,TICKETLESS METER MULTISPACE,LOGAN RD,WOOLLOONGABBA,2,NONE,MON-FRI,7AM-7PM,"Zone 1, 15 min free",6.85,,Logan Rd between Jurgens St & Stanley St in Woolloongabba,21,0,,153.036517,-27.487027,4000732,,939,"{""coordinates"": [153.036517, -27.487026999999994], ""type"": ""Point""}","-27.487026999999994, 153.036517",21
5332,PAY BY MOBILE APP ONLY,WHARF ST,KANGAROO POINT,3,,7 DAYS,"7AM-10PM MON-FRI, 7AM-7PM SAT-SUN","Zone 1, 15 min free",6.85,3.7,,42,0,,153.035932,-27.468172,4000820,,940,"{""coordinates"": [153.035932, -27.468171999999996], ""type"": ""Point""}","-27.468171999999996, 153.035932",42
5334,TICKETLESS METER MULTISPACE,SIDON ST,SOUTH BRISBANE,2,NONE,7 DAYS,"7AM-7PM,7PM-10PM(MON-FRI),7AM-7PM(SAT,SUN)","Zone 1, 15 min free",6.85,3.7,Sidon St between Grey St & Stanley St in South Brisbane,9,0,,153.02484,-27.482191,4000135,,941,"{""coordinates"": [153.02484, -27.482191000000007], ""type"": ""Point""}","-27.482191000000007, 153.02484",9
5335,TICKETLESS METER MULTISPACE,GREY ST,SOUTH BRISBANE,2,NONE,7 DAYS,"7AM-7PM,7PM-10PM(MON-FRI),7AM-7PM(SAT,SUN)","Zone 1, 15 min free",6.85,3.7,Sidon St between Grey St & Stanley St in South Brisbane,14,0,,153.023426,-27.48152,4000132,,942,"{""coordinates"": [153.023426, -27.48152], ""type"": ""Point""}","-27.48152, 153.023426",14
5337,TICKETLESS METER MULTISPACE,GREY ST,SOUTH BRISBANE,2,NONE,7 DAYS,"7AM-7PM,7PM-10PM(MON-FRI),7AM-7PM(SAT,SUN)","Zone 1, 15 min free",6.85,3.7,Grey St between Tribune St & Ernest St in South Brisbane,7,0,,153.022671,-27.480372,4000133,,943,"{""coordinates"": [153.02267100000003, -27.480372000000017], ""type"": ""Point""}","-27.480372000000017, 153.02267100000003",7
5339,TICKETLESS METER MULTISPACE,GREY ST,SOUTH BRISBANE,2,NONE,7 DAYS,"7AM-7PM,7PM-10PM(MON-FRI),7AM-7PM(SAT,SUN)","Zone 1, 15 min free",6.85,3.7,Grey St between Glenelg St & Ernest St in South Brisbane,5,0,,153.021224,-27.477944,4000130,,944,"{""coordinates"": [153.021224, -27.477944000000008], ""type"": ""Point""}","-27.477944000000008, 153.021224",5
5340,TICKETLESS METER MULTISPACE,GREY ST,SOUTH BRISBANE,2,NONE,7 DAYS,"7AM-7PM,7PM-10PM(MON-FRI),7AM-7PM(SAT,SUN)","Zone 1, 15 min free",6.85,3.7,Grey St between Glenelg St & Ernest St in South Brisbane,5,0,,153.02144,-27.478239,4000130,,945,"{""coordinates"": [153.02144, -27.478238999999977], ""type"": ""Point""}","-27.478238999999977, 153.02144",5
